text,label
New joiners का orientation tomorrow morning है।,ham
Mutual fund advisor: हमारे fund में invest करें। Annual 45% return guaranteed।,spam
"Papa, गाड़ी का insurance renew हो गया।",ham
आज का दिन बहुत अच्छा था! खुश हूँ बहुत।,ham
Electricity bill ₹850 का आया है। Pay कर देना।,ham
Happy Anniversary! हमेशा खुश रहो।,ham
"Neighbour के यहाँ function है, evening में जाएंगे।",ham
"बेटा, रात को ठंड है, jacket पहन कर निकलना।",ham
कल football खेलने जाना है? Team ready है।,ham
PhonePe alert: आपके account में suspicious login detect हुई। Verify करें: phonepe-secure.in,spam
"Google Pay: आपको ₹1,200 का cashback मिला है। 24 घंटे में claim नहीं किया तो expire हो जाएगा।",spam
कल football खेलने जाना है? Team ready है।,ham
"Client meeting postpone हो गई, Friday को होगी।",ham
Driving License Authority: आपका license expire होने वाला है। Online renew करें ₹150 fee के साथ।,spam
Election Commission: आपका voter ID update आवश्यक है। OTP के साथ verify करें।,spam
"छोटू, homework कर लिया? आज exam है ना।",ham
कल football खेलने जाना है? Team ready है।,ham
IRCTC: आपकी Tatkal ticket automatically cancel हो गई। Refund के लिए bank details confirm करें।,spam
"Dost, birthday party 7 बजे है। आना मत भूलना।",ham
IRCTC: आपकी Tatkal ticket automatically cancel हो गई। Refund के लिए bank details confirm करें।,spam
"Bhai, शादी की shopping कब करने जाएं?",ham
"Bhai, शादी की shopping कब करने जाएं?",ham
"Bhai, घर का light bill pay हो गया क्या?",ham
"Income Tax Department: आपका ₹18,500 का refund pending है। Account details update करें।",spam
Online tutor चाहिए। ₹500 per hour। Registration के लिए ₹300 का form fill करें।,spam
"Dost, birthday party 7 बजे है। आना मत भूलना।",ham
Scooter servicing के लिए garage ले जाओ।,ham
"बेटा, रात को ठंड है, jacket पहन कर निकलना।",ham
WhatsApp warning: आपका account ban होने वाला है। Verify करने के लिए OTP forward करें।,spam
"Yaar, semester की marksheet आ गई। अच्छे marks हैं।",ham
"Raincoat ले जाओ, बारिश का forecast है।",ham
"Neighbour के यहाँ function है, evening में जाएंगे।",ham
Flipkart Diwali Offer: आपके order पर surprise gift select हुआ। Claim करने के लिए यहाँ click करें।,spam
"Bank of Baroda: आपकी FD mature हो गई है। ₹50,000 release करने के लिए processing fee ₹500 भरें।",spam
Scooter servicing के लिए garage ले जाओ।,ham
"Yaar, कल cricket match देखने चलना है। Ground पर।",ham
कल football खेलने जाना है? Team ready है।,ham
कल football खेलने जाना है? Team ready है।,ham
बधाई हो! आपका mobile number KBC lucky draw में select हुआ। ₹25 lakh जीतें। अभी call करें।,spam
"Google Pay: आपको ₹1,200 का cashback मिला है। 24 घंटे में claim नहीं किया तो expire हो जाएगा।",spam
"Bhai, canteen में मिलते हैं lunch के time।",ham
आज बाजार से दूध और सब्जी लेते आना।,ham
"Bhai, शादी की shopping कब करने जाएं?",ham
नई job का first day था। Colleagues अच्छे हैं।,ham
Meeting 11 बजे conference room में है।,ham
"Didi, तुम्हारे लिए Lucknow से special मिठाई लाया हूँ।",ham
"Client meeting postpone हो गई, Friday को होगी।",ham
"Client meeting postpone हो गई, Friday को होगी।",ham
"Yaar, project की deadline कल है। Library में मिलो।",ham
"Bhai, घर का light bill pay हो गया क्या?",ham
"Bhai, hostel का mess food आज बहुत अच्छा था।",ham
"Papa, salary account में आ गई। Bills pay कर दो।",ham
Apple ID Alert: आपका iCloud storage full है। Data delete होने से पहले यहाँ backup करें।,spam
"बेटा, रात को ठंड है, jacket पहन कर निकलना।",ham
Flipkart Diwali Offer: आपके order पर surprise gift select हुआ। Claim करने के लिए यहाँ click करें।,spam
Ayushman Bharat: आपका health card ready है। Activate करने के लिए Aadhaar OTP दें।,spam
Doctor का appointment 10 बजे है। साथ चलोगे?,ham
"Bhai, canteen में मिलते हैं lunch के time।",ham
Office का Wi-Fi maintenance के लिए 2 घंटे बंद रहेगा।,ham
आज का दिन बहुत अच्छा था! खुश हूँ बहुत।,ham
Project का deadline extend हो गया है 2 दिन।,ham
Amazon Great Indian Sale: आप winner हैं! MacBook Pro जीता। Delivery के लिए ₹299 shipping fee भरें।,spam
UIDAI Notice: आपका Aadhaar किसी और के mobile से link हो गया है। Fix करने के लिए call करें।,spam
"Yaar, नई movie देखी? Reviews बहुत अच्छे हैं।",ham
"Train 20 minutes late है, platform 4 पर है।",ham
"Beta, यह Sharma uncle बोल रहे हैं। Emergency है। ₹10,000 इस account में transfer कर दो।",spam
"Client meeting postpone हो गई, Friday को होगी।",ham
Congratulations on promotion! बहुत मेहनत की तुमने।,ham
"भैया, कल का program confirm है ना? Time बताओ।",ham
"Train 20 minutes late है, platform 4 पर है।",ham
"Client meeting postpone हो गई, Friday को होगी।",ham
"Library book return करनी है, deadline है।",ham
Electricity bill ₹850 का आया है। Pay कर देना।,ham
"माँ, दादी की दवाई pharmacy से ले आई हूँ।",ham
बहुत थक गया हूँ आज। घर जाकर सोना है।,ham
आज बाजार से दूध और सब्जी लेते आना।,ham
"भैया, कल का program confirm है ना? Time बताओ।",ham
Happy Anniversary! हमेशा खुश रहो।,ham
"Miss you yaar, कब मिलोगे?",ham
"Take care, travel safe.",ham
"Yaar, project की deadline कल है। Library में मिलो।",ham
"Annual leave apply की है, approve हो जाएगी।",ham
"Papa, salary account में आ गई। Bills pay कर दो।",ham
"EPF Department: आपके PF account में error है। ₹45,000 release के लिए online verify करें।",spam
Happy Anniversary! हमेशा खुश रहो।,ham
"Papa, गाड़ी का insurance renew हो गया।",ham
"Raincoat ले जाओ, बारिश का forecast है।",ham
"Didi, तुम्हारे लिए Lucknow से special मिठाई लाया हूँ।",ham
"Bank of Baroda: आपकी FD mature हो गई है। ₹50,000 release करने के लिए processing fee ₹500 भरें।",spam
आज बाजार से दूध और सब्जी लेते आना।,ham
PM Awas Yojana: आपका नाम list में है। ₹2.5 lakh की subsidy पाने के लिए registration करें।,spam
Exam में अच्छे marks आए! माँ बहुत खुश हैं।,ham
Office का Wi-Fi maintenance के लिए 2 घंटे बंद रहेगा।,ham
"Client meeting postpone हो गई, Friday को होगी।",ham
"Bhai, exam कैसा गया? Result कब आएगा?",ham
"Annual leave apply की है, approve हो जाएगी।",ham
"Yaar, नई movie देखी? Reviews बहुत अच्छे हैं।",ham
"Take care, travel safe.",ham
Exam में अच्छे marks आए! माँ बहुत खुश हैं।,ham
"Sir, report आज शाम तक submit हो जाएगी।",ham
"Bhai, शादी की shopping कब करने जाएं?",ham
Electricity bill ₹850 का आया है। Pay कर देना।,ham
"Bhai, exam कैसा गया? Result कब आएगा?",ham
Swiggy Order lucky customer: free meal voucher जीता! Redeem करने के लिए इस link पर जाएं।,spam
"Bhai, canteen में मिलते हैं lunch के time।",ham
"Papa, गाड़ी का insurance renew हो गया।",ham
"आज बारिश में भीग गया, मजा आया!",ham
आज बाजार से दूध और सब्जी लेते आना।,ham
"भैया, कल का program confirm है ना? Time बताओ।",ham
"HDFC BANK: आपके account में ₹15,000 की unauthorized entry हुई। तुरंत 9876543210 पर call करें।",spam
"Raincoat ले जाओ, बारिश का forecast है।",ham
Electricity bill ₹850 का आया है। Pay कर देना।,ham
Exam में अच्छे marks आए! माँ बहुत खुश हैं।,ham
Office का Wi-Fi maintenance के लिए 2 घंटे बंद रहेगा।,ham
"Data entry job: घर बैठे काम करें। Daily 2-3 घंटे। Monthly ₹25,000। Training fee ₹1,500।",spam
"HDFC BANK: आपके account में ₹15,000 की unauthorized entry हुई। तुरंत 9876543210 पर call करें।",spam
Scooter servicing के लिए garage ले जाओ।,ham
Driving License Authority: आपका license expire होने वाला है। Online renew करें ₹150 fee के साथ।,spam
"Dost, birthday party 7 बजे है। आना मत भूलना।",ham
"छोटू, homework कर लिया? आज exam है ना।",ham
"HDFC BANK: आपके account में ₹15,000 की unauthorized entry हुई। तुरंत 9876543210 पर call करें।",spam
New joiners का orientation tomorrow morning है।,ham
New joiners का orientation tomorrow morning है।,ham
बच्चे का school tomorrow closed है।,ham
"Team lunch cancel हो गया, boss बाहर हैं।",ham
"Team lunch cancel हो गया, boss बाहर हैं।",ham
Get well soon. जल्दी ठीक हो जाओ।,ham
"Dost, birthday party 7 बजे है। आना मत भूलना।",ham
बच्चे का school tomorrow closed है।,ham
Happy Anniversary! हमेशा खुश रहो।,ham
"Miss you yaar, कब मिलोगे?",ham
UIDAI Notice: आपका Aadhaar किसी और के mobile से link हो गया है। Fix करने के लिए call करें।,spam
Jio Dhan Dhana Dhan: 1 साल की free service जीती आपने! Activate करने के लिए OTP दें।,spam
Scooter servicing के लिए garage ले जाओ।,ham
Happy Anniversary! हमेशा खुश रहो।,ham
"MLM business: ₹5,000 invest करें और ₹50,000 monthly कमाएं। Team join करें आज ही।",spam
"Train 20 minutes late है, platform 4 पर है।",ham
Office का Wi-Fi maintenance के लिए 2 घंटे बंद रहेगा।,ham
"माँ, दादी की दवाई pharmacy से ले आई हूँ।",ham
आज बाजार से दूध और सब्जी लेते आना।,ham
"Dost, internship के लिए apply किया? Last date है कल।",ham
Meeting 11 बजे conference room में है।,ham
"Annual leave apply की है, approve हो जाएगी।",ham
"Papa, गाड़ी का insurance renew हो गया।",ham
Congratulations on promotion! बहुत मेहनत की तुमने।,ham
"Work from home opportunity: घर बैठे daily ₹2,000 कमाएं। Registration के लिए ₹500 invest करें।",spam
"Interview 3 बजे है, थोड़ा पहले पहुंच जाएं।",ham
Election Commission: आपका voter ID update आवश्यक है। OTP के साथ verify करें।,spam
Ayushman Bharat: आपका health card ready है। Activate करने के लिए Aadhaar OTP दें।,spam
"Data entry job: घर बैठे काम करें। Daily 2-3 घंटे। Monthly ₹25,000। Training fee ₹1,500।",spam
"Papa, salary account में आ गई। Bills pay कर दो।",ham
आज का दिन बहुत अच्छा था! खुश हूँ बहुत।,ham
Doctor का appointment 10 बजे है। साथ चलोगे?,ham
"Zomato anniversary offer: आपने ₹500 का voucher जीता! 2 घंटे में expire होगा, अभी use करें।",spam
"आज घर पर guests आ रहे हैं, जल्दी आ जाओ।",ham
नई job का first day था। Colleagues अच्छे हैं।,ham
"Team lunch cancel हो गया, boss बाहर हैं।",ham
"माँ, आज देर से आऊंगा। रात का खाना मत रखना।",ham
"Take care, travel safe.",ham
Jio Dhan Dhana Dhan: 1 साल की free service जीती आपने! Activate करने के लिए OTP दें।,spam
"भैया, कल का program confirm है ना? Time बताओ।",ham
Happy Anniversary! हमेशा खुश रहो।,ham
"Dost, internship के लिए apply किया? Last date है कल।",ham
"Bhai, घर का light bill pay हो गया क्या?",ham
Project का deadline extend हो गया है 2 दिन।,ham
"छोटू, homework कर लिया? आज exam है ना।",ham
"Library book return करनी है, deadline है।",ham
"Bhai, exam कैसा गया? Result कब आएगा?",ham
"Bank of Baroda: आपकी FD mature हो गई है। ₹50,000 release करने के लिए processing fee ₹500 भरें।",spam
"Crypto investment: ₹1,000 invest करें, 30 दिन में ₹15,000 guaranteed। Trusted platform।",spam
"आपने online survey complete किया। ₹3,500 का reward मिला है। Claim करने के लिए account details दें।",spam
"Team lunch cancel हो गया, boss बाहर हैं।",ham
Election Commission: आपका voter ID update आवश्यक है। OTP के साथ verify करें।,spam
Scooter servicing के लिए garage ले जाओ।,ham
"Raincoat ले जाओ, बारिश का forecast है।",ham
"Papa, salary account में आ गई। Bills pay कर दो।",ham
IRCTC: आपकी Tatkal ticket automatically cancel हो गई। Refund के लिए bank details confirm करें।,spam
"Beta, यह Sharma uncle बोल रहे हैं। Emergency है। ₹10,000 इस account में transfer कर दो।",spam
"Axis Bank Alert: आपके account से ₹8,500 debit हुए। यदि आपने नहीं किया तो 1800-XXX पर call करें।",spam
आज बाजार से दूध और सब्जी लेते आना।,ham
"भैया, कल का program confirm है ना? Time बताओ।",ham
नई job का first day था। Colleagues अच्छे हैं।,ham
Get well soon. जल्दी ठीक हो जाओ।,ham
"Yaar, project की deadline कल है। Library में मिलो।",ham
PM Awas Yojana: आपका नाम list में है। ₹2.5 lakh की subsidy पाने के लिए registration करें।,spam
"Sir, report आज शाम तक submit हो जाएगी।",ham
"Train 20 minutes late है, platform 4 पर है।",ham
आज का दिन बहुत अच्छा था! खुश हूँ बहुत।,ham
IRCTC: आपकी Tatkal ticket automatically cancel हो गई। Refund के लिए bank details confirm करें।,spam
State Government lottery: ticket number 4521 winner है। ₹10 lakh का prize claim करें।,spam
Swiggy Order lucky customer: free meal voucher जीता! Redeem करने के लिए इस link पर जाएं।,spam
"माँ, दादी की दवाई pharmacy से ले आई हूँ।",ham
"GST Department: आपके business पर ₹12,000 का penalty लगाया गया है। 7 दिन में pay करें।",spam
IRCTC: आपकी Tatkal ticket automatically cancel हो गई। Refund के लिए bank details confirm करें।,spam
"Yaar, project की deadline कल है। Library में मिलो।",ham
ICICI Bank: KYC incomplete है। आज रात 12 बजे तक update नहीं किया तो account freeze होगा।,spam
"छोटू, homework कर लिया? आज exam है ना।",ham
Project का deadline extend हो गया है 2 दिन।,ham
"Yaar, नई movie देखी? Reviews बहुत अच्छे हैं।",ham
Doctor का appointment 10 बजे है। साथ चलोगे?,ham
Project का deadline extend हो गया है 2 दिन।,ham
Amazon Great Indian Sale: आप winner हैं! MacBook Pro जीता। Delivery के लिए ₹299 shipping fee भरें।,spam
Ayushman Bharat: आपका health card ready है। Activate करने के लिए Aadhaar OTP दें।,spam
PhonePe alert: आपके account में suspicious login detect हुई। Verify करें: phonepe-secure.in,spam
"Annual leave apply की है, approve हो जाएगी।",ham
"माँ, आज देर से आऊंगा। रात का खाना मत रखना।",ham
"Client meeting postpone हो गई, Friday को होगी।",ham
"Yaar, कल cricket match देखने चलना है। Ground पर।",ham
Doctor का appointment 10 बजे है। साथ चलोगे?,ham
Office का Wi-Fi maintenance के लिए 2 घंटे बंद रहेगा।,ham
"माँ, आज देर से आऊंगा। रात का खाना मत रखना।",ham
"Yaar, कल cricket match देखने चलना है। Ground पर।",ham
"Interview 3 बजे है, थोड़ा पहले पहुंच जाएं।",ham
"Yaar, semester की marksheet आ गई। अच्छे marks हैं।",ham
Apple ID Alert: आपका iCloud storage full है। Data delete होने से पहले यहाँ backup करें।,spam
"भैया, कल का program confirm है ना? Time बताओ।",ham
IRCTC: आपकी Tatkal ticket automatically cancel हो गई। Refund के लिए bank details confirm करें।,spam
"Dost, internship के लिए apply किया? Last date है कल।",ham
"Miss you yaar, कब मिलोगे?",ham
Happy Anniversary! हमेशा खुश रहो।,ham
Office का Wi-Fi maintenance के लिए 2 घंटे बंद रहेगा।,ham
नई job का first day था। Colleagues अच्छे हैं।,ham
Passport Seva: आपका passport application pending है। Documents upload करें अन्यथा reject होगा।,spam
"Amazon seller program: घर बैठे selling करें। ₹10,000 monthly guaranteed। Join fee ₹2,000।",spam
Happy Anniversary! हमेशा खुश रहो।,ham
Meeting 11 बजे conference room में है।,ham
"Respected sir, आपकी company में job चाहिए। Interview के लिए ₹500 registration fee है।",spam
"Didi, तुम्हारे लिए Lucknow से special मिठाई लाया हूँ।",ham
"Dost, internship के लिए apply किया? Last date है कल।",ham
"Work from home opportunity: घर बैठे daily ₹2,000 कमाएं। Registration के लिए ₹500 invest करें।",spam
PhonePe alert: आपके account में suspicious login detect हुई। Verify करें: phonepe-secure.in,spam
"माँ, आज देर से आऊंगा। रात का खाना मत रखना।",ham
"Neighbour के यहाँ function है, evening में जाएंगे।",ham
Ayushman Bharat: आपका health card ready है। Activate करने के लिए Aadhaar OTP दें।,spam
Electricity bill ₹850 का आया है। Pay कर देना।,ham
"Dost, birthday party 7 बजे है। आना मत भूलना।",ham
"Google Pay: आपको ₹1,200 का cashback मिला है। 24 घंटे में claim नहीं किया तो expire हो जाएगा।",spam
Electricity bill ₹850 का आया है। Pay कर देना।,ham
"Neighbour के यहाँ function है, evening में जाएंगे।",ham
"Bhai, शादी की shopping कब करने जाएं?",ham
Get well soon. जल्दी ठीक हो जाओ।,ham
"Dost, birthday party 7 बजे है। आना मत भूलना।",ham
"Didi, तुम्हारे लिए Lucknow से special मिठाई लाया हूँ।",ham
Project का deadline extend हो गया है 2 दिन।,ham
"आपने online survey complete किया। ₹3,500 का reward मिला है। Claim करने के लिए account details दें।",spam
WhatsApp warning: आपका account ban होने वाला है। Verify करने के लिए OTP forward करें।,spam
"आज बारिश में भीग गया, मजा आया!",ham
"आज बारिश में भीग गया, मजा आया!",ham
Electricity bill ₹850 का आया है। Pay कर देना।,ham
"Bhai, hostel का mess food आज बहुत अच्छा था।",ham
"माँ, दादी की दवाई pharmacy से ले आई हूँ।",ham
"Papa, salary account में आ गई। Bills pay कर दो।",ham
Project का deadline extend हो गया है 2 दिन।,ham
बच्चे का school tomorrow closed है।,ham
"आज घर पर guests आ रहे हैं, जल्दी आ जाओ।",ham
"Bhai, exam कैसा गया? Result कब आएगा?",ham
"Neighbour के यहाँ function है, evening में जाएंगे।",ham
"Yaar, project की deadline कल है। Library में मिलो।",ham
"Yaar, कल cricket match देखने चलना है। Ground पर।",ham
आज का दिन बहुत अच्छा था! खुश हूँ बहुत।,ham
Office का Wi-Fi maintenance के लिए 2 घंटे बंद रहेगा।,ham
IRCTC: आपकी Tatkal ticket automatically cancel हो गई। Refund के लिए bank details confirm करें।,spam
"Yaar, कल cricket match देखने चलना है। Ground पर।",ham
"Annual leave apply की है, approve हो जाएगी।",ham
आज का दिन बहुत अच्छा था! खुश हूँ बहुत।,ham
"Yaar, semester की marksheet आ गई। अच्छे marks हैं।",ham
"Share market tips: 100% accurate calls। First 3 calls free। Premium membership ₹2,000/month।",spam
"Yaar, semester की marksheet आ गई। अच्छे marks हैं।",ham
Exam में अच्छे marks आए! माँ बहुत खुश हैं।,ham
"Bhai, exam कैसा गया? Result कब आएगा?",ham
Election Commission: आपका voter ID update आवश्यक है। OTP के साथ verify करें।,spam
Office का Wi-Fi maintenance के लिए 2 घंटे बंद रहेगा।,ham
"Didi, तुम्हारे लिए Lucknow से special मिठाई लाया हूँ।",ham
Doctor का appointment 10 बजे है। साथ चलोगे?,ham
Meeting 11 बजे conference room में है।,ham
"Didi, तुम्हारे लिए Lucknow से special मिठाई लाया हूँ।",ham
New joiners का orientation tomorrow morning है।,ham
"Bhai, hostel का mess food आज बहुत अच्छा था।",ham
आपके phone में dangerous virus detect हुआ। Data safe रखने के लिए यह app install करें।,spam
"EPF Department: आपके PF account में error है। ₹45,000 release के लिए online verify करें।",spam
"Library book return करनी है, deadline है।",ham
कल football खेलने जाना है? Team ready है।,ham
"Zomato anniversary offer: आपने ₹500 का voucher जीता! 2 घंटे में expire होगा, अभी use करें।",spam
Office का Wi-Fi maintenance के लिए 2 घंटे बंद रहेगा।,ham
"Dost, internship के लिए apply किया? Last date है कल।",ham
"Annual leave apply की है, approve हो जाएगी।",ham
"Bhai, hostel का mess food आज बहुत अच्छा था।",ham
"Interview 3 बजे है, थोड़ा पहले पहुंच जाएं।",ham
"Dear Customer, आपकी net banking 24 घंटे में expire होगी। अभी renew करें bit.ly/sbi-renew",spam
Scooter servicing के लिए garage ले जाओ।,ham
"Bhai, घर का light bill pay हो गया क्या?",ham
नई job का first day था। Colleagues अच्छे हैं।,ham
IRCTC: आपकी Tatkal ticket automatically cancel हो गई। Refund के लिए bank details confirm करें।,spam
नई job का first day था। Colleagues अच्छे हैं।,ham
"माँ, आज देर से आऊंगा। रात का खाना मत रखना।",ham
Quarterly review next week schedule हुई है।,ham
आज का दिन बहुत अच्छा था! खुश हूँ बहुत।,ham
"Didi, तुम्हारे लिए Lucknow से special मिठाई लाया हूँ।",ham
"Interview 3 बजे है, थोड़ा पहले पहुंच जाएं।",ham
"Neighbour के यहाँ function है, evening में जाएंगे।",ham
"Yaar, project की deadline कल है। Library में मिलो।",ham
"Bhai, canteen में मिलते हैं lunch के time।",ham
"Papa, गाड़ी का insurance renew हो गया।",ham
नई job का first day था। Colleagues अच्छे हैं।,ham
"Share market tips: 100% accurate calls। First 3 calls free। Premium membership ₹2,000/month।",spam
"Neighbour के यहाँ function है, evening में जाएंगे।",ham
Office का Wi-Fi maintenance के लिए 2 घंटे बंद रहेगा।,ham
ICICI Bank: KYC incomplete है। आज रात 12 बजे तक update नहीं किया तो account freeze होगा।,spam
बधाई हो! आपका mobile number KBC lucky draw में select हुआ। ₹25 lakh जीतें। अभी call करें।,spam
State Government lottery: ticket number 4521 winner है। ₹10 lakh का prize claim करें।,spam
Happy Anniversary! हमेशा खुश रहो।,ham
Online tutor चाहिए। ₹500 per hour। Registration के लिए ₹300 का form fill करें।,spam
"माँ, दादी की दवाई pharmacy से ले आई हूँ।",ham
IRCTC: आपकी Tatkal ticket automatically cancel हो गई। Refund के लिए bank details confirm करें।,spam
"Library book return करनी है, deadline है।",ham
Office का Wi-Fi maintenance के लिए 2 घंटे बंद रहेगा।,ham
"Bhai, hostel का mess food आज बहुत अच्छा था।",ham
"EPF Department: आपके PF account में error है। ₹45,000 release के लिए online verify करें।",spam
PM Awas Yojana: आपका नाम list में है। ₹2.5 lakh की subsidy पाने के लिए registration करें।,spam
Office का Wi-Fi maintenance के लिए 2 घंटे बंद रहेगा।,ham
"Respected sir, आपकी company में job चाहिए। Interview के लिए ₹500 registration fee है।",spam
Reliance Digital: आप lucky winner हैं! iPhone 15 जीता। Collect करने के लिए registration fee भरें।,spam
"Dear Customer, आपकी net banking 24 घंटे में expire होगी। अभी renew करें bit.ly/sbi-renew",spam
Electricity bill ₹850 का आया है। Pay कर देना।,ham
"Take care, travel safe.",ham
"Bhai, शादी की shopping कब करने जाएं?",ham
Quarterly review next week schedule हुई है।,ham
"छोटू, homework कर लिया? आज exam है ना।",ham
"Bhai, exam कैसा गया? Result कब आएगा?",ham
"भैया, कल का program confirm है ना? Time बताओ।",ham
"Interview 3 बजे है, थोड़ा पहले पहुंच जाएं।",ham
"Sir, report आज शाम तक submit हो जाएगी।",ham
"Client meeting postpone हो गई, Friday को होगी।",ham
"आपके Paytm account से ₹2,000 का unauthorized transaction हुआ। Cancel करने के लिए OTP दें।",spam
"Sir, report आज शाम तक submit हो जाएगी।",ham
"Yaar, semester की marksheet आ गई। अच्छे marks हैं।",ham
"प्रिय ग्राहक, आपका SBI खाता अस्थायी रूप से बंद कर दिया गया है। OTP दर्ज करें: sbi-kyc.com",spam
"माँ, दादी की दवाई pharmacy से ले आई हूँ।",ham
"प्रिय ग्राहक, आपका SBI खाता अस्थायी रूप से बंद कर दिया गया है। OTP दर्ज करें: sbi-kyc.com",spam
Online tutor चाहिए। ₹500 per hour। Registration के लिए ₹300 का form fill करें।,spam
Online tutor चाहिए। ₹500 per hour। Registration के लिए ₹300 का form fill करें।,spam
Election Commission: आपका voter ID update आवश्यक है। OTP के साथ verify करें।,spam
"Yaar, project की deadline कल है। Library में मिलो।",ham
Get well soon. जल्दी ठीक हो जाओ।,ham
"Amazon seller program: घर बैठे selling करें। ₹10,000 monthly guaranteed। Join fee ₹2,000।",spam
"Bhai, शादी की shopping कब करने जाएं?",ham
"Papa, गाड़ी का insurance renew हो गया।",ham
आपका UPI PIN 3 बार गलत enter हुआ। Account lock से बचने के लिए अभी verify करें।,spam
"HDFC BANK: आपके account में ₹15,000 की unauthorized entry हुई। तुरंत 9876543210 पर call करें।",spam
"Crypto investment: ₹1,000 invest करें, 30 दिन में ₹15,000 guaranteed। Trusted platform।",spam
Ayushman Bharat: आपका health card ready है। Activate करने के लिए Aadhaar OTP दें।,spam
"Respected sir, आपकी company में job चाहिए। Interview के लिए ₹500 registration fee है।",spam
"Team lunch cancel हो गया, boss बाहर हैं।",ham
"Neighbour के यहाँ function है, evening में जाएंगे।",ham
Quarterly review next week schedule हुई है।,ham
Swiggy Order lucky customer: free meal voucher जीता! Redeem करने के लिए इस link पर जाएं।,spam
"बेटा, रात को ठंड है, jacket पहन कर निकलना।",ham
Quarterly review next week schedule हुई है।,ham
Meeting 11 बजे conference room में है।,ham
BSNL Monthly Lucky Draw: आपका number ₹5 lakh के लिए select हुआ। details@bsnl-lucky.in पर mail करें।,spam
Microsoft Support: आपका Windows license expire हो गया। ₹800 में renew करें।,spam
"Raincoat ले जाओ, बारिश का forecast है।",ham
"आज घर पर guests आ रहे हैं, जल्दी आ जाओ।",ham
"Yaar, नई movie देखी? Reviews बहुत अच्छे हैं।",ham
आज बाजार से दूध और सब्जी लेते आना।,ham
Quarterly review next week schedule हुई है।,ham
"Yaar, semester की marksheet आ गई। अच्छे marks हैं।",ham
"Client meeting postpone हो गई, Friday को होगी।",ham
ICICI Bank: KYC incomplete है। आज रात 12 बजे तक update नहीं किया तो account freeze होगा।,spam
"Papa, salary account में आ गई। Bills pay कर दो।",ham
"Team lunch cancel हो गया, boss बाहर हैं।",ham
PhonePe alert: आपके account में suspicious login detect हुई। Verify करें: phonepe-secure.in,spam
आज का दिन बहुत अच्छा था! खुश हूँ बहुत।,ham
"Didi, तुम्हारे लिए Lucknow से special मिठाई लाया हूँ।",ham
"Team lunch cancel हो गया, boss बाहर हैं।",ham
"Share market tips: 100% accurate calls। First 3 calls free। Premium membership ₹2,000/month।",spam
"Bhai, hostel का mess food आज बहुत अच्छा था।",ham
"दोस्त, मेरा wallet गुम हो गया। Station पर हूँ। ₹500 UPI कर दो, घर पहुंचकर return करता हूँ।",spam
"Sir, report आज शाम तक submit हो जाएगी।",ham
Exam में अच्छे marks आए! माँ बहुत खुश हैं।,ham
बधाई हो! आपका mobile number KBC lucky draw में select हुआ। ₹25 lakh जीतें। अभी call करें।,spam
Office का Wi-Fi maintenance के लिए 2 घंटे बंद रहेगा।,ham
PhonePe alert: आपके account में suspicious login detect हुई। Verify करें: phonepe-secure.in,spam
"Amazon seller program: घर बैठे selling करें। ₹10,000 monthly guaranteed। Join fee ₹2,000।",spam
"Bhai, घर का light bill pay हो गया क्या?",ham
बच्चे का school tomorrow closed है।,ham
"Yaar, project की deadline कल है। Library में मिलो।",ham
"Bhai, canteen में मिलते हैं lunch के time।",ham
Reliance Digital: आप lucky winner हैं! iPhone 15 जीता। Collect करने के लिए registration fee भरें।,spam
Congratulations on promotion! बहुत मेहनत की तुमने।,ham
बधाई हो! आपका mobile number KBC lucky draw में select हुआ। ₹25 lakh जीतें। अभी call करें।,spam
"दोस्त, मेरा wallet गुम हो गया। Station पर हूँ। ₹500 UPI कर दो, घर पहुंचकर return करता हूँ।",spam
BSNL Monthly Lucky Draw: आपका number ₹5 lakh के लिए select हुआ। details@bsnl-lucky.in पर mail करें।,spam
"Yaar, नई movie देखी? Reviews बहुत अच्छे हैं।",ham
"Dost, birthday party 7 बजे है। आना मत भूलना।",ham
Quarterly review next week schedule हुई है।,ham
Amazon Great Indian Sale: आप winner हैं! MacBook Pro जीता। Delivery के लिए ₹299 shipping fee भरें।,spam
Election Commission: आपका voter ID update आवश्यक है। OTP के साथ verify करें।,spam
"Share market tips: 100% accurate calls। First 3 calls free। Premium membership ₹2,000/month।",spam
PhonePe alert: आपके account में suspicious login detect हुई। Verify करें: phonepe-secure.in,spam
"Team lunch cancel हो गया, boss बाहर हैं।",ham
आज का दिन बहुत अच्छा था! खुश हूँ बहुत।,ham
"माँ, दादी की दवाई pharmacy से ले आई हूँ।",ham
"Papa, salary account में आ गई। Bills pay कर दो।",ham
Doctor का appointment 10 बजे है। साथ चलोगे?,ham
Microsoft Support: आपका Windows license expire हो गया। ₹800 में renew करें।,spam
"Train 20 minutes late है, platform 4 पर है।",ham
"Bhai, exam कैसा गया? Result कब आएगा?",ham
IRCTC: आपकी Tatkal ticket automatically cancel हो गई। Refund के लिए bank details confirm करें।,spam
कल football खेलने जाना है? Team ready है।,ham
"Byju's Hiring: online teacher चाहिए। Monthly ₹40,000। Interview के लिए ₹200 का form भरें।",spam
Get well soon. जल्दी ठीक हो जाओ।,ham
"Train 20 minutes late है, platform 4 पर है।",ham
Jio Dhan Dhana Dhan: 1 साल की free service जीती आपने! Activate करने के लिए OTP दें।,spam
"Annual leave apply की है, approve हो जाएगी।",ham
ICICI Bank: KYC incomplete है। आज रात 12 बजे तक update नहीं किया तो account freeze होगा।,spam
"Yaar, नई movie देखी? Reviews बहुत अच्छे हैं।",ham
"प्रिय ग्राहक, आपका SBI खाता अस्थायी रूप से बंद कर दिया गया है। OTP दर्ज करें: sbi-kyc.com",spam
"Yaar, कल cricket match देखने चलना है। Ground पर।",ham
Exam में अच्छे marks आए! माँ बहुत खुश हैं।,ham
"Bhai, शादी की shopping कब करने जाएं?",ham
"Interview 3 बजे है, थोड़ा पहले पहुंच जाएं।",ham
"GST Department: आपके business पर ₹12,000 का penalty लगाया गया है। 7 दिन में pay करें।",spam
बच्चे का school tomorrow closed है।,ham
"Bhai, hostel का mess food आज बहुत अच्छा था।",ham
"Byju's Hiring: online teacher चाहिए। Monthly ₹40,000। Interview के लिए ₹200 का form भरें।",spam
Congratulations on promotion! बहुत मेहनत की तुमने।,ham
"माँ, दादी की दवाई pharmacy से ले आई हूँ।",ham
"Bhai, hostel का mess food आज बहुत अच्छा था।",ham
"Yaar, नई movie देखी? Reviews बहुत अच्छे हैं।",ham
"माँ, दादी की दवाई pharmacy से ले आई हूँ।",ham
"Byju's Hiring: online teacher चाहिए। Monthly ₹40,000। Interview के लिए ₹200 का form भरें।",spam
"Sir, report आज शाम तक submit हो जाएगी।",ham
"छोटू, homework कर लिया? आज exam है ना।",ham
YouTube channel grow करें। Subscribers बढ़ाएं। हमारा package ₹999 में। Results guaranteed।,spam
Online tutor चाहिए। ₹500 per hour। Registration के लिए ₹300 का form fill करें।,spam
"छोटू, homework कर लिया? आज exam है ना।",ham
आपका UPI PIN 3 बार गलत enter हुआ। Account lock से बचने के लिए अभी verify करें।,spam
BSNL Monthly Lucky Draw: आपका number ₹5 lakh के लिए select हुआ। details@bsnl-lucky.in पर mail करें।,spam
"Bank of Baroda: आपकी FD mature हो गई है। ₹50,000 release करने के लिए processing fee ₹500 भरें।",spam
"Annual leave apply की है, approve हो जाएगी।",ham
"Bhai, canteen में मिलते हैं lunch के time।",ham
"Bhai, hostel का mess food आज बहुत अच्छा था।",ham
IRCTC: आपकी Tatkal ticket automatically cancel हो गई। Refund के लिए bank details confirm करें।,spam
"Miss you yaar, कब मिलोगे?",ham
Quarterly review next week schedule हुई है।,ham
"आपके Paytm account से ₹2,000 का unauthorized transaction हुआ। Cancel करने के लिए OTP दें।",spam
New joiners का orientation tomorrow morning है।,ham
Get well soon. जल्दी ठीक हो जाओ।,ham
"Yaar, project की deadline कल है। Library में मिलो।",ham
"Library book return करनी है, deadline है।",ham
"Interview 3 बजे है, थोड़ा पहले पहुंच जाएं।",ham
Scooter servicing के लिए garage ले जाओ।,ham
Meeting 11 बजे conference room में है।,ham
Scooter servicing के लिए garage ले जाओ।,ham
State Government lottery: ticket number 4521 winner है। ₹10 lakh का prize claim करें।,spam
"Take care, travel safe.",ham
कल football खेलने जाना है? Team ready है।,ham
आज का दिन बहुत अच्छा था! खुश हूँ बहुत।,ham
"Sir, मैं आपका पुराना student हूँ। बहुत मुश्किल में हूँ। ₹3,000 की जरूरत है। return कर दूंगा।",spam
Flipkart Diwali Offer: आपके order पर surprise gift select हुआ। Claim करने के लिए यहाँ click करें।,spam
Online tutor चाहिए। ₹500 per hour। Registration के लिए ₹300 का form fill करें।,spam
"Dost, birthday party 7 बजे है। आना मत भूलना।",ham
"Sir, मैं आपका पुराना student हूँ। बहुत मुश्किल में हूँ। ₹3,000 की जरूरत है। return कर दूंगा।",spam
Doctor का appointment 10 बजे है। साथ चलोगे?,ham
Election Commission: आपका voter ID update आवश्यक है। OTP के साथ verify करें।,spam
State Government lottery: ticket number 4521 winner है। ₹10 lakh का prize claim करें।,spam
"Yaar, कल cricket match देखने चलना है। Ground पर।",ham
"Yaar, कल cricket match देखने चलना है। Ground पर।",ham
"Bank of Baroda: आपकी FD mature हो गई है। ₹50,000 release करने के लिए processing fee ₹500 भरें।",spam
"Bhai, शादी की shopping कब करने जाएं?",ham
"Mummy ji, मैं hospital में हूँ। Phone खो गया। इस number पर ₹5,000 transfer करो please।",spam
"Yaar, कल cricket match देखने चलना है। Ground पर।",ham
ICICI Bank: KYC incomplete है। आज रात 12 बजे तक update नहीं किया तो account freeze होगा।,spam
"Annual leave apply की है, approve हो जाएगी।",ham
"Train 20 minutes late है, platform 4 पर है।",ham
Scooter servicing के लिए garage ले जाओ।,ham
"माँ, दादी की दवाई pharmacy से ले आई हूँ।",ham
"Dost, birthday party 7 बजे है। आना मत भूलना।",ham
"Yaar, कल cricket match देखने चलना है। Ground पर।",ham
बच्चे का school tomorrow closed है।,ham
"Bhai, police case में फंस गया हूँ। ₹15,000 चाहिए वकील के लिए। family को मत बताना अभी।",spam
"Work from home opportunity: घर बैठे daily ₹2,000 कमाएं। Registration के लिए ₹500 invest करें।",spam
"Dost, internship के लिए apply किया? Last date है कल।",ham
Microsoft Support: आपका Windows license expire हो गया। ₹800 में renew करें।,spam
"MLM business: ₹5,000 invest करें और ₹50,000 monthly कमाएं। Team join करें आज ही।",spam
Passport Seva: आपका passport application pending है। Documents upload करें अन्यथा reject होगा।,spam
Amazon Great Indian Sale: आप winner हैं! MacBook Pro जीता। Delivery के लिए ₹299 shipping fee भरें।,spam
Scooter servicing के लिए garage ले जाओ।,ham
"दोस्त, मेरा wallet गुम हो गया। Station पर हूँ। ₹500 UPI कर दो, घर पहुंचकर return करता हूँ।",spam
"Papa, salary account में आ गई। Bills pay कर दो।",ham
"Bhai, hostel का mess food आज बहुत अच्छा था।",ham
Congratulations on promotion! बहुत मेहनत की तुमने।,ham
बहुत थक गया हूँ आज। घर जाकर सोना है।,ham
Office का Wi-Fi maintenance के लिए 2 घंटे बंद रहेगा।,ham
"Neighbour के यहाँ function है, evening में जाएंगे।",ham
"Yaar, कल cricket match देखने चलना है। Ground पर।",ham
UIDAI Notice: आपका Aadhaar किसी और के mobile से link हो गया है। Fix करने के लिए call करें।,spam
"आपके Paytm account से ₹2,000 का unauthorized transaction हुआ। Cancel करने के लिए OTP दें।",spam
Jio Dhan Dhana Dhan: 1 साल की free service जीती आपने! Activate करने के लिए OTP दें।,spam
"Bhai, घर का light bill pay हो गया क्या?",ham
"Bhai, canteen में मिलते हैं lunch के time।",ham
New joiners का orientation tomorrow morning है।,ham
Get well soon. जल्दी ठीक हो जाओ।,ham
"Take care, travel safe.",ham
नई job का first day था। Colleagues अच्छे हैं।,ham
"Yaar, project की deadline कल है। Library में मिलो।",ham
"Papa, salary account में आ गई। Bills pay कर दो।",ham
"भैया, कल का program confirm है ना? Time बताओ।",ham
कल football खेलने जाना है? Team ready है।,ham
"आज बारिश में भीग गया, मजा आया!",ham
"Annual leave apply की है, approve हो जाएगी।",ham
"Raincoat ले जाओ, बारिश का forecast है।",ham
नई job का first day था। Colleagues अच्छे हैं।,ham
YouTube channel grow करें। Subscribers बढ़ाएं। हमारा package ₹999 में। Results guaranteed।,spam
Doctor का appointment 10 बजे है। साथ चलोगे?,ham
बहुत थक गया हूँ आज। घर जाकर सोना है।,ham
"GST Department: आपके business पर ₹12,000 का penalty लगाया गया है। 7 दिन में pay करें।",spam
Driving License Authority: आपका license expire होने वाला है। Online renew करें ₹150 fee के साथ।,spam
"प्रिय ग्राहक, आपका SBI खाता अस्थायी रूप से बंद कर दिया गया है। OTP दर्ज करें: sbi-kyc.com",spam
"Dost, birthday party 7 बजे है। आना मत भूलना।",ham
"Didi, तुम्हारे लिए Lucknow से special मिठाई लाया हूँ।",ham
"Take care, travel safe.",ham
"आपके Paytm account से ₹2,000 का unauthorized transaction हुआ। Cancel करने के लिए OTP दें।",spam
Doctor का appointment 10 बजे है। साथ चलोगे?,ham
बच्चे का school tomorrow closed है।,ham
"Yaar, कल cricket match देखने चलना है। Ground पर।",ham
"Team lunch cancel हो गया, boss बाहर हैं।",ham
"Bhai, canteen में मिलते हैं lunch के time।",ham
UIDAI Notice: आपका Aadhaar किसी और के mobile से link हो गया है। Fix करने के लिए call करें।,spam
"माँ, आज देर से आऊंगा। रात का खाना मत रखना।",ham
"Didi, तुम्हारे लिए Lucknow से special मिठाई लाया हूँ।",ham
"Bhai, शादी की shopping कब करने जाएं?",ham
"Library book return करनी है, deadline है।",ham
"Miss you yaar, कब मिलोगे?",ham
Quarterly review next week schedule हुई है।,ham
Get well soon. जल्दी ठीक हो जाओ।,ham
"Bhai, घर का light bill pay हो गया क्या?",ham
"Byju's Hiring: online teacher चाहिए। Monthly ₹40,000। Interview के लिए ₹200 का form भरें।",spam
"Papa, गाड़ी का insurance renew हो गया।",ham
बहुत थक गया हूँ आज। घर जाकर सोना है।,ham
"Bhai, घर का light bill pay हो गया क्या?",ham
"Take care, travel safe.",ham
आज बाजार से दूध और सब्जी लेते आना।,ham
"Take care, travel safe.",ham
बच्चे का school tomorrow closed है।,ham
"माँ, आज देर से आऊंगा। रात का खाना मत रखना।",ham
New joiners का orientation tomorrow morning है।,ham
New joiners का orientation tomorrow morning है।,ham
Swiggy Order lucky customer: free meal voucher जीता! Redeem करने के लिए इस link पर जाएं।,spam
"Neighbour के यहाँ function है, evening में जाएंगे।",ham
"Raincoat ले जाओ, बारिश का forecast है।",ham
Project का deadline extend हो गया है 2 दिन।,ham
"आपके Paytm account से ₹2,000 का unauthorized transaction हुआ। Cancel करने के लिए OTP दें।",spam
Meeting 11 बजे conference room में है।,ham
आज का दिन बहुत अच्छा था! खुश हूँ बहुत।,ham
आज का दिन बहुत अच्छा था! खुश हूँ बहुत।,ham
"Annual leave apply की है, approve हो जाएगी।",ham
Flipkart Diwali Offer: आपके order पर surprise gift select हुआ। Claim करने के लिए यहाँ click करें।,spam
आज का दिन बहुत अच्छा था! खुश हूँ बहुत।,ham
"Yaar, semester की marksheet आ गई। अच्छे marks हैं।",ham
Doctor का appointment 10 बजे है। साथ चलोगे?,ham
Doctor का appointment 10 बजे है। साथ चलोगे?,ham
"Dost, birthday party 7 बजे है। आना मत भूलना।",ham
"Respected sir, आपकी company में job चाहिए। Interview के लिए ₹500 registration fee है।",spam
Congratulations on promotion! बहुत मेहनत की तुमने।,ham
Amazon Great Indian Sale: आप winner हैं! MacBook Pro जीता। Delivery के लिए ₹299 shipping fee भरें।,spam
आज बाजार से दूध और सब्जी लेते आना।,ham
YouTube channel grow करें। Subscribers बढ़ाएं। हमारा package ₹999 में। Results guaranteed।,spam
"Train 20 minutes late है, platform 4 पर है।",ham
"Axis Bank Alert: आपके account से ₹8,500 debit हुए। यदि आपने नहीं किया तो 1800-XXX पर call करें।",spam
"Neighbour के यहाँ function है, evening में जाएंगे।",ham
"GST Department: आपके business पर ₹12,000 का penalty लगाया गया है। 7 दिन में pay करें।",spam
Happy Anniversary! हमेशा खुश रहो।,ham
"Miss you yaar, कब मिलोगे?",ham
"Client meeting postpone हो गई, Friday को होगी।",ham
"दोस्त, मेरा wallet गुम हो गया। Station पर हूँ। ₹500 UPI कर दो, घर पहुंचकर return करता हूँ।",spam
Reliance Digital: आप lucky winner हैं! iPhone 15 जीता। Collect करने के लिए registration fee भरें।,spam
"Bank of Baroda: आपकी FD mature हो गई है। ₹50,000 release करने के लिए processing fee ₹500 भरें।",spam
Exam में अच्छे marks आए! माँ बहुत खुश हैं।,ham
"Team lunch cancel हो गया, boss बाहर हैं।",ham
"माँ, आज देर से आऊंगा। रात का खाना मत रखना।",ham
Get well soon. जल्दी ठीक हो जाओ।,ham
"Train 20 minutes late है, platform 4 पर है।",ham
"आज घर पर guests आ रहे हैं, जल्दी आ जाओ।",ham
"Axis Bank Alert: आपके account से ₹8,500 debit हुए। यदि आपने नहीं किया तो 1800-XXX पर call करें।",spam
"Papa, salary account में आ गई। Bills pay कर दो।",ham
"Bhai, घर का light bill pay हो गया क्या?",ham
"Dost, internship के लिए apply किया? Last date है कल।",ham
"Neighbour के यहाँ function है, evening में जाएंगे।",ham
"Team lunch cancel हो गया, boss बाहर हैं।",ham
Get well soon. जल्दी ठीक हो जाओ।,ham
"MLM business: ₹5,000 invest करें और ₹50,000 monthly कमाएं। Team join करें आज ही।",spam
"Client meeting postpone हो गई, Friday को होगी।",ham
"Yaar, semester की marksheet आ गई। अच्छे marks हैं।",ham
"GST Department: आपके business पर ₹12,000 का penalty लगाया गया है। 7 दिन में pay करें।",spam
आज बाजार से दूध और सब्जी लेते आना।,ham
"माँ, आज देर से आऊंगा। रात का खाना मत रखना।",ham
Quarterly review next week schedule हुई है।,ham
Mutual fund advisor: हमारे fund में invest करें। Annual 45% return guaranteed।,spam
New joiners का orientation tomorrow morning है।,ham
Office का Wi-Fi maintenance के लिए 2 घंटे बंद रहेगा।,ham
आज बाजार से दूध और सब्जी लेते आना।,ham
"Bhai, hostel का mess food आज बहुत अच्छा था।",ham
"Train 20 minutes late है, platform 4 पर है।",ham
"Miss you yaar, कब मिलोगे?",ham
"GST Department: आपके business पर ₹12,000 का penalty लगाया गया है। 7 दिन में pay करें।",spam
"Team lunch cancel हो गया, boss बाहर हैं।",ham
Jio Dhan Dhana Dhan: 1 साल की free service जीती आपने! Activate करने के लिए OTP दें।,spam
नई job का first day था। Colleagues अच्छे हैं।,ham
"Library book return करनी है, deadline है।",ham
"Google Pay: आपको ₹1,200 का cashback मिला है। 24 घंटे में claim नहीं किया तो expire हो जाएगा।",spam
"Papa, गाड़ी का insurance renew हो गया।",ham
"दोस्त, मेरा wallet गुम हो गया। Station पर हूँ। ₹500 UPI कर दो, घर पहुंचकर return करता हूँ।",spam
"दोस्त, मेरा wallet गुम हो गया। Station पर हूँ। ₹500 UPI कर दो, घर पहुंचकर return करता हूँ।",spam
बच्चे का school tomorrow closed है।,ham
Exam में अच्छे marks आए! माँ बहुत खुश हैं।,ham
"Sir, report आज शाम तक submit हो जाएगी।",ham
बहुत थक गया हूँ आज। घर जाकर सोना है।,ham
"MLM business: ₹5,000 invest करें और ₹50,000 monthly कमाएं। Team join करें आज ही।",spam
"भैया, कल का program confirm है ना? Time बताओ।",ham
बच्चे का school tomorrow closed है।,ham
Quarterly review next week schedule हुई है।,ham
"Library book return करनी है, deadline है।",ham
"आपके Paytm account से ₹2,000 का unauthorized transaction हुआ। Cancel करने के लिए OTP दें।",spam
"Bhai, hostel का mess food आज बहुत अच्छा था।",ham
"भैया, कल का program confirm है ना? Time बताओ।",ham
"आपने online survey complete किया। ₹3,500 का reward मिला है। Claim करने के लिए account details दें।",spam
"बेटा, रात को ठंड है, jacket पहन कर निकलना।",ham
Project का deadline extend हो गया है 2 दिन।,ham
"Yaar, semester की marksheet आ गई। अच्छे marks हैं।",ham
Meeting 11 बजे conference room में है।,ham
नई job का first day था। Colleagues अच्छे हैं।,ham
Scooter servicing के लिए garage ले जाओ।,ham
"Axis Bank Alert: आपके account से ₹8,500 debit हुए। यदि आपने नहीं किया तो 1800-XXX पर call करें।",spam
"Dost, internship के लिए apply किया? Last date है कल।",ham
"Papa, गाड़ी का insurance renew हो गया।",ham
"Miss you yaar, कब मिलोगे?",ham
कल football खेलने जाना है? Team ready है।,ham
Meeting 11 बजे conference room में है।,ham
Happy Anniversary! हमेशा खुश रहो।,ham
आपका Gmail account किसी और device से access किया जा रहा है। तुरंत password change करें।,spam
"Train 20 minutes late है, platform 4 पर है।",ham
WhatsApp warning: आपका account ban होने वाला है। Verify करने के लिए OTP forward करें।,spam
"Yaar, नई movie देखी? Reviews बहुत अच्छे हैं।",ham
"भैया, कल का program confirm है ना? Time बताओ।",ham
"Didi, तुम्हारे लिए Lucknow से special मिठाई लाया हूँ।",ham
"Didi, तुम्हारे लिए Lucknow से special मिठाई लाया हूँ।",ham
ICICI Bank: KYC incomplete है। आज रात 12 बजे तक update नहीं किया तो account freeze होगा।,spam
"Bhai, hostel का mess food आज बहुत अच्छा था।",ham
"छोटू, homework कर लिया? आज exam है ना।",ham
Meeting 11 बजे conference room में है।,ham
"Amazon seller program: घर बैठे selling करें। ₹10,000 monthly guaranteed। Join fee ₹2,000।",spam
"माँ, दादी की दवाई pharmacy से ले आई हूँ।",ham
आपके phone में dangerous virus detect हुआ। Data safe रखने के लिए यह app install करें।,spam
"Annual leave apply की है, approve हो जाएगी।",ham
आपका UPI PIN 3 बार गलत enter हुआ। Account lock से बचने के लिए अभी verify करें।,spam
State Government lottery: ticket number 4521 winner है। ₹10 lakh का prize claim करें।,spam
आज बाजार से दूध और सब्जी लेते आना।,ham
Office का Wi-Fi maintenance के लिए 2 घंटे बंद रहेगा।,ham
"Client meeting postpone हो गई, Friday को होगी।",ham
Driving License Authority: आपका license expire होने वाला है। Online renew करें ₹150 fee के साथ।,spam
Project का deadline extend हो गया है 2 दिन।,ham
New joiners का orientation tomorrow morning है।,ham
"Bhai, शादी की shopping कब करने जाएं?",ham
"Raincoat ले जाओ, बारिश का forecast है।",ham
"आपने online survey complete किया। ₹3,500 का reward मिला है। Claim करने के लिए account details दें।",spam
"MLM business: ₹5,000 invest करें और ₹50,000 monthly कमाएं। Team join करें आज ही।",spam
"Train 20 minutes late है, platform 4 पर है।",ham
Get well soon. जल्दी ठीक हो जाओ।,ham
"आज बारिश में भीग गया, मजा आया!",ham
"Train 20 minutes late है, platform 4 पर है।",ham
"Bank of Baroda: आपकी FD mature हो गई है। ₹50,000 release करने के लिए processing fee ₹500 भरें।",spam
Doctor का appointment 10 बजे है। साथ चलोगे?,ham
"Take care, travel safe.",ham
"Didi, तुम्हारे लिए Lucknow से special मिठाई लाया हूँ।",ham
"Bhai, police case में फंस गया हूँ। ₹15,000 चाहिए वकील के लिए। family को मत बताना अभी।",spam
Get well soon. जल्दी ठीक हो जाओ।,ham
"Axis Bank Alert: आपके account से ₹8,500 debit हुए। यदि आपने नहीं किया तो 1800-XXX पर call करें।",spam
"Bhai, canteen में मिलते हैं lunch के time।",ham
"Papa, गाड़ी का insurance renew हो गया।",ham
"Papa, गाड़ी का insurance renew हो गया।",ham
Exam में अच्छे marks आए! माँ बहुत खुश हैं।,ham
"Crypto investment: ₹1,000 invest करें, 30 दिन में ₹15,000 guaranteed। Trusted platform।",spam
"Bhai, canteen में मिलते हैं lunch के time।",ham
नई job का first day था। Colleagues अच्छे हैं।,ham
"आज बारिश में भीग गया, मजा आया!",ham
"Miss you yaar, कब मिलोगे?",ham
Doctor का appointment 10 बजे है। साथ चलोगे?,ham
"Mummy ji, मैं hospital में हूँ। Phone खो गया। इस number पर ₹5,000 transfer करो please।",spam
Scooter servicing के लिए garage ले जाओ।,ham
"Bhai, hostel का mess food आज बहुत अच्छा था।",ham
Congratulations on promotion! बहुत मेहनत की तुमने।,ham
"Respected sir, आपकी company में job चाहिए। Interview के लिए ₹500 registration fee है।",spam
Quarterly review next week schedule हुई है।,ham
Ayushman Bharat: आपका health card ready है। Activate करने के लिए Aadhaar OTP दें।,spam
"Bhai, police case में फंस गया हूँ। ₹15,000 चाहिए वकील के लिए। family को मत बताना अभी।",spam
Get well soon. जल्दी ठीक हो जाओ।,ham
UIDAI Notice: आपका Aadhaar किसी और के mobile से link हो गया है। Fix करने के लिए call करें।,spam
Get well soon. जल्दी ठीक हो जाओ।,ham
"EPF Department: आपके PF account में error है। ₹45,000 release के लिए online verify करें।",spam
"Bhai, canteen में मिलते हैं lunch के time।",ham
Congratulations on promotion! बहुत मेहनत की तुमने।,ham
"बेटा, रात को ठंड है, jacket पहन कर निकलना।",ham
"Data entry job: घर बैठे काम करें। Daily 2-3 घंटे। Monthly ₹25,000। Training fee ₹1,500।",spam
"Income Tax Department: आपका ₹18,500 का refund pending है। Account details update करें।",spam
Quarterly review next week schedule हुई है।,ham
"छोटू, homework कर लिया? आज exam है ना।",ham
आज बाजार से दूध और सब्जी लेते आना।,ham
"Dost, birthday party 7 बजे है। आना मत भूलना।",ham
"भैया, कल का program confirm है ना? Time बताओ।",ham
"Share market tips: 100% accurate calls। First 3 calls free। Premium membership ₹2,000/month।",spam
"Annual leave apply की है, approve हो जाएगी।",ham
"Team lunch cancel हो गया, boss बाहर हैं।",ham
"Amazon seller program: घर बैठे selling करें। ₹10,000 monthly guaranteed। Join fee ₹2,000।",spam
Meeting 11 बजे conference room में है।,ham
Quarterly review next week schedule हुई है।,ham
Congratulations on promotion! बहुत मेहनत की तुमने।,ham
"Library book return करनी है, deadline है।",ham
"Google Pay: आपको ₹1,200 का cashback मिला है। 24 घंटे में claim नहीं किया तो expire हो जाएगा।",spam
"Dost, internship के लिए apply किया? Last date है कल।",ham
"बेटा, रात को ठंड है, jacket पहन कर निकलना।",ham
"Annual leave apply की है, approve हो जाएगी।",ham
Project का deadline extend हो गया है 2 दिन।,ham
"Train 20 minutes late है, platform 4 पर है।",ham
"Library book return करनी है, deadline है।",ham
Amazon Great Indian Sale: आप winner हैं! MacBook Pro जीता। Delivery के लिए ₹299 shipping fee भरें।,spam
"Bhai, exam कैसा गया? Result कब आएगा?",ham
"Axis Bank Alert: आपके account से ₹8,500 debit हुए। यदि आपने नहीं किया तो 1800-XXX पर call करें।",spam
BSNL Monthly Lucky Draw: आपका number ₹5 lakh के लिए select हुआ। details@bsnl-lucky.in पर mail करें।,spam
Meeting 11 बजे conference room में है।,ham
"Yaar, नई movie देखी? Reviews बहुत अच्छे हैं।",ham
"Dear Customer, आपकी net banking 24 घंटे में expire होगी। अभी renew करें bit.ly/sbi-renew",spam
"Papa, salary account में आ गई। Bills pay कर दो।",ham
"Papa, गाड़ी का insurance renew हो गया।",ham
Quarterly review next week schedule हुई है।,ham
"Didi, तुम्हारे लिए Lucknow से special मिठाई लाया हूँ।",ham
"Bhai, canteen में मिलते हैं lunch के time।",ham
"Annual leave apply की है, approve हो जाएगी।",ham
Online tutor चाहिए। ₹500 per hour। Registration के लिए ₹300 का form fill करें।,spam
ICICI Bank: KYC incomplete है। आज रात 12 बजे तक update नहीं किया तो account freeze होगा।,spam
"Bhai, exam कैसा गया? Result कब आएगा?",ham
आपका UPI PIN 3 बार गलत enter हुआ। Account lock से बचने के लिए अभी verify करें।,spam
Passport Seva: आपका passport application pending है। Documents upload करें अन्यथा reject होगा।,spam
Happy Anniversary! हमेशा खुश रहो।,ham
Get well soon. जल्दी ठीक हो जाओ।,ham
"Share market tips: 100% accurate calls। First 3 calls free। Premium membership ₹2,000/month।",spam
ICICI Bank: KYC incomplete है। आज रात 12 बजे तक update नहीं किया तो account freeze होगा।,spam
"माँ, आज देर से आऊंगा। रात का खाना मत रखना।",ham
"Yaar, नई movie देखी? Reviews बहुत अच्छे हैं।",ham
"Papa, salary account में आ गई। Bills pay कर दो।",ham
आज बाजार से दूध और सब्जी लेते आना।,ham
नई job का first day था। Colleagues अच्छे हैं।,ham
बधाई हो! आपका mobile number KBC lucky draw में select हुआ। ₹25 lakh जीतें। अभी call करें।,spam
"Papa, गाड़ी का insurance renew हो गया।",ham
"Dost, birthday party 7 बजे है। आना मत भूलना।",ham
ICICI Bank: KYC incomplete है। आज रात 12 बजे तक update नहीं किया तो account freeze होगा।,spam
"Yaar, नई movie देखी? Reviews बहुत अच्छे हैं।",ham
"आज घर पर guests आ रहे हैं, जल्दी आ जाओ।",ham
"Work from home opportunity: घर बैठे daily ₹2,000 कमाएं। Registration के लिए ₹500 invest करें।",spam
"Client meeting postpone हो गई, Friday को होगी।",ham
"Yaar, project की deadline कल है। Library में मिलो।",ham
"Dost, birthday party 7 बजे है। आना मत भूलना।",ham
Congratulations on promotion! बहुत मेहनत की तुमने।,ham
"Yaar, कल cricket match देखने चलना है। Ground पर।",ham
कल football खेलने जाना है? Team ready है।,ham
"Take care, travel safe.",ham
"Didi, तुम्हारे लिए Lucknow से special मिठाई लाया हूँ।",ham
"Yaar, project की deadline कल है। Library में मिलो।",ham
Scooter servicing के लिए garage ले जाओ।,ham
"Didi, तुम्हारे लिए Lucknow से special मिठाई लाया हूँ।",ham
"Client meeting postpone हो गई, Friday को होगी।",ham
Apple ID Alert: आपका iCloud storage full है। Data delete होने से पहले यहाँ backup करें।,spam
"Bhai, शादी की shopping कब करने जाएं?",ham
Doctor का appointment 10 बजे है। साथ चलोगे?,ham
"Team lunch cancel हो गया, boss बाहर हैं।",ham
"दोस्त, मेरा wallet गुम हो गया। Station पर हूँ। ₹500 UPI कर दो, घर पहुंचकर return करता हूँ।",spam
Passport Seva: आपका passport application pending है। Documents upload करें अन्यथा reject होगा।,spam
"Annual leave apply की है, approve हो जाएगी।",ham
Electricity bill ₹850 का आया है। Pay कर देना।,ham
Exam में अच्छे marks आए! माँ बहुत खुश हैं।,ham
"Dost, internship के लिए apply किया? Last date है कल।",ham
"Bhai, hostel का mess food आज बहुत अच्छा था।",ham
"Library book return करनी है, deadline है।",ham
"Axis Bank Alert: आपके account से ₹8,500 debit हुए। यदि आपने नहीं किया तो 1800-XXX पर call करें।",spam
"Dost, internship के लिए apply किया? Last date है कल।",ham
"Papa, गाड़ी का insurance renew हो गया।",ham
"छोटू, homework कर लिया? आज exam है ना।",ham
बच्चे का school tomorrow closed है।,ham
"Yaar, project की deadline कल है। Library में मिलो।",ham
"Share market tips: 100% accurate calls। First 3 calls free। Premium membership ₹2,000/month।",spam
"छोटू, homework कर लिया? आज exam है ना।",ham
"Sir, report आज शाम तक submit हो जाएगी।",ham
"भैया, कल का program confirm है ना? Time बताओ।",ham
आज का दिन बहुत अच्छा था! खुश हूँ बहुत।,ham
Meeting 11 बजे conference room में है।,ham
"Interview 3 बजे है, थोड़ा पहले पहुंच जाएं।",ham
"Dost, internship के लिए apply किया? Last date है कल।",ham
"GST Department: आपके business पर ₹12,000 का penalty लगाया गया है। 7 दिन में pay करें।",spam
"माँ, दादी की दवाई pharmacy से ले आई हूँ।",ham
आज बाजार से दूध और सब्जी लेते आना।,ham
Happy Anniversary! हमेशा खुश रहो।,ham
"Interview 3 बजे है, थोड़ा पहले पहुंच जाएं।",ham
Amazon Great Indian Sale: आप winner हैं! MacBook Pro जीता। Delivery के लिए ₹299 shipping fee भरें।,spam
"Bhai, शादी की shopping कब करने जाएं?",ham
PM Awas Yojana: आपका नाम list में है। ₹2.5 lakh की subsidy पाने के लिए registration करें।,spam
BSNL Monthly Lucky Draw: आपका number ₹5 lakh के लिए select हुआ। details@bsnl-lucky.in पर mail करें।,spam
"HDFC BANK: आपके account में ₹15,000 की unauthorized entry हुई। तुरंत 9876543210 पर call करें।",spam
"Bhai, police case में फंस गया हूँ। ₹15,000 चाहिए वकील के लिए। family को मत बताना अभी।",spam
"Bank of Baroda: आपकी FD mature हो गई है। ₹50,000 release करने के लिए processing fee ₹500 भरें।",spam
"Dear Customer, आपकी net banking 24 घंटे में expire होगी। अभी renew करें bit.ly/sbi-renew",spam
नई job का first day था। Colleagues अच्छे हैं।,ham
Ayushman Bharat: आपका health card ready है। Activate करने के लिए Aadhaar OTP दें।,spam
बहुत थक गया हूँ आज। घर जाकर सोना है।,ham
"Bhai, canteen में मिलते हैं lunch के time।",ham
आज का दिन बहुत अच्छा था! खुश हूँ बहुत।,ham
Congratulations on promotion! बहुत मेहनत की तुमने।,ham
Electricity bill ₹850 का आया है। Pay कर देना।,ham
"Zomato anniversary offer: आपने ₹500 का voucher जीता! 2 घंटे में expire होगा, अभी use करें।",spam
Exam में अच्छे marks आए! माँ बहुत खुश हैं।,ham
"GST Department: आपके business पर ₹12,000 का penalty लगाया गया है। 7 दिन में pay करें।",spam
"Interview 3 बजे है, थोड़ा पहले पहुंच जाएं।",ham
Flipkart Diwali Offer: आपके order पर surprise gift select हुआ। Claim करने के लिए यहाँ click करें।,spam
"Yaar, नई movie देखी? Reviews बहुत अच्छे हैं।",ham
"भैया, कल का program confirm है ना? Time बताओ।",ham
"Train 20 minutes late है, platform 4 पर है।",ham
Apple ID Alert: आपका iCloud storage full है। Data delete होने से पहले यहाँ backup करें।,spam
State Government lottery: ticket number 4521 winner है। ₹10 lakh का prize claim करें।,spam
Meeting 11 बजे conference room में है।,ham
"आज बारिश में भीग गया, मजा आया!",ham
"Interview 3 बजे है, थोड़ा पहले पहुंच जाएं।",ham
"Raincoat ले जाओ, बारिश का forecast है।",ham
"Raincoat ले जाओ, बारिश का forecast है।",ham
"आपके Paytm account से ₹2,000 का unauthorized transaction हुआ। Cancel करने के लिए OTP दें।",spam
"Miss you yaar, कब मिलोगे?",ham
Doctor का appointment 10 बजे है। साथ चलोगे?,ham
Mutual fund advisor: हमारे fund में invest करें। Annual 45% return guaranteed।,spam
"Axis Bank Alert: आपके account से ₹8,500 debit हुए। यदि आपने नहीं किया तो 1800-XXX पर call करें।",spam
"आज बारिश में भीग गया, मजा आया!",ham
"आज घर पर guests आ रहे हैं, जल्दी आ जाओ।",ham
"Bhai, शादी की shopping कब करने जाएं?",ham
Office का Wi-Fi maintenance के लिए 2 घंटे बंद रहेगा।,ham
Microsoft Support: आपका Windows license expire हो गया। ₹800 में renew करें।,spam
Electricity bill ₹850 का आया है। Pay कर देना।,ham
"Bhai, canteen में मिलते हैं lunch के time।",ham
Ayushman Bharat: आपका health card ready है। Activate करने के लिए Aadhaar OTP दें।,spam
Doctor का appointment 10 बजे है। साथ चलोगे?,ham
"Yaar, project की deadline कल है। Library में मिलो।",ham
"Respected sir, आपकी company में job चाहिए। Interview के लिए ₹500 registration fee है।",spam
"आज बारिश में भीग गया, मजा आया!",ham
New joiners का orientation tomorrow morning है।,ham
"Yaar, project की deadline कल है। Library में मिलो।",ham
Quarterly review next week schedule हुई है।,ham
Reliance Digital: आप lucky winner हैं! iPhone 15 जीता। Collect करने के लिए registration fee भरें।,spam
"Library book return करनी है, deadline है।",ham
"Bhai, canteen में मिलते हैं lunch के time।",ham
"Interview 3 बजे है, थोड़ा पहले पहुंच जाएं।",ham
"माँ, आज देर से आऊंगा। रात का खाना मत रखना।",ham
"Share market tips: 100% accurate calls। First 3 calls free। Premium membership ₹2,000/month।",spam
Passport Seva: आपका passport application pending है। Documents upload करें अन्यथा reject होगा।,spam
"छोटू, homework कर लिया? आज exam है ना।",ham
आज का दिन बहुत अच्छा था! खुश हूँ बहुत।,ham
Ayushman Bharat: आपका health card ready है। Activate करने के लिए Aadhaar OTP दें।,spam
"Sir, report आज शाम तक submit हो जाएगी।",ham
आज बाजार से दूध और सब्जी लेते आना।,ham
"Dost, birthday party 7 बजे है। आना मत भूलना।",ham
Congratulations on promotion! बहुत मेहनत की तुमने।,ham
"Miss you yaar, कब मिलोगे?",ham
"Dost, birthday party 7 बजे है। आना मत भूलना।",ham
Driving License Authority: आपका license expire होने वाला है। Online renew करें ₹150 fee के साथ।,spam
State Government lottery: ticket number 4521 winner है। ₹10 lakh का prize claim करें।,spam
"GST Department: आपके business पर ₹12,000 का penalty लगाया गया है। 7 दिन में pay करें।",spam
"Yaar, नई movie देखी? Reviews बहुत अच्छे हैं।",ham
"Bhai, शादी की shopping कब करने जाएं?",ham
Quarterly review next week schedule हुई है।,ham
"Yaar, project की deadline कल है। Library में मिलो।",ham
"Google Pay: आपको ₹1,200 का cashback मिला है। 24 घंटे में claim नहीं किया तो expire हो जाएगा।",spam
"Yaar, semester की marksheet आ गई। अच्छे marks हैं।",ham
आज का दिन बहुत अच्छा था! खुश हूँ बहुत।,ham
"छोटू, homework कर लिया? आज exam है ना।",ham
कल football खेलने जाना है? Team ready है।,ham
Project का deadline extend हो गया है 2 दिन।,ham
Exam में अच्छे marks आए! माँ बहुत खुश हैं।,ham
Quarterly review next week schedule हुई है।,ham
"Axis Bank Alert: आपके account से ₹8,500 debit हुए। यदि आपने नहीं किया तो 1800-XXX पर call करें।",spam
"Zomato anniversary offer: आपने ₹500 का voucher जीता! 2 घंटे में expire होगा, अभी use करें।",spam
आज बाजार से दूध और सब्जी लेते आना।,ham
Apple ID Alert: आपका iCloud storage full है। Data delete होने से पहले यहाँ backup करें।,spam
आपका UPI PIN 3 बार गलत enter हुआ। Account lock से बचने के लिए अभी verify करें।,spam
Election Commission: आपका voter ID update आवश्यक है। OTP के साथ verify करें।,spam
"Raincoat ले जाओ, बारिश का forecast है।",ham
"Take care, travel safe.",ham
Happy Anniversary! हमेशा खुश रहो।,ham
Online tutor चाहिए। ₹500 per hour। Registration के लिए ₹300 का form fill करें।,spam
"Google Pay: आपको ₹1,200 का cashback मिला है। 24 घंटे में claim नहीं किया तो expire हो जाएगा।",spam
"Library book return करनी है, deadline है।",ham
"Library book return करनी है, deadline है।",ham
बधाई हो! आपका mobile number KBC lucky draw में select हुआ। ₹25 lakh जीतें। अभी call करें।,spam
"Library book return करनी है, deadline है।",ham
"बेटा, रात को ठंड है, jacket पहन कर निकलना।",ham
नई job का first day था। Colleagues अच्छे हैं।,ham
BSNL Monthly Lucky Draw: आपका number ₹5 lakh के लिए select हुआ। details@bsnl-lucky.in पर mail करें।,spam
कल football खेलने जाना है? Team ready है।,ham
BSNL Monthly Lucky Draw: आपका number ₹5 lakh के लिए select हुआ। details@bsnl-lucky.in पर mail करें।,spam
कल football खेलने जाना है? Team ready है।,ham
"Take care, travel safe.",ham
"आज बारिश में भीग गया, मजा आया!",ham
YouTube channel grow करें। Subscribers बढ़ाएं। हमारा package ₹999 में। Results guaranteed।,spam
"EPF Department: आपके PF account में error है। ₹45,000 release के लिए online verify करें।",spam
Electricity bill ₹850 का आया है। Pay कर देना।,ham
Meeting 11 बजे conference room में है।,ham
"Train 20 minutes late है, platform 4 पर है।",ham
"Beta, यह Sharma uncle बोल रहे हैं। Emergency है। ₹10,000 इस account में transfer कर दो।",spam
"Yaar, नई movie देखी? Reviews बहुत अच्छे हैं।",ham
बच्चे का school tomorrow closed है।,ham
BSNL Monthly Lucky Draw: आपका number ₹5 lakh के लिए select हुआ। details@bsnl-lucky.in पर mail करें।,spam
"Dost, internship के लिए apply किया? Last date है कल।",ham
"Yaar, कल cricket match देखने चलना है। Ground पर।",ham
"Bhai, शादी की shopping कब करने जाएं?",ham
Ayushman Bharat: आपका health card ready है। Activate करने के लिए Aadhaar OTP दें।,spam
"आज घर पर guests आ रहे हैं, जल्दी आ जाओ।",ham
New joiners का orientation tomorrow morning है।,ham
"Bank of Baroda: आपकी FD mature हो गई है। ₹50,000 release करने के लिए processing fee ₹500 भरें।",spam
"Raincoat ले जाओ, बारिश का forecast है।",ham
"आज घर पर guests आ रहे हैं, जल्दी आ जाओ।",ham
"Byju's Hiring: online teacher चाहिए। Monthly ₹40,000। Interview के लिए ₹200 का form भरें।",spam
"Take care, travel safe.",ham
"HDFC BANK: आपके account में ₹15,000 की unauthorized entry हुई। तुरंत 9876543210 पर call करें।",spam
"Work from home opportunity: घर बैठे daily ₹2,000 कमाएं। Registration के लिए ₹500 invest करें।",spam
"आज घर पर guests आ रहे हैं, जल्दी आ जाओ।",ham
आपका UPI PIN 3 बार गलत enter हुआ। Account lock से बचने के लिए अभी verify करें।,spam
Amazon Great Indian Sale: आप winner हैं! MacBook Pro जीता। Delivery के लिए ₹299 shipping fee भरें।,spam
"Byju's Hiring: online teacher चाहिए। Monthly ₹40,000। Interview के लिए ₹200 का form भरें।",spam
Project का deadline extend हो गया है 2 दिन।,ham
नई job का first day था। Colleagues अच्छे हैं।,ham
PM Awas Yojana: आपका नाम list में है। ₹2.5 lakh की subsidy पाने के लिए registration करें।,spam
Office का Wi-Fi maintenance के लिए 2 घंटे बंद रहेगा।,ham
Flipkart Diwali Offer: आपके order पर surprise gift select हुआ। Claim करने के लिए यहाँ click करें।,spam
"Neighbour के यहाँ function है, evening में जाएंगे।",ham
"Yaar, कल cricket match देखने चलना है। Ground पर।",ham
"Neighbour के यहाँ function है, evening में जाएंगे।",ham
"Interview 3 बजे है, थोड़ा पहले पहुंच जाएं।",ham
Scooter servicing के लिए garage ले जाओ।,ham
"Sir, मैं आपका पुराना student हूँ। बहुत मुश्किल में हूँ। ₹3,000 की जरूरत है। return कर दूंगा।",spam
बच्चे का school tomorrow closed है।,ham
WhatsApp warning: आपका account ban होने वाला है। Verify करने के लिए OTP forward करें।,spam
"Crypto investment: ₹1,000 invest करें, 30 दिन में ₹15,000 guaranteed। Trusted platform।",spam
"माँ, दादी की दवाई pharmacy से ले आई हूँ।",ham
"Zomato anniversary offer: आपने ₹500 का voucher जीता! 2 घंटे में expire होगा, अभी use करें।",spam
"Didi, तुम्हारे लिए Lucknow से special मिठाई लाया हूँ।",ham
"आज बारिश में भीग गया, मजा आया!",ham
"Yaar, कल cricket match देखने चलना है। Ground पर।",ham
आपके phone में dangerous virus detect हुआ। Data safe रखने के लिए यह app install करें।,spam
"Dost, internship के लिए apply किया? Last date है कल।",ham
"Miss you yaar, कब मिलोगे?",ham
PhonePe alert: आपके account में suspicious login detect हुई। Verify करें: phonepe-secure.in,spam
आपका Gmail account किसी और device से access किया जा रहा है। तुरंत password change करें।,spam
"Neighbour के यहाँ function है, evening में जाएंगे।",ham
"आज घर पर guests आ रहे हैं, जल्दी आ जाओ।",ham
"Client meeting postpone हो गई, Friday को होगी।",ham
Quarterly review next week schedule हुई है।,ham
New joiners का orientation tomorrow morning है।,ham
"Papa, गाड़ी का insurance renew हो गया।",ham
Doctor का appointment 10 बजे है। साथ चलोगे?,ham
"Bank of Baroda: आपकी FD mature हो गई है। ₹50,000 release करने के लिए processing fee ₹500 भरें।",spam
Meeting 11 बजे conference room में है।,ham
Quarterly review next week schedule हुई है।,ham
Congratulations on promotion! बहुत मेहनत की तुमने।,ham
YouTube channel grow करें। Subscribers बढ़ाएं। हमारा package ₹999 में। Results guaranteed।,spam
"माँ, दादी की दवाई pharmacy से ले आई हूँ।",ham
Microsoft Support: आपका Windows license expire हो गया। ₹800 में renew करें।,spam
"Client meeting postpone हो गई, Friday को होगी।",ham
"Yaar, कल cricket match देखने चलना है। Ground पर।",ham
Office का Wi-Fi maintenance के लिए 2 घंटे बंद रहेगा।,ham
"माँ, आज देर से आऊंगा। रात का खाना मत रखना।",ham
"Yaar, कल cricket match देखने चलना है। Ground पर।",ham
Congratulations on promotion! बहुत मेहनत की तुमने।,ham
"बेटा, रात को ठंड है, jacket पहन कर निकलना।",ham
Mutual fund advisor: हमारे fund में invest करें। Annual 45% return guaranteed।,spam
Happy Anniversary! हमेशा खुश रहो।,ham
कल football खेलने जाना है? Team ready है।,ham
Exam में अच्छे marks आए! माँ बहुत खुश हैं।,ham
"Axis Bank Alert: आपके account से ₹8,500 debit हुए। यदि आपने नहीं किया तो 1800-XXX पर call करें।",spam
"Sir, मैं आपका पुराना student हूँ। बहुत मुश्किल में हूँ। ₹3,000 की जरूरत है। return कर दूंगा।",spam
"Yaar, कल cricket match देखने चलना है। Ground पर।",ham
"Take care, travel safe.",ham
"प्रिय ग्राहक, आपका SBI खाता अस्थायी रूप से बंद कर दिया गया है। OTP दर्ज करें: sbi-kyc.com",spam
Exam में अच्छे marks आए! माँ बहुत खुश हैं।,ham
"माँ, दादी की दवाई pharmacy से ले आई हूँ।",ham
"Sir, report आज शाम तक submit हो जाएगी।",ham
"छोटू, homework कर लिया? आज exam है ना।",ham
"Dear Customer, आपकी net banking 24 घंटे में expire होगी। अभी renew करें bit.ly/sbi-renew",spam
"Yaar, semester की marksheet आ गई। अच्छे marks हैं।",ham
"Data entry job: घर बैठे काम करें। Daily 2-3 घंटे। Monthly ₹25,000। Training fee ₹1,500।",spam
"Bhai, घर का light bill pay हो गया क्या?",ham
आज बाजार से दूध और सब्जी लेते आना।,ham
Office का Wi-Fi maintenance के लिए 2 घंटे बंद रहेगा।,ham
Office का Wi-Fi maintenance के लिए 2 घंटे बंद रहेगा।,ham
Quarterly review next week schedule हुई है।,ham
Congratulations on promotion! बहुत मेहनत की तुमने।,ham
State Government lottery: ticket number 4521 winner है। ₹10 lakh का prize claim करें।,spam
"Train 20 minutes late है, platform 4 पर है।",ham
Scooter servicing के लिए garage ले जाओ।,ham
आज बाजार से दूध और सब्जी लेते आना।,ham
"Zomato anniversary offer: आपने ₹500 का voucher जीता! 2 घंटे में expire होगा, अभी use करें।",spam
"आज बारिश में भीग गया, मजा आया!",ham
Happy Anniversary! हमेशा खुश रहो।,ham
कल football खेलने जाना है? Team ready है।,ham
"Bhai, exam कैसा गया? Result कब आएगा?",ham
"Dost, birthday party 7 बजे है। आना मत भूलना।",ham
Happy Anniversary! हमेशा खुश रहो।,ham
"Bhai, घर का light bill pay हो गया क्या?",ham
"Bhai, canteen में मिलते हैं lunch के time।",ham
"Bhai, exam कैसा गया? Result कब आएगा?",ham
"Bhai, hostel का mess food आज बहुत अच्छा था।",ham
"Neighbour के यहाँ function है, evening में जाएंगे।",ham
"माँ, दादी की दवाई pharmacy से ले आई हूँ।",ham
"Income Tax Department: आपका ₹18,500 का refund pending है। Account details update करें।",spam
"आपके Paytm account से ₹2,000 का unauthorized transaction हुआ। Cancel करने के लिए OTP दें।",spam
आज का दिन बहुत अच्छा था! खुश हूँ बहुत।,ham
Quarterly review next week schedule हुई है।,ham
"Client meeting postpone हो गई, Friday को होगी।",ham
Get well soon. जल्दी ठीक हो जाओ।,ham
Passport Seva: आपका passport application pending है। Documents upload करें अन्यथा reject होगा।,spam
Office का Wi-Fi maintenance के लिए 2 घंटे बंद रहेगा।,ham
"Take care, travel safe.",ham
"Team lunch cancel हो गया, boss बाहर हैं।",ham
"दोस्त, मेरा wallet गुम हो गया। Station पर हूँ। ₹500 UPI कर दो, घर पहुंचकर return करता हूँ।",spam
Microsoft Support: आपका Windows license expire हो गया। ₹800 में renew करें।,spam
"Sir, report आज शाम तक submit हो जाएगी।",ham
Meeting 11 बजे conference room में है।,ham
"Take care, travel safe.",ham
"Bhai, canteen में मिलते हैं lunch के time।",ham
Project का deadline extend हो गया है 2 दिन।,ham
"Team lunch cancel हो गया, boss बाहर हैं।",ham
"Bhai, hostel का mess food आज बहुत अच्छा था।",ham
"Dost, internship के लिए apply किया? Last date है कल।",ham
कल football खेलने जाना है? Team ready है।,ham
बहुत थक गया हूँ आज। घर जाकर सोना है।,ham
आपके phone में dangerous virus detect हुआ। Data safe रखने के लिए यह app install करें।,spam
"Yaar, semester की marksheet आ गई। अच्छे marks हैं।",ham
"Papa, गाड़ी का insurance renew हो गया।",ham
"HDFC BANK: आपके account में ₹15,000 की unauthorized entry हुई। तुरंत 9876543210 पर call करें।",spam
"आपके Paytm account से ₹2,000 का unauthorized transaction हुआ। Cancel करने के लिए OTP दें।",spam
"Papa, salary account में आ गई। Bills pay कर दो।",ham
"Dost, birthday party 7 बजे है। आना मत भूलना।",ham
"Papa, गाड़ी का insurance renew हो गया।",ham
UIDAI Notice: आपका Aadhaar किसी और के mobile से link हो गया है। Fix करने के लिए call करें।,spam
"Raincoat ले जाओ, बारिश का forecast है।",ham
"छोटू, homework कर लिया? आज exam है ना।",ham
"Annual leave apply की है, approve हो जाएगी।",ham
"HDFC BANK: आपके account में ₹15,000 की unauthorized entry हुई। तुरंत 9876543210 पर call करें।",spam
"Papa, गाड़ी का insurance renew हो गया।",ham
State Government lottery: ticket number 4521 winner है। ₹10 lakh का prize claim करें।,spam
"आपके Paytm account से ₹2,000 का unauthorized transaction हुआ। Cancel करने के लिए OTP दें।",spam
"Team lunch cancel हो गया, boss बाहर हैं।",ham
Driving License Authority: आपका license expire होने वाला है। Online renew करें ₹150 fee के साथ।,spam
"Papa, salary account में आ गई। Bills pay कर दो।",ham
"Data entry job: घर बैठे काम करें। Daily 2-3 घंटे। Monthly ₹25,000। Training fee ₹1,500।",spam
आपके phone में dangerous virus detect हुआ। Data safe रखने के लिए यह app install करें।,spam
"प्रिय ग्राहक, आपका SBI खाता अस्थायी रूप से बंद कर दिया गया है। OTP दर्ज करें: sbi-kyc.com",spam
"Miss you yaar, कब मिलोगे?",ham
"माँ, आज देर से आऊंगा। रात का खाना मत रखना।",ham
"Raincoat ले जाओ, बारिश का forecast है।",ham
"Bhai, exam कैसा गया? Result कब आएगा?",ham
Project का deadline extend हो गया है 2 दिन।,ham
"भैया, कल का program confirm है ना? Time बताओ।",ham
Scooter servicing के लिए garage ले जाओ।,ham
Driving License Authority: आपका license expire होने वाला है। Online renew करें ₹150 fee के साथ।,spam
आपका Gmail account किसी और device से access किया जा रहा है। तुरंत password change करें।,spam
आपका UPI PIN 3 बार गलत enter हुआ। Account lock से बचने के लिए अभी verify करें।,spam
"MLM business: ₹5,000 invest करें और ₹50,000 monthly कमाएं। Team join करें आज ही।",spam
"Take care, travel safe.",ham
"Yaar, कल cricket match देखने चलना है। Ground पर।",ham
Office का Wi-Fi maintenance के लिए 2 घंटे बंद रहेगा।,ham
"बेटा, रात को ठंड है, jacket पहन कर निकलना।",ham
"Bhai, police case में फंस गया हूँ। ₹15,000 चाहिए वकील के लिए। family को मत बताना अभी।",spam
"Papa, गाड़ी का insurance renew हो गया।",ham
नई job का first day था। Colleagues अच्छे हैं।,ham
Doctor का appointment 10 बजे है। साथ चलोगे?,ham
आपका Gmail account किसी और device से access किया जा रहा है। तुरंत password change करें।,spam
"Yaar, कल cricket match देखने चलना है। Ground पर।",ham
"Raincoat ले जाओ, बारिश का forecast है।",ham
Scooter servicing के लिए garage ले जाओ।,ham
"Respected sir, आपकी company में job चाहिए। Interview के लिए ₹500 registration fee है।",spam
Swiggy Order lucky customer: free meal voucher जीता! Redeem करने के लिए इस link पर जाएं।,spam
"Yaar, project की deadline कल है। Library में मिलो।",ham
कल football खेलने जाना है? Team ready है।,ham
New joiners का orientation tomorrow morning है।,ham
"Sir, report आज शाम तक submit हो जाएगी।",ham
आज का दिन बहुत अच्छा था! खुश हूँ बहुत।,ham
बच्चे का school tomorrow closed है।,ham
"Bhai, शादी की shopping कब करने जाएं?",ham
"Dear Customer, आपकी net banking 24 घंटे में expire होगी। अभी renew करें bit.ly/sbi-renew",spam
Electricity bill ₹850 का आया है। Pay कर देना।,ham
आज का दिन बहुत अच्छा था! खुश हूँ बहुत।,ham
"Train 20 minutes late है, platform 4 पर है।",ham
"Bhai, exam कैसा गया? Result कब आएगा?",ham
"Yaar, कल cricket match देखने चलना है। Ground पर।",ham
"Income Tax Department: आपका ₹18,500 का refund pending है। Account details update करें।",spam
"Interview 3 बजे है, थोड़ा पहले पहुंच जाएं।",ham
Exam में अच्छे marks आए! माँ बहुत खुश हैं।,ham
"Neighbour के यहाँ function है, evening में जाएंगे।",ham
Quarterly review next week schedule हुई है।,ham
"Library book return करनी है, deadline है।",ham
Doctor का appointment 10 बजे है। साथ चलोगे?,ham
"Zomato anniversary offer: आपने ₹500 का voucher जीता! 2 घंटे में expire होगा, अभी use करें।",spam
"Crypto investment: ₹1,000 invest करें, 30 दिन में ₹15,000 guaranteed। Trusted platform।",spam
"Take care, travel safe.",ham
"Dear Customer, आपकी net banking 24 घंटे में expire होगी। अभी renew करें bit.ly/sbi-renew",spam
ICICI Bank: KYC incomplete है। आज रात 12 बजे तक update नहीं किया तो account freeze होगा।,spam
Office का Wi-Fi maintenance के लिए 2 घंटे बंद रहेगा।,ham
बहुत थक गया हूँ आज। घर जाकर सोना है।,ham
"Papa, गाड़ी का insurance renew हो गया।",ham
"माँ, आज देर से आऊंगा। रात का खाना मत रखना।",ham
Electricity bill ₹850 का आया है। Pay कर देना।,ham
"Papa, salary account में आ गई। Bills pay कर दो।",ham
Election Commission: आपका voter ID update आवश्यक है। OTP के साथ verify करें।,spam
"Bhai, घर का light bill pay हो गया क्या?",ham
"Dear Customer, आपकी net banking 24 घंटे में expire होगी। अभी renew करें bit.ly/sbi-renew",spam
Scooter servicing के लिए garage ले जाओ।,ham
"Yaar, नई movie देखी? Reviews बहुत अच्छे हैं।",ham
"Beta, यह Sharma uncle बोल रहे हैं। Emergency है। ₹10,000 इस account में transfer कर दो।",spam
Quarterly review next week schedule हुई है।,ham
"GST Department: आपके business पर ₹12,000 का penalty लगाया गया है। 7 दिन में pay करें।",spam
नई job का first day था। Colleagues अच्छे हैं।,ham
"Dost, birthday party 7 बजे है। आना मत भूलना।",ham
"Yaar, project की deadline कल है। Library में मिलो।",ham
"भैया, कल का program confirm है ना? Time बताओ।",ham
"Yaar, नई movie देखी? Reviews बहुत अच्छे हैं।",ham
"Yaar, नई movie देखी? Reviews बहुत अच्छे हैं।",ham
Flipkart Diwali Offer: आपके order पर surprise gift select हुआ। Claim करने के लिए यहाँ click करें।,spam
आपका UPI PIN 3 बार गलत enter हुआ। Account lock से बचने के लिए अभी verify करें।,spam
"Train 20 minutes late है, platform 4 पर है।",ham
UIDAI Notice: आपका Aadhaar किसी और के mobile से link हो गया है। Fix करने के लिए call करें।,spam
State Government lottery: ticket number 4521 winner है। ₹10 lakh का prize claim करें।,spam
Mutual fund advisor: हमारे fund में invest करें। Annual 45% return guaranteed।,spam
"Raincoat ले जाओ, बारिश का forecast है।",ham
"भैया, कल का program confirm है ना? Time बताओ।",ham
Jio Dhan Dhana Dhan: 1 साल की free service जीती आपने! Activate करने के लिए OTP दें।,spam
Office का Wi-Fi maintenance के लिए 2 घंटे बंद रहेगा।,ham
"Neighbour के यहाँ function है, evening में जाएंगे।",ham
"Work from home opportunity: घर बैठे daily ₹2,000 कमाएं। Registration के लिए ₹500 invest करें।",spam
WhatsApp warning: आपका account ban होने वाला है। Verify करने के लिए OTP forward करें।,spam
"Bhai, घर का light bill pay हो गया क्या?",ham
"Annual leave apply की है, approve हो जाएगी।",ham
बच्चे का school tomorrow closed है।,ham
Office का Wi-Fi maintenance के लिए 2 घंटे बंद रहेगा।,ham
बच्चे का school tomorrow closed है।,ham
State Government lottery: ticket number 4521 winner है। ₹10 lakh का prize claim करें।,spam
"Neighbour के यहाँ function है, evening में जाएंगे।",ham
"Share market tips: 100% accurate calls। First 3 calls free। Premium membership ₹2,000/month।",spam
बहुत थक गया हूँ आज। घर जाकर सोना है।,ham
Exam में अच्छे marks आए! माँ बहुत खुश हैं।,ham
"Zomato anniversary offer: आपने ₹500 का voucher जीता! 2 घंटे में expire होगा, अभी use करें।",spam
Scooter servicing के लिए garage ले जाओ।,ham
"Byju's Hiring: online teacher चाहिए। Monthly ₹40,000। Interview के लिए ₹200 का form भरें।",spam
आज का दिन बहुत अच्छा था! खुश हूँ बहुत।,ham
"Client meeting postpone हो गई, Friday को होगी।",ham
"Data entry job: घर बैठे काम करें। Daily 2-3 घंटे। Monthly ₹25,000। Training fee ₹1,500।",spam
"छोटू, homework कर लिया? आज exam है ना।",ham
"Dost, birthday party 7 बजे है। आना मत भूलना।",ham
"Bhai, घर का light bill pay हो गया क्या?",ham
"Bhai, exam कैसा गया? Result कब आएगा?",ham
"Annual leave apply की है, approve हो जाएगी।",ham
"Google Pay: आपको ₹1,200 का cashback मिला है। 24 घंटे में claim नहीं किया तो expire हो जाएगा।",spam
"छोटू, homework कर लिया? आज exam है ना।",ham
"आज घर पर guests आ रहे हैं, जल्दी आ जाओ।",ham
"Papa, salary account में आ गई। Bills pay कर दो।",ham
"Yaar, project की deadline कल है। Library में मिलो।",ham
Project का deadline extend हो गया है 2 दिन।,ham
आज का दिन बहुत अच्छा था! खुश हूँ बहुत।,ham
"Miss you yaar, कब मिलोगे?",ham
"Yaar, नई movie देखी? Reviews बहुत अच्छे हैं।",ham
"Yaar, कल cricket match देखने चलना है। Ground पर।",ham
बधाई हो! आपका mobile number KBC lucky draw में select हुआ। ₹25 lakh जीतें। अभी call करें।,spam
Microsoft Support: आपका Windows license expire हो गया। ₹800 में renew करें।,spam
"Bhai, घर का light bill pay हो गया क्या?",ham
Online tutor चाहिए। ₹500 per hour। Registration के लिए ₹300 का form fill करें।,spam
"Annual leave apply की है, approve हो जाएगी।",ham
Scooter servicing के लिए garage ले जाओ।,ham
Apple ID Alert: आपका iCloud storage full है। Data delete होने से पहले यहाँ backup करें।,spam
"Bhai, hostel का mess food आज बहुत अच्छा था।",ham
Microsoft Support: आपका Windows license expire हो गया। ₹800 में renew करें।,spam
"Axis Bank Alert: आपके account से ₹8,500 debit हुए। यदि आपने नहीं किया तो 1800-XXX पर call करें।",spam
नई job का first day था। Colleagues अच्छे हैं।,ham
Doctor का appointment 10 बजे है। साथ चलोगे?,ham
"Didi, तुम्हारे लिए Lucknow से special मिठाई लाया हूँ।",ham
"Bhai, hostel का mess food आज बहुत अच्छा था।",ham
"Library book return करनी है, deadline है।",ham
Electricity bill ₹850 का आया है। Pay कर देना।,ham
ICICI Bank: KYC incomplete है। आज रात 12 बजे तक update नहीं किया तो account freeze होगा।,spam
"Didi, तुम्हारे लिए Lucknow से special मिठाई लाया हूँ।",ham
Office का Wi-Fi maintenance के लिए 2 घंटे बंद रहेगा।,ham
Microsoft Support: आपका Windows license expire हो गया। ₹800 में renew करें।,spam
बहुत थक गया हूँ आज। घर जाकर सोना है।,ham
"Bhai, hostel का mess food आज बहुत अच्छा था।",ham
Scooter servicing के लिए garage ले जाओ।,ham
"आज बारिश में भीग गया, मजा आया!",ham
कल football खेलने जाना है? Team ready है।,ham
"Bhai, hostel का mess food आज बहुत अच्छा था।",ham
Doctor का appointment 10 बजे है। साथ चलोगे?,ham
"आज घर पर guests आ रहे हैं, जल्दी आ जाओ।",ham
Congratulations on promotion! बहुत मेहनत की तुमने।,ham
"माँ, दादी की दवाई pharmacy से ले आई हूँ।",ham
बहुत थक गया हूँ आज। घर जाकर सोना है।,ham
"Neighbour के यहाँ function है, evening में जाएंगे।",ham
"Client meeting postpone हो गई, Friday को होगी।",ham
Office का Wi-Fi maintenance के लिए 2 घंटे बंद रहेगा।,ham
"Team lunch cancel हो गया, boss बाहर हैं।",ham
"माँ, दादी की दवाई pharmacy से ले आई हूँ।",ham
"आज बारिश में भीग गया, मजा आया!",ham
"Papa, गाड़ी का insurance renew हो गया।",ham
"Client meeting postpone हो गई, Friday को होगी।",ham
आज बाजार से दूध और सब्जी लेते आना।,ham
"Yaar, project की deadline कल है। Library में मिलो।",ham
"Mummy ji, मैं hospital में हूँ। Phone खो गया। इस number पर ₹5,000 transfer करो please।",spam
"बेटा, रात को ठंड है, jacket पहन कर निकलना।",ham
"Bhai, hostel का mess food आज बहुत अच्छा था।",ham
"Miss you yaar, कब मिलोगे?",ham
"Yaar, कल cricket match देखने चलना है। Ground पर।",ham
"Yaar, नई movie देखी? Reviews बहुत अच्छे हैं।",ham
Electricity bill ₹850 का आया है। Pay कर देना।,ham
YouTube channel grow करें। Subscribers बढ़ाएं। हमारा package ₹999 में। Results guaranteed।,spam
"Library book return करनी है, deadline है।",ham
Get well soon. जल्दी ठीक हो जाओ।,ham
"Bhai, canteen में मिलते हैं lunch के time।",ham
"Income Tax Department: आपका ₹18,500 का refund pending है। Account details update करें।",spam
आपका UPI PIN 3 बार गलत enter हुआ। Account lock से बचने के लिए अभी verify करें।,spam
"Bhai, घर का light bill pay हो गया क्या?",ham
New joiners का orientation tomorrow morning है।,ham
Project का deadline extend हो गया है 2 दिन।,ham
"Yaar, project की deadline कल है। Library में मिलो।",ham
"Bhai, exam कैसा गया? Result कब आएगा?",ham
UIDAI Notice: आपका Aadhaar किसी और के mobile से link हो गया है। Fix करने के लिए call करें।,spam
PM Awas Yojana: आपका नाम list में है। ₹2.5 lakh की subsidy पाने के लिए registration करें।,spam
"Interview 3 बजे है, थोड़ा पहले पहुंच जाएं।",ham
New joiners का orientation tomorrow morning है।,ham
"छोटू, homework कर लिया? आज exam है ना।",ham
Office का Wi-Fi maintenance के लिए 2 घंटे बंद रहेगा।,ham
"Bhai, police case में फंस गया हूँ। ₹15,000 चाहिए वकील के लिए। family को मत बताना अभी।",spam
"Train 20 minutes late है, platform 4 पर है।",ham
आपका UPI PIN 3 बार गलत enter हुआ। Account lock से बचने के लिए अभी verify करें।,spam
"आपने online survey complete किया। ₹3,500 का reward मिला है। Claim करने के लिए account details दें।",spam
Congratulations on promotion! बहुत मेहनत की तुमने।,ham
"Interview 3 बजे है, थोड़ा पहले पहुंच जाएं।",ham
आज बाजार से दूध और सब्जी लेते आना।,ham
"Yaar, नई movie देखी? Reviews बहुत अच्छे हैं।",ham
WhatsApp warning: आपका account ban होने वाला है। Verify करने के लिए OTP forward करें।,spam
"Bhai, exam कैसा गया? Result कब आएगा?",ham
"Yaar, कल cricket match देखने चलना है। Ground पर।",ham
Reliance Digital: आप lucky winner हैं! iPhone 15 जीता। Collect करने के लिए registration fee भरें।,spam
"Library book return करनी है, deadline है।",ham
"Sir, report आज शाम तक submit हो जाएगी।",ham
Exam में अच्छे marks आए! माँ बहुत खुश हैं।,ham
"Papa, गाड़ी का insurance renew हो गया।",ham
Project का deadline extend हो गया है 2 दिन।,ham
"Yaar, semester की marksheet आ गई। अच्छे marks हैं।",ham
"Byju's Hiring: online teacher चाहिए। Monthly ₹40,000। Interview के लिए ₹200 का form भरें।",spam
"आज घर पर guests आ रहे हैं, जल्दी आ जाओ।",ham
"माँ, आज देर से आऊंगा। रात का खाना मत रखना।",ham
Happy Anniversary! हमेशा खुश रहो।,ham
"Yaar, project की deadline कल है। Library में मिलो।",ham
Meeting 11 बजे conference room में है।,ham
"Dost, internship के लिए apply किया? Last date है कल।",ham
"Income Tax Department: आपका ₹18,500 का refund pending है। Account details update करें।",spam
Happy Anniversary! हमेशा खुश रहो।,ham
"Bhai, exam कैसा गया? Result कब आएगा?",ham
"Sir, report आज शाम तक submit हो जाएगी।",ham
"Papa, गाड़ी का insurance renew हो गया।",ham
Scooter servicing के लिए garage ले जाओ।,ham
"भैया, कल का program confirm है ना? Time बताओ।",ham
"GST Department: आपके business पर ₹12,000 का penalty लगाया गया है। 7 दिन में pay करें।",spam
"भैया, कल का program confirm है ना? Time बताओ।",ham
"Yaar, project की deadline कल है। Library में मिलो।",ham
"Sir, report आज शाम तक submit हो जाएगी।",ham
बधाई हो! आपका mobile number KBC lucky draw में select हुआ। ₹25 lakh जीतें। अभी call करें।,spam
Electricity bill ₹850 का आया है। Pay कर देना।,ham
"Data entry job: घर बैठे काम करें। Daily 2-3 घंटे। Monthly ₹25,000। Training fee ₹1,500।",spam
"Bhai, घर का light bill pay हो गया क्या?",ham
"Bhai, exam कैसा गया? Result कब आएगा?",ham
Office का Wi-Fi maintenance के लिए 2 घंटे बंद रहेगा।,ham
"Take care, travel safe.",ham
"दोस्त, मेरा wallet गुम हो गया। Station पर हूँ। ₹500 UPI कर दो, घर पहुंचकर return करता हूँ।",spam
"MLM business: ₹5,000 invest करें और ₹50,000 monthly कमाएं। Team join करें आज ही।",spam
कल football खेलने जाना है? Team ready है।,ham
New joiners का orientation tomorrow morning है।,ham
Doctor का appointment 10 बजे है। साथ चलोगे?,ham
"Byju's Hiring: online teacher चाहिए। Monthly ₹40,000। Interview के लिए ₹200 का form भरें।",spam
"Yaar, कल cricket match देखने चलना है। Ground पर।",ham
Happy Anniversary! हमेशा खुश रहो।,ham
Quarterly review next week schedule हुई है।,ham
"Raincoat ले जाओ, बारिश का forecast है।",ham
Project का deadline extend हो गया है 2 दिन।,ham
Meeting 11 बजे conference room में है।,ham
"Google Pay: आपको ₹1,200 का cashback मिला है। 24 घंटे में claim नहीं किया तो expire हो जाएगा।",spam
"Mummy ji, मैं hospital में हूँ। Phone खो गया। इस number पर ₹5,000 transfer करो please।",spam
"Sir, report आज शाम तक submit हो जाएगी।",ham
Project का deadline extend हो गया है 2 दिन।,ham
"Library book return करनी है, deadline है।",ham
"Neighbour के यहाँ function है, evening में जाएंगे।",ham
"Bhai, hostel का mess food आज बहुत अच्छा था।",ham
कल football खेलने जाना है? Team ready है।,ham
Online tutor चाहिए। ₹500 per hour। Registration के लिए ₹300 का form fill करें।,spam
Project का deadline extend हो गया है 2 दिन।,ham
"GST Department: आपके business पर ₹12,000 का penalty लगाया गया है। 7 दिन में pay करें।",spam
"Miss you yaar, कब मिलोगे?",ham
"GST Department: आपके business पर ₹12,000 का penalty लगाया गया है। 7 दिन में pay करें।",spam
"Bhai, exam कैसा गया? Result कब आएगा?",ham
"माँ, दादी की दवाई pharmacy से ले आई हूँ।",ham
आज का दिन बहुत अच्छा था! खुश हूँ बहुत।,ham
"Yaar, नई movie देखी? Reviews बहुत अच्छे हैं।",ham
"Library book return करनी है, deadline है।",ham
Doctor का appointment 10 बजे है। साथ चलोगे?,ham
Driving License Authority: आपका license expire होने वाला है। Online renew करें ₹150 fee के साथ।,spam
"Yaar, कल cricket match देखने चलना है। Ground पर।",ham
"Didi, तुम्हारे लिए Lucknow से special मिठाई लाया हूँ।",ham
"Miss you yaar, कब मिलोगे?",ham
Congratulations on promotion! बहुत मेहनत की तुमने।,ham
"Papa, salary account में आ गई। Bills pay कर दो।",ham
State Government lottery: ticket number 4521 winner है। ₹10 lakh का prize claim करें।,spam
Exam में अच्छे marks आए! माँ बहुत खुश हैं।,ham
"Dear Customer, आपकी net banking 24 घंटे में expire होगी। अभी renew करें bit.ly/sbi-renew",spam
PM Awas Yojana: आपका नाम list में है। ₹2.5 lakh की subsidy पाने के लिए registration करें।,spam
"Papa, गाड़ी का insurance renew हो गया।",ham
"Neighbour के यहाँ function है, evening में जाएंगे।",ham
"Share market tips: 100% accurate calls। First 3 calls free। Premium membership ₹2,000/month।",spam
"Papa, गाड़ी का insurance renew हो गया।",ham
"माँ, आज देर से आऊंगा। रात का खाना मत रखना।",ham
बच्चे का school tomorrow closed है।,ham
"Sir, report आज शाम तक submit हो जाएगी।",ham
"Mummy ji, मैं hospital में हूँ। Phone खो गया। इस number पर ₹5,000 transfer करो please।",spam
"Yaar, project की deadline कल है। Library में मिलो।",ham
"Dost, birthday party 7 बजे है। आना मत भूलना।",ham
"Train 20 minutes late है, platform 4 पर है।",ham
Passport Seva: आपका passport application pending है। Documents upload करें अन्यथा reject होगा।,spam
Swiggy Order lucky customer: free meal voucher जीता! Redeem करने के लिए इस link पर जाएं।,spam
Electricity bill ₹850 का आया है। Pay कर देना।,ham
बच्चे का school tomorrow closed है।,ham
Online tutor चाहिए। ₹500 per hour। Registration के लिए ₹300 का form fill करें।,spam
Doctor का appointment 10 बजे है। साथ चलोगे?,ham
"Take care, travel safe.",ham
"Sir, मैं आपका पुराना student हूँ। बहुत मुश्किल में हूँ। ₹3,000 की जरूरत है। return कर दूंगा।",spam
"Respected sir, आपकी company में job चाहिए। Interview के लिए ₹500 registration fee है।",spam
"Yaar, project की deadline कल है। Library में मिलो।",ham
Microsoft Support: आपका Windows license expire हो गया। ₹800 में renew करें।,spam
"Bhai, शादी की shopping कब करने जाएं?",ham
"Papa, salary account में आ गई। Bills pay कर दो।",ham
Driving License Authority: आपका license expire होने वाला है। Online renew करें ₹150 fee के साथ।,spam
New joiners का orientation tomorrow morning है।,ham
Amazon Great Indian Sale: आप winner हैं! MacBook Pro जीता। Delivery के लिए ₹299 shipping fee भरें।,spam
Microsoft Support: आपका Windows license expire हो गया। ₹800 में renew करें।,spam
"Miss you yaar, कब मिलोगे?",ham
Project का deadline extend हो गया है 2 दिन।,ham
"Income Tax Department: आपका ₹18,500 का refund pending है। Account details update करें।",spam
बहुत थक गया हूँ आज। घर जाकर सोना है।,ham
"भैया, कल का program confirm है ना? Time बताओ।",ham
Driving License Authority: आपका license expire होने वाला है। Online renew करें ₹150 fee के साथ।,spam
"Yaar, कल cricket match देखने चलना है। Ground पर।",ham
Office का Wi-Fi maintenance के लिए 2 घंटे बंद रहेगा।,ham
"आज बारिश में भीग गया, मजा आया!",ham
Doctor का appointment 10 बजे है। साथ चलोगे?,ham
"बेटा, रात को ठंड है, jacket पहन कर निकलना।",ham
"Beta, यह Sharma uncle बोल रहे हैं। Emergency है। ₹10,000 इस account में transfer कर दो।",spam
"Dost, birthday party 7 बजे है। आना मत भूलना।",ham
आज का दिन बहुत अच्छा था! खुश हूँ बहुत।,ham
"Bank of Baroda: आपकी FD mature हो गई है। ₹50,000 release करने के लिए processing fee ₹500 भरें।",spam
"Bhai, शादी की shopping कब करने जाएं?",ham
"Team lunch cancel हो गया, boss बाहर हैं।",ham
Project का deadline extend हो गया है 2 दिन।,ham
"Yaar, नई movie देखी? Reviews बहुत अच्छे हैं।",ham
"Yaar, project की deadline कल है। Library में मिलो।",ham
"Take care, travel safe.",ham
"Library book return करनी है, deadline है।",ham
"Bhai, hostel का mess food आज बहुत अच्छा था।",ham
"Respected sir, आपकी company में job चाहिए। Interview के लिए ₹500 registration fee है।",spam
"Team lunch cancel हो गया, boss बाहर हैं।",ham
"Annual leave apply की है, approve हो जाएगी।",ham
"Mummy ji, मैं hospital में हूँ। Phone खो गया। इस number पर ₹5,000 transfer करो please।",spam
Get well soon. जल्दी ठीक हो जाओ।,ham
"MLM business: ₹5,000 invest करें और ₹50,000 monthly कमाएं। Team join करें आज ही।",spam
"Train 20 minutes late है, platform 4 पर है।",ham
"Zomato anniversary offer: आपने ₹500 का voucher जीता! 2 घंटे में expire होगा, अभी use करें।",spam
New joiners का orientation tomorrow morning है।,ham
"Take care, travel safe.",ham
"Annual leave apply की है, approve हो जाएगी।",ham
BSNL Monthly Lucky Draw: आपका number ₹5 lakh के लिए select हुआ। details@bsnl-lucky.in पर mail करें।,spam
बच्चे का school tomorrow closed है।,ham
Electricity bill ₹850 का आया है। Pay कर देना।,ham
Happy Anniversary! हमेशा खुश रहो।,ham
"Bhai, canteen में मिलते हैं lunch के time।",ham
Amazon Great Indian Sale: आप winner हैं! MacBook Pro जीता। Delivery के लिए ₹299 shipping fee भरें।,spam
नई job का first day था। Colleagues अच्छे हैं।,ham
"Bhai, शादी की shopping कब करने जाएं?",ham
Microsoft Support: आपका Windows license expire हो गया। ₹800 में renew करें।,spam
New joiners का orientation tomorrow morning है।,ham
"आज बारिश में भीग गया, मजा आया!",ham
"माँ, दादी की दवाई pharmacy से ले आई हूँ।",ham
"EPF Department: आपके PF account में error है। ₹45,000 release के लिए online verify करें।",spam
"भैया, कल का program confirm है ना? Time बताओ।",ham
"Sir, report आज शाम तक submit हो जाएगी।",ham
"Bhai, शादी की shopping कब करने जाएं?",ham
"छोटू, homework कर लिया? आज exam है ना।",ham
Jio Dhan Dhana Dhan: 1 साल की free service जीती आपने! Activate करने के लिए OTP दें।,spam
"Sir, report आज शाम तक submit हो जाएगी।",ham
"Neighbour के यहाँ function है, evening में जाएंगे।",ham
"Bhai, शादी की shopping कब करने जाएं?",ham
बच्चे का school tomorrow closed है।,ham
बहुत थक गया हूँ आज। घर जाकर सोना है।,ham
"Dost, birthday party 7 बजे है। आना मत भूलना।",ham
Happy Anniversary! हमेशा खुश रहो।,ham
"बेटा, रात को ठंड है, jacket पहन कर निकलना।",ham
Happy Anniversary! हमेशा खुश रहो।,ham
Reliance Digital: आप lucky winner हैं! iPhone 15 जीता। Collect करने के लिए registration fee भरें।,spam
Happy Anniversary! हमेशा खुश रहो।,ham
Meeting 11 बजे conference room में है।,ham
Flipkart Diwali Offer: आपके order पर surprise gift select हुआ। Claim करने के लिए यहाँ click करें।,spam
"Bhai, घर का light bill pay हो गया क्या?",ham
"Papa, गाड़ी का insurance renew हो गया।",ham
"Bhai, exam कैसा गया? Result कब आएगा?",ham
New joiners का orientation tomorrow morning है।,ham
"Yaar, कल cricket match देखने चलना है। Ground पर।",ham
IRCTC: आपकी Tatkal ticket automatically cancel हो गई। Refund के लिए bank details confirm करें।,spam
"Bhai, शादी की shopping कब करने जाएं?",ham
"माँ, आज देर से आऊंगा। रात का खाना मत रखना।",ham
"Raincoat ले जाओ, बारिश का forecast है।",ham
"दोस्त, मेरा wallet गुम हो गया। Station पर हूँ। ₹500 UPI कर दो, घर पहुंचकर return करता हूँ।",spam
बच्चे का school tomorrow closed है।,ham
ICICI Bank: KYC incomplete है। आज रात 12 बजे तक update नहीं किया तो account freeze होगा।,spam
"MLM business: ₹5,000 invest करें और ₹50,000 monthly कमाएं। Team join करें आज ही।",spam
Exam में अच्छे marks आए! माँ बहुत खुश हैं।,ham
Get well soon. जल्दी ठीक हो जाओ।,ham
"आपके Paytm account से ₹2,000 का unauthorized transaction हुआ। Cancel करने के लिए OTP दें।",spam
"Take care, travel safe.",ham
"Team lunch cancel हो गया, boss बाहर हैं।",ham
बहुत थक गया हूँ आज। घर जाकर सोना है।,ham
"Work from home opportunity: घर बैठे daily ₹2,000 कमाएं। Registration के लिए ₹500 invest करें।",spam
"Bhai, exam कैसा गया? Result कब आएगा?",ham
"Income Tax Department: आपका ₹18,500 का refund pending है। Account details update करें।",spam
"Miss you yaar, कब मिलोगे?",ham
"Library book return करनी है, deadline है।",ham
"Bhai, शादी की shopping कब करने जाएं?",ham
"Sir, मैं आपका पुराना student हूँ। बहुत मुश्किल में हूँ। ₹3,000 की जरूरत है। return कर दूंगा।",spam
"Library book return करनी है, deadline है।",ham
"Mummy ji, मैं hospital में हूँ। Phone खो गया। इस number पर ₹5,000 transfer करो please।",spam
Office का Wi-Fi maintenance के लिए 2 घंटे बंद रहेगा।,ham
"Crypto investment: ₹1,000 invest करें, 30 दिन में ₹15,000 guaranteed। Trusted platform।",spam
Electricity bill ₹850 का आया है। Pay कर देना।,ham
"Library book return करनी है, deadline है।",ham
आज का दिन बहुत अच्छा था! खुश हूँ बहुत।,ham
"Library book return करनी है, deadline है।",ham
आज का दिन बहुत अच्छा था! खुश हूँ बहुत।,ham
"Bhai, exam कैसा गया? Result कब आएगा?",ham
"Bank of Baroda: आपकी FD mature हो गई है। ₹50,000 release करने के लिए processing fee ₹500 भरें।",spam
"Yaar, project की deadline कल है। Library में मिलो।",ham
"Bhai, exam कैसा गया? Result कब आएगा?",ham
"आपके Paytm account से ₹2,000 का unauthorized transaction हुआ। Cancel करने के लिए OTP दें।",spam
आपके phone में dangerous virus detect हुआ। Data safe रखने के लिए यह app install करें।,spam
Amazon Great Indian Sale: आप winner हैं! MacBook Pro जीता। Delivery के लिए ₹299 shipping fee भरें।,spam
"Amazon seller program: घर बैठे selling करें। ₹10,000 monthly guaranteed। Join fee ₹2,000।",spam
"Yaar, project की deadline कल है। Library में मिलो।",ham
"Bhai, hostel का mess food आज बहुत अच्छा था।",ham
Scooter servicing के लिए garage ले जाओ।,ham
"Bhai, घर का light bill pay हो गया क्या?",ham
"माँ, दादी की दवाई pharmacy से ले आई हूँ।",ham
"Respected sir, आपकी company में job चाहिए। Interview के लिए ₹500 registration fee है।",spam
Swiggy Order lucky customer: free meal voucher जीता! Redeem करने के लिए इस link पर जाएं।,spam
नई job का first day था। Colleagues अच्छे हैं।,ham
"भैया, कल का program confirm है ना? Time बताओ।",ham
"भैया, कल का program confirm है ना? Time बताओ।",ham
Congratulations on promotion! बहुत मेहनत की तुमने।,ham
आज का दिन बहुत अच्छा था! खुश हूँ बहुत।,ham
WhatsApp warning: आपका account ban होने वाला है। Verify करने के लिए OTP forward करें।,spam
"Dost, internship के लिए apply किया? Last date है कल।",ham
Doctor का appointment 10 बजे है। साथ चलोगे?,ham
"बेटा, रात को ठंड है, jacket पहन कर निकलना।",ham
Scooter servicing के लिए garage ले जाओ।,ham
"बेटा, रात को ठंड है, jacket पहन कर निकलना।",ham
PhonePe alert: आपके account में suspicious login detect हुई। Verify करें: phonepe-secure.in,spam
"Dost, internship के लिए apply किया? Last date है कल।",ham
"Bhai, घर का light bill pay हो गया क्या?",ham
"छोटू, homework कर लिया? आज exam है ना।",ham
ICICI Bank: KYC incomplete है। आज रात 12 बजे तक update नहीं किया तो account freeze होगा।,spam
Congratulations on promotion! बहुत मेहनत की तुमने।,ham
आज बाजार से दूध और सब्जी लेते आना।,ham
बच्चे का school tomorrow closed है।,ham
Driving License Authority: आपका license expire होने वाला है। Online renew करें ₹150 fee के साथ।,spam
"दोस्त, मेरा wallet गुम हो गया। Station पर हूँ। ₹500 UPI कर दो, घर पहुंचकर return करता हूँ।",spam
"भैया, कल का program confirm है ना? Time बताओ।",ham
"Sir, मैं आपका पुराना student हूँ। बहुत मुश्किल में हूँ। ₹3,000 की जरूरत है। return कर दूंगा।",spam
"Interview 3 बजे है, थोड़ा पहले पहुंच जाएं।",ham
"भैया, कल का program confirm है ना? Time बताओ।",ham
Happy Anniversary! हमेशा खुश रहो।,ham
"Library book return करनी है, deadline है।",ham
Jio Dhan Dhana Dhan: 1 साल की free service जीती आपने! Activate करने के लिए OTP दें।,spam
आज बाजार से दूध और सब्जी लेते आना।,ham
बच्चे का school tomorrow closed है।,ham
"Raincoat ले जाओ, बारिश का forecast है।",ham
"Sir, report आज शाम तक submit हो जाएगी।",ham
Doctor का appointment 10 बजे है। साथ चलोगे?,ham
"माँ, आज देर से आऊंगा। रात का खाना मत रखना।",ham
Passport Seva: आपका passport application pending है। Documents upload करें अन्यथा reject होगा।,spam
आपका UPI PIN 3 बार गलत enter हुआ। Account lock से बचने के लिए अभी verify करें।,spam
"Dost, internship के लिए apply किया? Last date है कल।",ham
Meeting 11 बजे conference room में है।,ham
Project का deadline extend हो गया है 2 दिन।,ham
नई job का first day था। Colleagues अच्छे हैं।,ham
"Library book return करनी है, deadline है।",ham
बधाई हो! आपका mobile number KBC lucky draw में select हुआ। ₹25 lakh जीतें। अभी call करें।,spam
"Sir, report आज शाम तक submit हो जाएगी।",ham
"माँ, दादी की दवाई pharmacy से ले आई हूँ।",ham
"EPF Department: आपके PF account में error है। ₹45,000 release के लिए online verify करें।",spam
Meeting 11 बजे conference room में है।,ham
BSNL Monthly Lucky Draw: आपका number ₹5 lakh के लिए select हुआ। details@bsnl-lucky.in पर mail करें।,spam
Doctor का appointment 10 बजे है। साथ चलोगे?,ham
"Sir, report आज शाम तक submit हो जाएगी।",ham
"Beta, यह Sharma uncle बोल रहे हैं। Emergency है। ₹10,000 इस account में transfer कर दो।",spam
"Bhai, शादी की shopping कब करने जाएं?",ham
नई job का first day था। Colleagues अच्छे हैं।,ham
"Didi, तुम्हारे लिए Lucknow से special मिठाई लाया हूँ।",ham
"Dost, birthday party 7 बजे है। आना मत भूलना।",ham
"Bhai, police case में फंस गया हूँ। ₹15,000 चाहिए वकील के लिए। family को मत बताना अभी।",spam
"Raincoat ले जाओ, बारिश का forecast है।",ham
बच्चे का school tomorrow closed है।,ham
Swiggy Order lucky customer: free meal voucher जीता! Redeem करने के लिए इस link पर जाएं।,spam
PM Awas Yojana: आपका नाम list में है। ₹2.5 lakh की subsidy पाने के लिए registration करें।,spam
"Dost, birthday party 7 बजे है। आना मत भूलना।",ham
आज का दिन बहुत अच्छा था! खुश हूँ बहुत।,ham
New joiners का orientation tomorrow morning है।,ham
"आपके Paytm account से ₹2,000 का unauthorized transaction हुआ। Cancel करने के लिए OTP दें।",spam
"Didi, तुम्हारे लिए Lucknow से special मिठाई लाया हूँ।",ham
Amazon Great Indian Sale: आप winner हैं! MacBook Pro जीता। Delivery के लिए ₹299 shipping fee भरें।,spam
Swiggy Order lucky customer: free meal voucher जीता! Redeem करने के लिए इस link पर जाएं।,spam
आपके phone में dangerous virus detect हुआ। Data safe रखने के लिए यह app install करें।,spam
"Mummy ji, मैं hospital में हूँ। Phone खो गया। इस number पर ₹5,000 transfer करो please।",spam
"Dost, internship के लिए apply किया? Last date है कल।",ham
"EPF Department: आपके PF account में error है। ₹45,000 release के लिए online verify करें।",spam
Scooter servicing के लिए garage ले जाओ।,ham
IRCTC: आपकी Tatkal ticket automatically cancel हो गई। Refund के लिए bank details confirm करें।,spam
"Yaar, project की deadline कल है। Library में मिलो।",ham
IRCTC: आपकी Tatkal ticket automatically cancel हो गई। Refund के लिए bank details confirm करें।,spam
बच्चे का school tomorrow closed है।,ham
"Sir, report आज शाम तक submit हो जाएगी।",ham
"Amazon seller program: घर बैठे selling करें। ₹10,000 monthly guaranteed। Join fee ₹2,000।",spam
"माँ, आज देर से आऊंगा। रात का खाना मत रखना।",ham
"Miss you yaar, कब मिलोगे?",ham
"Client meeting postpone हो गई, Friday को होगी।",ham
"Bank of Baroda: आपकी FD mature हो गई है। ₹50,000 release करने के लिए processing fee ₹500 भरें।",spam
"भैया, कल का program confirm है ना? Time बताओ।",ham
"बेटा, रात को ठंड है, jacket पहन कर निकलना।",ham
Scooter servicing के लिए garage ले जाओ।,ham
"Amazon seller program: घर बैठे selling करें। ₹10,000 monthly guaranteed। Join fee ₹2,000।",spam
"Dost, internship के लिए apply किया? Last date है कल।",ham
"बेटा, रात को ठंड है, jacket पहन कर निकलना।",ham
आपका Gmail account किसी और device से access किया जा रहा है। तुरंत password change करें।,spam
Get well soon. जल्दी ठीक हो जाओ।,ham
Doctor का appointment 10 बजे है। साथ चलोगे?,ham
"Neighbour के यहाँ function है, evening में जाएंगे।",ham
Project का deadline extend हो गया है 2 दिन।,ham
"छोटू, homework कर लिया? आज exam है ना।",ham
"Neighbour के यहाँ function है, evening में जाएंगे।",ham
BSNL Monthly Lucky Draw: आपका number ₹5 lakh के लिए select हुआ। details@bsnl-lucky.in पर mail करें।,spam
"Data entry job: घर बैठे काम करें। Daily 2-3 घंटे। Monthly ₹25,000। Training fee ₹1,500।",spam
"Dost, internship के लिए apply किया? Last date है कल।",ham
"Byju's Hiring: online teacher चाहिए। Monthly ₹40,000। Interview के लिए ₹200 का form भरें।",spam
आज बाजार से दूध और सब्जी लेते आना।,ham
"माँ, दादी की दवाई pharmacy से ले आई हूँ।",ham
"Client meeting postpone हो गई, Friday को होगी।",ham
"Amazon seller program: घर बैठे selling करें। ₹10,000 monthly guaranteed। Join fee ₹2,000।",spam
नई job का first day था। Colleagues अच्छे हैं।,ham
Get well soon. जल्दी ठीक हो जाओ।,ham
"Bhai, police case में फंस गया हूँ। ₹15,000 चाहिए वकील के लिए। family को मत बताना अभी।",spam
ICICI Bank: KYC incomplete है। आज रात 12 बजे तक update नहीं किया तो account freeze होगा।,spam
"MLM business: ₹5,000 invest करें और ₹50,000 monthly कमाएं। Team join करें आज ही।",spam
"Share market tips: 100% accurate calls। First 3 calls free। Premium membership ₹2,000/month।",spam
"Neighbour के यहाँ function है, evening में जाएंगे।",ham
"Raincoat ले जाओ, बारिश का forecast है।",ham
Exam में अच्छे marks आए! माँ बहुत खुश हैं।,ham
"बेटा, रात को ठंड है, jacket पहन कर निकलना।",ham
Happy Anniversary! हमेशा खुश रहो।,ham
"Neighbour के यहाँ function है, evening में जाएंगे।",ham
"छोटू, homework कर लिया? आज exam है ना।",ham
"Take care, travel safe.",ham
"भैया, कल का program confirm है ना? Time बताओ।",ham
"माँ, आज देर से आऊंगा। रात का खाना मत रखना।",ham
"Yaar, project की deadline कल है। Library में मिलो।",ham
PM Awas Yojana: आपका नाम list में है। ₹2.5 lakh की subsidy पाने के लिए registration करें।,spam
Doctor का appointment 10 बजे है। साथ चलोगे?,ham
"Didi, तुम्हारे लिए Lucknow से special मिठाई लाया हूँ।",ham
आज का दिन बहुत अच्छा था! खुश हूँ बहुत।,ham
"छोटू, homework कर लिया? आज exam है ना।",ham
"Respected sir, आपकी company में job चाहिए। Interview के लिए ₹500 registration fee है।",spam
Office का Wi-Fi maintenance के लिए 2 घंटे बंद रहेगा।,ham
"प्रिय ग्राहक, आपका SBI खाता अस्थायी रूप से बंद कर दिया गया है। OTP दर्ज करें: sbi-kyc.com",spam
"Yaar, नई movie देखी? Reviews बहुत अच्छे हैं।",ham
"आज घर पर guests आ रहे हैं, जल्दी आ जाओ।",ham
"Work from home opportunity: घर बैठे daily ₹2,000 कमाएं। Registration के लिए ₹500 invest करें।",spam
बहुत थक गया हूँ आज। घर जाकर सोना है।,ham
"Sir, report आज शाम तक submit हो जाएगी।",ham
Project का deadline extend हो गया है 2 दिन।,ham
"बेटा, रात को ठंड है, jacket पहन कर निकलना।",ham
"Raincoat ले जाओ, बारिश का forecast है।",ham
आपके phone में dangerous virus detect हुआ। Data safe रखने के लिए यह app install करें।,spam
"Client meeting postpone हो गई, Friday को होगी।",ham
"Miss you yaar, कब मिलोगे?",ham
Driving License Authority: आपका license expire होने वाला है। Online renew करें ₹150 fee के साथ।,spam
Meeting 11 बजे conference room में है।,ham
Amazon Great Indian Sale: आप winner हैं! MacBook Pro जीता। Delivery के लिए ₹299 shipping fee भरें।,spam
"Papa, गाड़ी का insurance renew हो गया।",ham
"Bhai, शादी की shopping कब करने जाएं?",ham
Microsoft Support: आपका Windows license expire हो गया। ₹800 में renew करें।,spam
Passport Seva: आपका passport application pending है। Documents upload करें अन्यथा reject होगा।,spam
"Bhai, शादी की shopping कब करने जाएं?",ham
Get well soon. जल्दी ठीक हो जाओ।,ham
"Papa, salary account में आ गई। Bills pay कर दो।",ham
"Beta, यह Sharma uncle बोल रहे हैं। Emergency है। ₹10,000 इस account में transfer कर दो।",spam
"बेटा, रात को ठंड है, jacket पहन कर निकलना।",ham
नई job का first day था। Colleagues अच्छे हैं।,ham
"MLM business: ₹5,000 invest करें और ₹50,000 monthly कमाएं। Team join करें आज ही।",spam
"आपने online survey complete किया। ₹3,500 का reward मिला है। Claim करने के लिए account details दें।",spam
Office का Wi-Fi maintenance के लिए 2 घंटे बंद रहेगा।,ham
"Sir, report आज शाम तक submit हो जाएगी।",ham
Exam में अच्छे marks आए! माँ बहुत खुश हैं।,ham
"Income Tax Department: आपका ₹18,500 का refund pending है। Account details update करें।",spam
"आज घर पर guests आ रहे हैं, जल्दी आ जाओ।",ham
आज बाजार से दूध और सब्जी लेते आना।,ham
नई job का first day था। Colleagues अच्छे हैं।,ham
"Bhai, canteen में मिलते हैं lunch के time।",ham
कल football खेलने जाना है? Team ready है।,ham
"माँ, आज देर से आऊंगा। रात का खाना मत रखना।",ham
WhatsApp warning: आपका account ban होने वाला है। Verify करने के लिए OTP forward करें।,spam
आज का दिन बहुत अच्छा था! खुश हूँ बहुत।,ham
"Library book return करनी है, deadline है।",ham
New joiners का orientation tomorrow morning है।,ham
Flipkart Diwali Offer: आपके order पर surprise gift select हुआ। Claim करने के लिए यहाँ click करें।,spam
"Sir, report आज शाम तक submit हो जाएगी।",ham
"Axis Bank Alert: आपके account से ₹8,500 debit हुए। यदि आपने नहीं किया तो 1800-XXX पर call करें।",spam
UIDAI Notice: आपका Aadhaar किसी और के mobile से link हो गया है। Fix करने के लिए call करें।,spam
कल football खेलने जाना है? Team ready है।,ham
"माँ, दादी की दवाई pharmacy से ले आई हूँ।",ham
"Client meeting postpone हो गई, Friday को होगी।",ham
Mutual fund advisor: हमारे fund में invest करें। Annual 45% return guaranteed।,spam
Office का Wi-Fi maintenance के लिए 2 घंटे बंद रहेगा।,ham
"Sir, report आज शाम तक submit हो जाएगी।",ham
कल football खेलने जाना है? Team ready है।,ham
"Didi, तुम्हारे लिए Lucknow से special मिठाई लाया हूँ।",ham
"Yaar, semester की marksheet आ गई। अच्छे marks हैं।",ham
"Team lunch cancel हो गया, boss बाहर हैं।",ham
"Respected sir, आपकी company में job चाहिए। Interview के लिए ₹500 registration fee है।",spam
"Bhai, canteen में मिलते हैं lunch के time।",ham
"आपने online survey complete किया। ₹3,500 का reward मिला है। Claim करने के लिए account details दें।",spam
"Take care, travel safe.",ham
"भैया, कल का program confirm है ना? Time बताओ।",ham
"छोटू, homework कर लिया? आज exam है ना।",ham
Happy Anniversary! हमेशा खुश रहो।,ham
PM Awas Yojana: आपका नाम list में है। ₹2.5 lakh की subsidy पाने के लिए registration करें।,spam
"Work from home opportunity: घर बैठे daily ₹2,000 कमाएं। Registration के लिए ₹500 invest करें।",spam
Jio Dhan Dhana Dhan: 1 साल की free service जीती आपने! Activate करने के लिए OTP दें।,spam
बधाई हो! आपका mobile number KBC lucky draw में select हुआ। ₹25 lakh जीतें। अभी call करें।,spam
Scooter servicing के लिए garage ले जाओ।,ham
"Neighbour के यहाँ function है, evening में जाएंगे।",ham
"Beta, यह Sharma uncle बोल रहे हैं। Emergency है। ₹10,000 इस account में transfer कर दो।",spam
"आज घर पर guests आ रहे हैं, जल्दी आ जाओ।",ham
Microsoft Support: आपका Windows license expire हो गया। ₹800 में renew करें।,spam
"Bhai, exam कैसा गया? Result कब आएगा?",ham
"EPF Department: आपके PF account में error है। ₹45,000 release के लिए online verify करें।",spam
"Bhai, hostel का mess food आज बहुत अच्छा था।",ham
"Yaar, project की deadline कल है। Library में मिलो।",ham
कल football खेलने जाना है? Team ready है।,ham
Doctor का appointment 10 बजे है। साथ चलोगे?,ham
Doctor का appointment 10 बजे है। साथ चलोगे?,ham
आपका Gmail account किसी और device से access किया जा रहा है। तुरंत password change करें।,spam
"Interview 3 बजे है, थोड़ा पहले पहुंच जाएं।",ham
"माँ, आज देर से आऊंगा। रात का खाना मत रखना।",ham
"आज घर पर guests आ रहे हैं, जल्दी आ जाओ।",ham
"Yaar, project की deadline कल है। Library में मिलो।",ham
"Interview 3 बजे है, थोड़ा पहले पहुंच जाएं।",ham
Apple ID Alert: आपका iCloud storage full है। Data delete होने से पहले यहाँ backup करें।,spam
Apple ID Alert: आपका iCloud storage full है। Data delete होने से पहले यहाँ backup करें।,spam
"भैया, कल का program confirm है ना? Time बताओ।",ham
आपके phone में dangerous virus detect हुआ। Data safe रखने के लिए यह app install करें।,spam
BSNL Monthly Lucky Draw: आपका number ₹5 lakh के लिए select हुआ। details@bsnl-lucky.in पर mail करें।,spam
"छोटू, homework कर लिया? आज exam है ना।",ham
बहुत थक गया हूँ आज। घर जाकर सोना है।,ham
Electricity bill ₹850 का आया है। Pay कर देना।,ham
State Government lottery: ticket number 4521 winner है। ₹10 lakh का prize claim करें।,spam
Doctor का appointment 10 बजे है। साथ चलोगे?,ham
"Bhai, शादी की shopping कब करने जाएं?",ham
नई job का first day था। Colleagues अच्छे हैं।,ham
New joiners का orientation tomorrow morning है।,ham
ICICI Bank: KYC incomplete है। आज रात 12 बजे तक update नहीं किया तो account freeze होगा।,spam
"Respected sir, आपकी company में job चाहिए। Interview के लिए ₹500 registration fee है।",spam
Jio Dhan Dhana Dhan: 1 साल की free service जीती आपने! Activate करने के लिए OTP दें।,spam
नई job का first day था। Colleagues अच्छे हैं।,ham
Scooter servicing के लिए garage ले जाओ।,ham
Swiggy Order lucky customer: free meal voucher जीता! Redeem करने के लिए इस link पर जाएं।,spam
"Bhai, शादी की shopping कब करने जाएं?",ham
"Team lunch cancel हो गया, boss बाहर हैं।",ham
"Mummy ji, मैं hospital में हूँ। Phone खो गया। इस number पर ₹5,000 transfer करो please।",spam
"Zomato anniversary offer: आपने ₹500 का voucher जीता! 2 घंटे में expire होगा, अभी use करें।",spam
"बेटा, रात को ठंड है, jacket पहन कर निकलना।",ham
"Bhai, exam कैसा गया? Result कब आएगा?",ham
"Annual leave apply की है, approve हो जाएगी।",ham
"Google Pay: आपको ₹1,200 का cashback मिला है। 24 घंटे में claim नहीं किया तो expire हो जाएगा।",spam
"माँ, दादी की दवाई pharmacy से ले आई हूँ।",ham
IRCTC: आपकी Tatkal ticket automatically cancel हो गई। Refund के लिए bank details confirm करें।,spam
Apple ID Alert: आपका iCloud storage full है। Data delete होने से पहले यहाँ backup करें।,spam
"माँ, आज देर से आऊंगा। रात का खाना मत रखना।",ham
"Didi, तुम्हारे लिए Lucknow से special मिठाई लाया हूँ।",ham
Office का Wi-Fi maintenance के लिए 2 घंटे बंद रहेगा।,ham
UIDAI Notice: आपका Aadhaar किसी और के mobile से link हो गया है। Fix करने के लिए call करें।,spam
"Miss you yaar, कब मिलोगे?",ham
"Yaar, semester की marksheet आ गई। अच्छे marks हैं।",ham
"Yaar, semester की marksheet आ गई। अच्छे marks हैं।",ham
Swiggy Order lucky customer: free meal voucher जीता! Redeem करने के लिए इस link पर जाएं।,spam
बच्चे का school tomorrow closed है।,ham
"Data entry job: घर बैठे काम करें। Daily 2-3 घंटे। Monthly ₹25,000। Training fee ₹1,500।",spam
"बेटा, रात को ठंड है, jacket पहन कर निकलना।",ham
"Interview 3 बजे है, थोड़ा पहले पहुंच जाएं।",ham
बहुत थक गया हूँ आज। घर जाकर सोना है।,ham
"Bhai, घर का light bill pay हो गया क्या?",ham
Congratulations on promotion! बहुत मेहनत की तुमने।,ham
Project का deadline extend हो गया है 2 दिन।,ham
आज का दिन बहुत अच्छा था! खुश हूँ बहुत।,ham
"Bhai, canteen में मिलते हैं lunch के time।",ham
Online tutor चाहिए। ₹500 per hour। Registration के लिए ₹300 का form fill करें।,spam
Doctor का appointment 10 बजे है। साथ चलोगे?,ham
PM Awas Yojana: आपका नाम list में है। ₹2.5 lakh की subsidy पाने के लिए registration करें।,spam
Get well soon. जल्दी ठीक हो जाओ।,ham
आज बाजार से दूध और सब्जी लेते आना।,ham
"आपने online survey complete किया। ₹3,500 का reward मिला है। Claim करने के लिए account details दें।",spam
"माँ, दादी की दवाई pharmacy से ले आई हूँ।",ham
Scooter servicing के लिए garage ले जाओ।,ham
"Client meeting postpone हो गई, Friday को होगी।",ham
"Yaar, project की deadline कल है। Library में मिलो।",ham
"बेटा, रात को ठंड है, jacket पहन कर निकलना।",ham
Meeting 11 बजे conference room में है।,ham
"Sir, report आज शाम तक submit हो जाएगी।",ham
"Mummy ji, मैं hospital में हूँ। Phone खो गया। इस number पर ₹5,000 transfer करो please।",spam
आपका Gmail account किसी और device से access किया जा रहा है। तुरंत password change करें।,spam
Get well soon. जल्दी ठीक हो जाओ।,ham
State Government lottery: ticket number 4521 winner है। ₹10 lakh का prize claim करें।,spam
बधाई हो! आपका mobile number KBC lucky draw में select हुआ। ₹25 lakh जीतें। अभी call करें।,spam
"Dost, internship के लिए apply किया? Last date है कल।",ham
"Sir, report आज शाम तक submit हो जाएगी।",ham
PM Awas Yojana: आपका नाम list में है। ₹2.5 lakh की subsidy पाने के लिए registration करें।,spam
"बेटा, रात को ठंड है, jacket पहन कर निकलना।",ham
"छोटू, homework कर लिया? आज exam है ना।",ham
"EPF Department: आपके PF account में error है। ₹45,000 release के लिए online verify करें।",spam
Swiggy Order lucky customer: free meal voucher जीता! Redeem करने के लिए इस link पर जाएं।,spam
Meeting 11 बजे conference room में है।,ham
"आज बारिश में भीग गया, मजा आया!",ham
Project का deadline extend हो गया है 2 दिन।,ham
Swiggy Order lucky customer: free meal voucher जीता! Redeem करने के लिए इस link पर जाएं।,spam
"Bhai, शादी की shopping कब करने जाएं?",ham
"माँ, आज देर से आऊंगा। रात का खाना मत रखना।",ham
"आज बारिश में भीग गया, मजा आया!",ham
कल football खेलने जाना है? Team ready है।,ham
"Neighbour के यहाँ function है, evening में जाएंगे।",ham
Quarterly review next week schedule हुई है।,ham
आज बाजार से दूध और सब्जी लेते आना।,ham
आज बाजार से दूध और सब्जी लेते आना।,ham
बच्चे का school tomorrow closed है।,ham
"Bhai, canteen में मिलते हैं lunch के time।",ham
बहुत थक गया हूँ आज। घर जाकर सोना है।,ham
"Miss you yaar, कब मिलोगे?",ham
New joiners का orientation tomorrow morning है।,ham
नई job का first day था। Colleagues अच्छे हैं।,ham
"प्रिय ग्राहक, आपका SBI खाता अस्थायी रूप से बंद कर दिया गया है। OTP दर्ज करें: sbi-kyc.com",spam
बहुत थक गया हूँ आज। घर जाकर सोना है।,ham
"भैया, कल का program confirm है ना? Time बताओ।",ham
"Respected sir, आपकी company में job चाहिए। Interview के लिए ₹500 registration fee है।",spam
YouTube channel grow करें। Subscribers बढ़ाएं। हमारा package ₹999 में। Results guaranteed।,spam
"Miss you yaar, कब मिलोगे?",ham
Congratulations on promotion! बहुत मेहनत की तुमने।,ham
Election Commission: आपका voter ID update आवश्यक है। OTP के साथ verify करें।,spam
"Team lunch cancel हो गया, boss बाहर हैं।",ham
"Dost, internship के लिए apply किया? Last date है कल।",ham
"Library book return करनी है, deadline है।",ham
Quarterly review next week schedule हुई है।,ham
"माँ, दादी की दवाई pharmacy से ले आई हूँ।",ham
"Team lunch cancel हो गया, boss बाहर हैं।",ham
Happy Anniversary! हमेशा खुश रहो।,ham
"Bhai, hostel का mess food आज बहुत अच्छा था।",ham
"आज घर पर guests आ रहे हैं, जल्दी आ जाओ।",ham
Electricity bill ₹850 का आया है। Pay कर देना।,ham
UIDAI Notice: आपका Aadhaar किसी और के mobile से link हो गया है। Fix करने के लिए call करें।,spam
"बेटा, रात को ठंड है, jacket पहन कर निकलना।",ham
IRCTC: आपकी Tatkal ticket automatically cancel हो गई। Refund के लिए bank details confirm करें।,spam
आज का दिन बहुत अच्छा था! खुश हूँ बहुत।,ham
Exam में अच्छे marks आए! माँ बहुत खुश हैं।,ham
"Dost, internship के लिए apply किया? Last date है कल।",ham
बहुत थक गया हूँ आज। घर जाकर सोना है।,ham
"Beta, यह Sharma uncle बोल रहे हैं। Emergency है। ₹10,000 इस account में transfer कर दो।",spam
New joiners का orientation tomorrow morning है।,ham
"Respected sir, आपकी company में job चाहिए। Interview के लिए ₹500 registration fee है।",spam
Get well soon. जल्दी ठीक हो जाओ।,ham
"Sir, report आज शाम तक submit हो जाएगी।",ham
ICICI Bank: KYC incomplete है। आज रात 12 बजे तक update नहीं किया तो account freeze होगा।,spam
"Data entry job: घर बैठे काम करें। Daily 2-3 घंटे। Monthly ₹25,000। Training fee ₹1,500।",spam
"Bhai, घर का light bill pay हो गया क्या?",ham
Get well soon. जल्दी ठीक हो जाओ।,ham
"माँ, आज देर से आऊंगा। रात का खाना मत रखना।",ham
"Dost, internship के लिए apply किया? Last date है कल।",ham
"Didi, तुम्हारे लिए Lucknow से special मिठाई लाया हूँ।",ham
"Interview 3 बजे है, थोड़ा पहले पहुंच जाएं।",ham
"Bhai, घर का light bill pay हो गया क्या?",ham
"Take care, travel safe.",ham
"Neighbour के यहाँ function है, evening में जाएंगे।",ham
Scooter servicing के लिए garage ले जाओ।,ham
"Take care, travel safe.",ham
New joiners का orientation tomorrow morning है।,ham
"माँ, दादी की दवाई pharmacy से ले आई हूँ।",ham
Meeting 11 बजे conference room में है।,ham
UIDAI Notice: आपका Aadhaar किसी और के mobile से link हो गया है। Fix करने के लिए call करें।,spam
"Income Tax Department: आपका ₹18,500 का refund pending है। Account details update करें।",spam
"Neighbour के यहाँ function है, evening में जाएंगे।",ham
"भैया, कल का program confirm है ना? Time बताओ।",ham
"Library book return करनी है, deadline है।",ham
"माँ, आज देर से आऊंगा। रात का खाना मत रखना।",ham
"Take care, travel safe.",ham
"माँ, आज देर से आऊंगा। रात का खाना मत रखना।",ham
"HDFC BANK: आपके account में ₹15,000 की unauthorized entry हुई। तुरंत 9876543210 पर call करें।",spam
Project का deadline extend हो गया है 2 दिन।,ham
कल football खेलने जाना है? Team ready है।,ham
बहुत थक गया हूँ आज। घर जाकर सोना है।,ham
"Library book return करनी है, deadline है।",ham
"Bhai, घर का light bill pay हो गया क्या?",ham
"आज बारिश में भीग गया, मजा आया!",ham
"Dost, birthday party 7 बजे है। आना मत भूलना।",ham
Election Commission: आपका voter ID update आवश्यक है। OTP के साथ verify करें।,spam
"Team lunch cancel हो गया, boss बाहर हैं।",ham
"Didi, तुम्हारे लिए Lucknow से special मिठाई लाया हूँ।",ham
"Papa, salary account में आ गई। Bills pay कर दो।",ham
"Didi, तुम्हारे लिए Lucknow से special मिठाई लाया हूँ।",ham
"Dear Customer, आपकी net banking 24 घंटे में expire होगी। अभी renew करें bit.ly/sbi-renew",spam
Swiggy Order lucky customer: free meal voucher जीता! Redeem करने के लिए इस link पर जाएं।,spam
आपके phone में dangerous virus detect हुआ। Data safe रखने के लिए यह app install करें।,spam
"Didi, तुम्हारे लिए Lucknow से special मिठाई लाया हूँ।",ham
"Bhai, hostel का mess food आज बहुत अच्छा था।",ham
"Annual leave apply की है, approve हो जाएगी।",ham
कल football खेलने जाना है? Team ready है।,ham
"Yaar, कल cricket match देखने चलना है। Ground पर।",ham
"Axis Bank Alert: आपके account से ₹8,500 debit हुए। यदि आपने नहीं किया तो 1800-XXX पर call करें।",spam
Quarterly review next week schedule हुई है।,ham
"Bhai, hostel का mess food आज बहुत अच्छा था।",ham
"Zomato anniversary offer: आपने ₹500 का voucher जीता! 2 घंटे में expire होगा, अभी use करें।",spam
"छोटू, homework कर लिया? आज exam है ना।",ham
"Bhai, canteen में मिलते हैं lunch के time।",ham
बच्चे का school tomorrow closed है।,ham
Exam में अच्छे marks आए! माँ बहुत खुश हैं।,ham
Meeting 11 बजे conference room में है।,ham
"Client meeting postpone हो गई, Friday को होगी।",ham
New joiners का orientation tomorrow morning है।,ham
WhatsApp warning: आपका account ban होने वाला है। Verify करने के लिए OTP forward करें।,spam
"Raincoat ले जाओ, बारिश का forecast है।",ham
UIDAI Notice: आपका Aadhaar किसी और के mobile से link हो गया है। Fix करने के लिए call करें।,spam
बहुत थक गया हूँ आज। घर जाकर सोना है।,ham
Quarterly review next week schedule हुई है।,ham
Doctor का appointment 10 बजे है। साथ चलोगे?,ham
"Yaar, नई movie देखी? Reviews बहुत अच्छे हैं।",ham
"Bhai, घर का light bill pay हो गया क्या?",ham
Swiggy Order lucky customer: free meal voucher जीता! Redeem करने के लिए इस link पर जाएं।,spam
Quarterly review next week schedule हुई है।,ham
Project का deadline extend हो गया है 2 दिन।,ham
"Yaar, नई movie देखी? Reviews बहुत अच्छे हैं।",ham
"Annual leave apply की है, approve हो जाएगी।",ham
"आज बारिश में भीग गया, मजा आया!",ham
"HDFC BANK: आपके account में ₹15,000 की unauthorized entry हुई। तुरंत 9876543210 पर call करें।",spam
"Papa, गाड़ी का insurance renew हो गया।",ham
बधाई हो! आपका mobile number KBC lucky draw में select हुआ। ₹25 lakh जीतें। अभी call करें।,spam
"आज घर पर guests आ रहे हैं, जल्दी आ जाओ।",ham
Doctor का appointment 10 बजे है। साथ चलोगे?,ham
Exam में अच्छे marks आए! माँ बहुत खुश हैं।,ham
"Didi, तुम्हारे लिए Lucknow से special मिठाई लाया हूँ।",ham
New joiners का orientation tomorrow morning है।,ham
कल football खेलने जाना है? Team ready है।,ham
"Respected sir, आपकी company में job चाहिए। Interview के लिए ₹500 registration fee है।",spam
"Miss you yaar, कब मिलोगे?",ham
"EPF Department: आपके PF account में error है। ₹45,000 release के लिए online verify करें।",spam
"Papa, गाड़ी का insurance renew हो गया।",ham
"Didi, तुम्हारे लिए Lucknow से special मिठाई लाया हूँ।",ham
"Papa, salary account में आ गई। Bills pay कर दो।",ham
"छोटू, homework कर लिया? आज exam है ना।",ham
Quarterly review next week schedule हुई है।,ham
"Income Tax Department: आपका ₹18,500 का refund pending है। Account details update करें।",spam
"Bhai, police case में फंस गया हूँ। ₹15,000 चाहिए वकील के लिए। family को मत बताना अभी।",spam
"Dost, internship के लिए apply किया? Last date है कल।",ham
"Bhai, exam कैसा गया? Result कब आएगा?",ham
Congratulations on promotion! बहुत मेहनत की तुमने।,ham
"दोस्त, मेरा wallet गुम हो गया। Station पर हूँ। ₹500 UPI कर दो, घर पहुंचकर return करता हूँ।",spam
Project का deadline extend हो गया है 2 दिन।,ham
"Sir, report आज शाम तक submit हो जाएगी।",ham
बहुत थक गया हूँ आज। घर जाकर सोना है।,ham
"Amazon seller program: घर बैठे selling करें। ₹10,000 monthly guaranteed। Join fee ₹2,000।",spam
Electricity bill ₹850 का आया है। Pay कर देना।,ham
Microsoft Support: आपका Windows license expire हो गया। ₹800 में renew करें।,spam
Passport Seva: आपका passport application pending है। Documents upload करें अन्यथा reject होगा।,spam
"Bhai, घर का light bill pay हो गया क्या?",ham
"Bhai, घर का light bill pay हो गया क्या?",ham
"Google Pay: आपको ₹1,200 का cashback मिला है। 24 घंटे में claim नहीं किया तो expire हो जाएगा।",spam
"माँ, आज देर से आऊंगा। रात का खाना मत रखना।",ham
PhonePe alert: आपके account में suspicious login detect हुई। Verify करें: phonepe-secure.in,spam
Exam में अच्छे marks आए! माँ बहुत खुश हैं।,ham
"Library book return करनी है, deadline है।",ham
"Yaar, कल cricket match देखने चलना है। Ground पर।",ham
State Government lottery: ticket number 4521 winner है। ₹10 lakh का prize claim करें।,spam
"Annual leave apply की है, approve हो जाएगी।",ham
बच्चे का school tomorrow closed है।,ham
"Papa, गाड़ी का insurance renew हो गया।",ham
Get well soon. जल्दी ठीक हो जाओ।,ham
Congratulations on promotion! बहुत मेहनत की तुमने।,ham
कल football खेलने जाना है? Team ready है।,ham
"Papa, गाड़ी का insurance renew हो गया।",ham
"Axis Bank Alert: आपके account से ₹8,500 debit हुए। यदि आपने नहीं किया तो 1800-XXX पर call करें।",spam
"Sir, report आज शाम तक submit हो जाएगी।",ham
"Papa, salary account में आ गई। Bills pay कर दो।",ham
"माँ, आज देर से आऊंगा। रात का खाना मत रखना।",ham
"बेटा, रात को ठंड है, jacket पहन कर निकलना।",ham
बहुत थक गया हूँ आज। घर जाकर सोना है।,ham
"माँ, आज देर से आऊंगा। रात का खाना मत रखना।",ham
"Sir, report आज शाम तक submit हो जाएगी।",ham
"Mummy ji, मैं hospital में हूँ। Phone खो गया। इस number पर ₹5,000 transfer करो please।",spam
"Dear Customer, आपकी net banking 24 घंटे में expire होगी। अभी renew करें bit.ly/sbi-renew",spam
"Zomato anniversary offer: आपने ₹500 का voucher जीता! 2 घंटे में expire होगा, अभी use करें।",spam
WhatsApp warning: आपका account ban होने वाला है। Verify करने के लिए OTP forward करें।,spam
"Bhai, exam कैसा गया? Result कब आएगा?",ham
"Team lunch cancel हो गया, boss बाहर हैं।",ham
"Didi, तुम्हारे लिए Lucknow से special मिठाई लाया हूँ।",ham
Get well soon. जल्दी ठीक हो जाओ।,ham
"Papa, salary account में आ गई। Bills pay कर दो।",ham
आपका Gmail account किसी और device से access किया जा रहा है। तुरंत password change करें।,spam
UIDAI Notice: आपका Aadhaar किसी और के mobile से link हो गया है। Fix करने के लिए call करें।,spam
"माँ, दादी की दवाई pharmacy से ले आई हूँ।",ham
"MLM business: ₹5,000 invest करें और ₹50,000 monthly कमाएं। Team join करें आज ही।",spam
"Yaar, semester की marksheet आ गई। अच्छे marks हैं।",ham
"Interview 3 बजे है, थोड़ा पहले पहुंच जाएं।",ham
आज का दिन बहुत अच्छा था! खुश हूँ बहुत।,ham
"आपने online survey complete किया। ₹3,500 का reward मिला है। Claim करने के लिए account details दें।",spam
"दोस्त, मेरा wallet गुम हो गया। Station पर हूँ। ₹500 UPI कर दो, घर पहुंचकर return करता हूँ।",spam
Driving License Authority: आपका license expire होने वाला है। Online renew करें ₹150 fee के साथ।,spam
"Dost, birthday party 7 बजे है। आना मत भूलना।",ham
बहुत थक गया हूँ आज। घर जाकर सोना है।,ham
"Raincoat ले जाओ, बारिश का forecast है।",ham
"Team lunch cancel हो गया, boss बाहर हैं।",ham
PM Awas Yojana: आपका नाम list में है। ₹2.5 lakh की subsidy पाने के लिए registration करें।,spam
बहुत थक गया हूँ आज। घर जाकर सोना है।,ham
Get well soon. जल्दी ठीक हो जाओ।,ham
"Interview 3 बजे है, थोड़ा पहले पहुंच जाएं।",ham
आज बाजार से दूध और सब्जी लेते आना।,ham
"Didi, तुम्हारे लिए Lucknow से special मिठाई लाया हूँ।",ham
"Didi, तुम्हारे लिए Lucknow से special मिठाई लाया हूँ।",ham
"Dost, internship के लिए apply किया? Last date है कल।",ham
आज का दिन बहुत अच्छा था! खुश हूँ बहुत।,ham
"Neighbour के यहाँ function है, evening में जाएंगे।",ham
"भैया, कल का program confirm है ना? Time बताओ।",ham
"Train 20 minutes late है, platform 4 पर है।",ham
"Yaar, कल cricket match देखने चलना है। Ground पर।",ham
Exam में अच्छे marks आए! माँ बहुत खुश हैं।,ham
PhonePe alert: आपके account में suspicious login detect हुई। Verify करें: phonepe-secure.in,spam
Electricity bill ₹850 का आया है। Pay कर देना।,ham
"Sir, मैं आपका पुराना student हूँ। बहुत मुश्किल में हूँ। ₹3,000 की जरूरत है। return कर दूंगा।",spam
"Bhai, canteen में मिलते हैं lunch के time।",ham
"बेटा, रात को ठंड है, jacket पहन कर निकलना।",ham
आज का दिन बहुत अच्छा था! खुश हूँ बहुत।,ham
"Train 20 minutes late है, platform 4 पर है।",ham
Office का Wi-Fi maintenance के लिए 2 घंटे बंद रहेगा।,ham
"Dost, internship के लिए apply किया? Last date है कल।",ham
"Neighbour के यहाँ function है, evening में जाएंगे।",ham
Passport Seva: आपका passport application pending है। Documents upload करें अन्यथा reject होगा।,spam
"Zomato anniversary offer: आपने ₹500 का voucher जीता! 2 घंटे में expire होगा, अभी use करें।",spam
"Yaar, semester की marksheet आ गई। अच्छे marks हैं।",ham
"Bhai, canteen में मिलते हैं lunch के time।",ham
Apple ID Alert: आपका iCloud storage full है। Data delete होने से पहले यहाँ backup करें।,spam
"Crypto investment: ₹1,000 invest करें, 30 दिन में ₹15,000 guaranteed। Trusted platform।",spam
"Amazon seller program: घर बैठे selling करें। ₹10,000 monthly guaranteed। Join fee ₹2,000।",spam
"Papa, salary account में आ गई। Bills pay कर दो।",ham
"Income Tax Department: आपका ₹18,500 का refund pending है। Account details update करें।",spam
नई job का first day था। Colleagues अच्छे हैं।,ham
Mutual fund advisor: हमारे fund में invest करें। Annual 45% return guaranteed।,spam
IRCTC: आपकी Tatkal ticket automatically cancel हो गई। Refund के लिए bank details confirm करें।,spam
"Bhai, hostel का mess food आज बहुत अच्छा था।",ham
"Bhai, शादी की shopping कब करने जाएं?",ham
"दोस्त, मेरा wallet गुम हो गया। Station पर हूँ। ₹500 UPI कर दो, घर पहुंचकर return करता हूँ।",spam
"Dost, internship के लिए apply किया? Last date है कल।",ham
"Raincoat ले जाओ, बारिश का forecast है।",ham
"Zomato anniversary offer: आपने ₹500 का voucher जीता! 2 घंटे में expire होगा, अभी use करें।",spam
"Client meeting postpone हो गई, Friday को होगी।",ham
Doctor का appointment 10 बजे है। साथ चलोगे?,ham
"आज बारिश में भीग गया, मजा आया!",ham
"Client meeting postpone हो गई, Friday को होगी।",ham
"Bhai, घर का light bill pay हो गया क्या?",ham
Congratulations on promotion! बहुत मेहनत की तुमने।,ham
Flipkart Diwali Offer: आपके order पर surprise gift select हुआ। Claim करने के लिए यहाँ click करें।,spam
"Share market tips: 100% accurate calls। First 3 calls free। Premium membership ₹2,000/month।",spam
"Zomato anniversary offer: आपने ₹500 का voucher जीता! 2 घंटे में expire होगा, अभी use करें।",spam
"Crypto investment: ₹1,000 invest करें, 30 दिन में ₹15,000 guaranteed। Trusted platform।",spam
Meeting 11 बजे conference room में है।,ham
Microsoft Support: आपका Windows license expire हो गया। ₹800 में renew करें।,spam
"आज घर पर guests आ रहे हैं, जल्दी आ जाओ।",ham
कल football खेलने जाना है? Team ready है।,ham
"Axis Bank Alert: आपके account से ₹8,500 debit हुए। यदि आपने नहीं किया तो 1800-XXX पर call करें।",spam
आज का दिन बहुत अच्छा था! खुश हूँ बहुत।,ham
"आपके Paytm account से ₹2,000 का unauthorized transaction हुआ। Cancel करने के लिए OTP दें।",spam
"Didi, तुम्हारे लिए Lucknow से special मिठाई लाया हूँ।",ham
"Papa, गाड़ी का insurance renew हो गया।",ham
Doctor का appointment 10 बजे है। साथ चलोगे?,ham
WhatsApp warning: आपका account ban होने वाला है। Verify करने के लिए OTP forward करें।,spam
कल football खेलने जाना है? Team ready है।,ham
"माँ, आज देर से आऊंगा। रात का खाना मत रखना।",ham
"Yaar, project की deadline कल है। Library में मिलो।",ham
"भैया, कल का program confirm है ना? Time बताओ।",ham
Amazon Great Indian Sale: आप winner हैं! MacBook Pro जीता। Delivery के लिए ₹299 shipping fee भरें।,spam
"Work from home opportunity: घर बैठे daily ₹2,000 कमाएं। Registration के लिए ₹500 invest करें।",spam
नई job का first day था। Colleagues अच्छे हैं।,ham
"आज घर पर guests आ रहे हैं, जल्दी आ जाओ।",ham
Exam में अच्छे marks आए! माँ बहुत खुश हैं।,ham
"Interview 3 बजे है, थोड़ा पहले पहुंच जाएं।",ham
"Data entry job: घर बैठे काम करें। Daily 2-3 घंटे। Monthly ₹25,000। Training fee ₹1,500।",spam
"Miss you yaar, कब मिलोगे?",ham
"Yaar, project की deadline कल है। Library में मिलो।",ham
Get well soon. जल्दी ठीक हो जाओ।,ham
"आज घर पर guests आ रहे हैं, जल्दी आ जाओ।",ham
"Raincoat ले जाओ, बारिश का forecast है।",ham
"Bhai, canteen में मिलते हैं lunch के time।",ham
आज बाजार से दूध और सब्जी लेते आना।,ham
"Axis Bank Alert: आपके account से ₹8,500 debit हुए। यदि आपने नहीं किया तो 1800-XXX पर call करें।",spam
"Papa, salary account में आ गई। Bills pay कर दो।",ham
"Train 20 minutes late है, platform 4 पर है।",ham
कल football खेलने जाना है? Team ready है।,ham
"Dost, birthday party 7 बजे है। आना मत भूलना।",ham
Mutual fund advisor: हमारे fund में invest करें। Annual 45% return guaranteed।,spam
Electricity bill ₹850 का आया है। Pay कर देना।,ham
"Sir, मैं आपका पुराना student हूँ। बहुत मुश्किल में हूँ। ₹3,000 की जरूरत है। return कर दूंगा।",spam
"Sir, report आज शाम तक submit हो जाएगी।",ham
Project का deadline extend हो गया है 2 दिन।,ham
"Dost, birthday party 7 बजे है। आना मत भूलना।",ham
"Yaar, project की deadline कल है। Library में मिलो।",ham
बच्चे का school tomorrow closed है।,ham
Doctor का appointment 10 बजे है। साथ चलोगे?,ham
"Bhai, घर का light bill pay हो गया क्या?",ham
"Crypto investment: ₹1,000 invest करें, 30 दिन में ₹15,000 guaranteed। Trusted platform।",spam
"Google Pay: आपको ₹1,200 का cashback मिला है। 24 घंटे में claim नहीं किया तो expire हो जाएगा।",spam
Happy Anniversary! हमेशा खुश रहो।,ham
BSNL Monthly Lucky Draw: आपका number ₹5 lakh के लिए select हुआ। details@bsnl-lucky.in पर mail करें।,spam
"Team lunch cancel हो गया, boss बाहर हैं।",ham
Electricity bill ₹850 का आया है। Pay कर देना।,ham
"छोटू, homework कर लिया? आज exam है ना।",ham
"Yaar, semester की marksheet आ गई। अच्छे marks हैं।",ham
"Miss you yaar, कब मिलोगे?",ham
"HDFC BANK: आपके account में ₹15,000 की unauthorized entry हुई। तुरंत 9876543210 पर call करें।",spam
बच्चे का school tomorrow closed है।,ham
"Bhai, hostel का mess food आज बहुत अच्छा था।",ham
"Train 20 minutes late है, platform 4 पर है।",ham
बच्चे का school tomorrow closed है।,ham
"आज बारिश में भीग गया, मजा आया!",ham
"Byju's Hiring: online teacher चाहिए। Monthly ₹40,000। Interview के लिए ₹200 का form भरें।",spam
Electricity bill ₹850 का आया है। Pay कर देना।,ham
"Bhai, exam कैसा गया? Result कब आएगा?",ham
Get well soon. जल्दी ठीक हो जाओ।,ham
Project का deadline extend हो गया है 2 दिन।,ham
"Dost, birthday party 7 बजे है। आना मत भूलना।",ham
"Google Pay: आपको ₹1,200 का cashback मिला है। 24 घंटे में claim नहीं किया तो expire हो जाएगा।",spam
"Bhai, exam कैसा गया? Result कब आएगा?",ham
"बेटा, रात को ठंड है, jacket पहन कर निकलना।",ham
"छोटू, homework कर लिया? आज exam है ना।",ham
"Train 20 minutes late है, platform 4 पर है।",ham
"Amazon seller program: घर बैठे selling करें। ₹10,000 monthly guaranteed। Join fee ₹2,000।",spam
Scooter servicing के लिए garage ले जाओ।,ham
Jio Dhan Dhana Dhan: 1 साल की free service जीती आपने! Activate करने के लिए OTP दें।,spam
बच्चे का school tomorrow closed है।,ham
Quarterly review next week schedule हुई है।,ham
Scooter servicing के लिए garage ले जाओ।,ham
"Bhai, शादी की shopping कब करने जाएं?",ham
बधाई हो! आपका mobile number KBC lucky draw में select हुआ। ₹25 lakh जीतें। अभी call करें।,spam
PM Awas Yojana: आपका नाम list में है। ₹2.5 lakh की subsidy पाने के लिए registration करें।,spam
"Yaar, कल cricket match देखने चलना है। Ground पर।",ham
"Yaar, semester की marksheet आ गई। अच्छे marks हैं।",ham
Congratulations on promotion! बहुत मेहनत की तुमने।,ham
"प्रिय ग्राहक, आपका SBI खाता अस्थायी रूप से बंद कर दिया गया है। OTP दर्ज करें: sbi-kyc.com",spam
आपके phone में dangerous virus detect हुआ। Data safe रखने के लिए यह app install करें।,spam
"Interview 3 बजे है, थोड़ा पहले पहुंच जाएं।",ham
"Share market tips: 100% accurate calls। First 3 calls free। Premium membership ₹2,000/month।",spam
"Bhai, exam कैसा गया? Result कब आएगा?",ham
"Yaar, semester की marksheet आ गई। अच्छे marks हैं।",ham
"Bhai, canteen में मिलते हैं lunch के time।",ham
आज बाजार से दूध और सब्जी लेते आना।,ham
आपके phone में dangerous virus detect हुआ। Data safe रखने के लिए यह app install करें।,spam
"Axis Bank Alert: आपके account से ₹8,500 debit हुए। यदि आपने नहीं किया तो 1800-XXX पर call करें।",spam
"Bhai, शादी की shopping कब करने जाएं?",ham
Get well soon. जल्दी ठीक हो जाओ।,ham
"Sir, report आज शाम तक submit हो जाएगी।",ham
बच्चे का school tomorrow closed है।,ham
Meeting 11 बजे conference room में है।,ham
"Byju's Hiring: online teacher चाहिए। Monthly ₹40,000। Interview के लिए ₹200 का form भरें।",spam
Scooter servicing के लिए garage ले जाओ।,ham
"Dost, internship के लिए apply किया? Last date है कल।",ham
"Team lunch cancel हो गया, boss बाहर हैं।",ham
Jio Dhan Dhana Dhan: 1 साल की free service जीती आपने! Activate करने के लिए OTP दें।,spam
"Didi, तुम्हारे लिए Lucknow से special मिठाई लाया हूँ।",ham
"Bhai, canteen में मिलते हैं lunch के time।",ham
"Client meeting postpone हो गई, Friday को होगी।",ham
"आपने online survey complete किया। ₹3,500 का reward मिला है। Claim करने के लिए account details दें।",spam
"Bhai, शादी की shopping कब करने जाएं?",ham
"Zomato anniversary offer: आपने ₹500 का voucher जीता! 2 घंटे में expire होगा, अभी use करें।",spam
"Google Pay: आपको ₹1,200 का cashback मिला है। 24 घंटे में claim नहीं किया तो expire हो जाएगा।",spam
नई job का first day था। Colleagues अच्छे हैं।,ham
"आज बारिश में भीग गया, मजा आया!",ham
"Papa, salary account में आ गई। Bills pay कर दो।",ham
"आपने online survey complete किया। ₹3,500 का reward मिला है। Claim करने के लिए account details दें।",spam
"Papa, गाड़ी का insurance renew हो गया।",ham
ICICI Bank: KYC incomplete है। आज रात 12 बजे तक update नहीं किया तो account freeze होगा।,spam
बहुत थक गया हूँ आज। घर जाकर सोना है।,ham
"Crypto investment: ₹1,000 invest करें, 30 दिन में ₹15,000 guaranteed। Trusted platform।",spam
"Take care, travel safe.",ham
"Bhai, शादी की shopping कब करने जाएं?",ham
"Bhai, canteen में मिलते हैं lunch के time।",ham
आपके phone में dangerous virus detect हुआ। Data safe रखने के लिए यह app install करें।,spam
"आपके Paytm account से ₹2,000 का unauthorized transaction हुआ। Cancel करने के लिए OTP दें।",spam
आज का दिन बहुत अच्छा था! खुश हूँ बहुत।,ham
"आज घर पर guests आ रहे हैं, जल्दी आ जाओ।",ham
"Google Pay: आपको ₹1,200 का cashback मिला है। 24 घंटे में claim नहीं किया तो expire हो जाएगा।",spam
"माँ, आज देर से आऊंगा। रात का खाना मत रखना।",ham
"Yaar, project की deadline कल है। Library में मिलो।",ham
बधाई हो! आपका mobile number KBC lucky draw में select हुआ। ₹25 lakh जीतें। अभी call करें।,spam
"आज घर पर guests आ रहे हैं, जल्दी आ जाओ।",ham
"आपने online survey complete किया। ₹3,500 का reward मिला है। Claim करने के लिए account details दें।",spam
"Beta, यह Sharma uncle बोल रहे हैं। Emergency है। ₹10,000 इस account में transfer कर दो।",spam
Project का deadline extend हो गया है 2 दिन।,ham
Exam में अच्छे marks आए! माँ बहुत खुश हैं।,ham
"माँ, दादी की दवाई pharmacy से ले आई हूँ।",ham
Scooter servicing के लिए garage ले जाओ।,ham
कल football खेलने जाना है? Team ready है।,ham
"Bhai, hostel का mess food आज बहुत अच्छा था।",ham
"Work from home opportunity: घर बैठे daily ₹2,000 कमाएं। Registration के लिए ₹500 invest करें।",spam
Passport Seva: आपका passport application pending है। Documents upload करें अन्यथा reject होगा।,spam
बच्चे का school tomorrow closed है।,ham
Doctor का appointment 10 बजे है। साथ चलोगे?,ham
"Bhai, घर का light bill pay हो गया क्या?",ham
"Miss you yaar, कब मिलोगे?",ham
"प्रिय ग्राहक, आपका SBI खाता अस्थायी रूप से बंद कर दिया गया है। OTP दर्ज करें: sbi-kyc.com",spam
आपका Gmail account किसी और device से access किया जा रहा है। तुरंत password change करें।,spam
"प्रिय ग्राहक, आपका SBI खाता अस्थायी रूप से बंद कर दिया गया है। OTP दर्ज करें: sbi-kyc.com",spam
"Neighbour के यहाँ function है, evening में जाएंगे।",ham
"Yaar, नई movie देखी? Reviews बहुत अच्छे हैं।",ham
Quarterly review next week schedule हुई है।,ham
Get well soon. जल्दी ठीक हो जाओ।,ham
Get well soon. जल्दी ठीक हो जाओ।,ham
Doctor का appointment 10 बजे है। साथ चलोगे?,ham
"बेटा, रात को ठंड है, jacket पहन कर निकलना।",ham
Project का deadline extend हो गया है 2 दिन।,ham
"Library book return करनी है, deadline है।",ham
PhonePe alert: आपके account में suspicious login detect हुई। Verify करें: phonepe-secure.in,spam
"Google Pay: आपको ₹1,200 का cashback मिला है। 24 घंटे में claim नहीं किया तो expire हो जाएगा।",spam
"Dost, internship के लिए apply किया? Last date है कल।",ham
"Take care, travel safe.",ham
"भैया, कल का program confirm है ना? Time बताओ।",ham
"Income Tax Department: आपका ₹18,500 का refund pending है। Account details update करें।",spam
"आज घर पर guests आ रहे हैं, जल्दी आ जाओ।",ham
"Client meeting postpone हो गई, Friday को होगी।",ham
"प्रिय ग्राहक, आपका SBI खाता अस्थायी रूप से बंद कर दिया गया है। OTP दर्ज करें: sbi-kyc.com",spam
Office का Wi-Fi maintenance के लिए 2 घंटे बंद रहेगा।,ham
Get well soon. जल्दी ठीक हो जाओ।,ham
Driving License Authority: आपका license expire होने वाला है। Online renew करें ₹150 fee के साथ।,spam
Happy Anniversary! हमेशा खुश रहो।,ham
"Client meeting postpone हो गई, Friday को होगी।",ham
Scooter servicing के लिए garage ले जाओ।,ham
"Bhai, घर का light bill pay हो गया क्या?",ham
PhonePe alert: आपके account में suspicious login detect हुई। Verify करें: phonepe-secure.in,spam
Swiggy Order lucky customer: free meal voucher जीता! Redeem करने के लिए इस link पर जाएं।,spam
"Bhai, police case में फंस गया हूँ। ₹15,000 चाहिए वकील के लिए। family को मत बताना अभी।",spam
"Didi, तुम्हारे लिए Lucknow से special मिठाई लाया हूँ।",ham
Office का Wi-Fi maintenance के लिए 2 घंटे बंद रहेगा।,ham
"Sir, report आज शाम तक submit हो जाएगी।",ham
PM Awas Yojana: आपका नाम list में है। ₹2.5 lakh की subsidy पाने के लिए registration करें।,spam
"Annual leave apply की है, approve हो जाएगी।",ham
Meeting 11 बजे conference room में है।,ham
"GST Department: आपके business पर ₹12,000 का penalty लगाया गया है। 7 दिन में pay करें।",spam
Passport Seva: आपका passport application pending है। Documents upload करें अन्यथा reject होगा।,spam
"Share market tips: 100% accurate calls। First 3 calls free। Premium membership ₹2,000/month।",spam
"Papa, गाड़ी का insurance renew हो गया।",ham
"Bhai, hostel का mess food आज बहुत अच्छा था।",ham
"Annual leave apply की है, approve हो जाएगी।",ham
"भैया, कल का program confirm है ना? Time बताओ।",ham
बधाई हो! आपका mobile number KBC lucky draw में select हुआ। ₹25 lakh जीतें। अभी call करें।,spam
कल football खेलने जाना है? Team ready है।,ham
Apple ID Alert: आपका iCloud storage full है। Data delete होने से पहले यहाँ backup करें।,spam
"Papa, salary account में आ गई। Bills pay कर दो।",ham
Electricity bill ₹850 का आया है। Pay कर देना।,ham
Get well soon. जल्दी ठीक हो जाओ।,ham
"माँ, दादी की दवाई pharmacy से ले आई हूँ।",ham
"Miss you yaar, कब मिलोगे?",ham
"Zomato anniversary offer: आपने ₹500 का voucher जीता! 2 घंटे में expire होगा, अभी use करें।",spam
Mutual fund advisor: हमारे fund में invest करें। Annual 45% return guaranteed।,spam
"Sir, report आज शाम तक submit हो जाएगी।",ham
"HDFC BANK: आपके account में ₹15,000 की unauthorized entry हुई। तुरंत 9876543210 पर call करें।",spam
"Miss you yaar, कब मिलोगे?",ham
बच्चे का school tomorrow closed है।,ham
"भैया, कल का program confirm है ना? Time बताओ।",ham
Exam में अच्छे marks आए! माँ बहुत खुश हैं।,ham
"Train 20 minutes late है, platform 4 पर है।",ham
"Google Pay: आपको ₹1,200 का cashback मिला है। 24 घंटे में claim नहीं किया तो expire हो जाएगा।",spam
"Bhai, घर का light bill pay हो गया क्या?",ham
"Dost, birthday party 7 बजे है। आना मत भूलना।",ham
Reliance Digital: आप lucky winner हैं! iPhone 15 जीता। Collect करने के लिए registration fee भरें।,spam
"Beta, यह Sharma uncle बोल रहे हैं। Emergency है। ₹10,000 इस account में transfer कर दो।",spam
"Papa, salary account में आ गई। Bills pay कर दो।",ham
"Data entry job: घर बैठे काम करें। Daily 2-3 घंटे। Monthly ₹25,000। Training fee ₹1,500।",spam
"Team lunch cancel हो गया, boss बाहर हैं।",ham
Electricity bill ₹850 का आया है। Pay कर देना।,ham
Congratulations on promotion! बहुत मेहनत की तुमने।,ham
"Neighbour के यहाँ function है, evening में जाएंगे।",ham
आपका UPI PIN 3 बार गलत enter हुआ। Account lock से बचने के लिए अभी verify करें।,spam
Meeting 11 बजे conference room में है।,ham
"HDFC BANK: आपके account में ₹15,000 की unauthorized entry हुई। तुरंत 9876543210 पर call करें।",spam
"आज घर पर guests आ रहे हैं, जल्दी आ जाओ।",ham
कल football खेलने जाना है? Team ready है।,ham
आज का दिन बहुत अच्छा था! खुश हूँ बहुत।,ham
"आज बारिश में भीग गया, मजा आया!",ham
"आपके Paytm account से ₹2,000 का unauthorized transaction हुआ। Cancel करने के लिए OTP दें।",spam
"आपने online survey complete किया। ₹3,500 का reward मिला है। Claim करने के लिए account details दें।",spam
"छोटू, homework कर लिया? आज exam है ना।",ham
"EPF Department: आपके PF account में error है। ₹45,000 release के लिए online verify करें।",spam
"HDFC BANK: आपके account में ₹15,000 की unauthorized entry हुई। तुरंत 9876543210 पर call करें।",spam
Electricity bill ₹850 का आया है। Pay कर देना।,ham
"छोटू, homework कर लिया? आज exam है ना।",ham
Congratulations on promotion! बहुत मेहनत की तुमने।,ham
"Dost, birthday party 7 बजे है। आना मत भूलना।",ham
Exam में अच्छे marks आए! माँ बहुत खुश हैं।,ham
कल football खेलने जाना है? Team ready है।,ham
"Data entry job: घर बैठे काम करें। Daily 2-3 घंटे। Monthly ₹25,000। Training fee ₹1,500।",spam
YouTube channel grow करें। Subscribers बढ़ाएं। हमारा package ₹999 में। Results guaranteed।,spam
"आपने online survey complete किया। ₹3,500 का reward मिला है। Claim करने के लिए account details दें।",spam
"Papa, salary account में आ गई। Bills pay कर दो।",ham
Electricity bill ₹850 का आया है। Pay कर देना।,ham
UIDAI Notice: आपका Aadhaar किसी और के mobile से link हो गया है। Fix करने के लिए call करें।,spam
Swiggy Order lucky customer: free meal voucher जीता! Redeem करने के लिए इस link पर जाएं।,spam
PM Awas Yojana: आपका नाम list में है। ₹2.5 lakh की subsidy पाने के लिए registration करें।,spam
"Dost, internship के लिए apply किया? Last date है कल।",ham
"Byju's Hiring: online teacher चाहिए। Monthly ₹40,000। Interview के लिए ₹200 का form भरें।",spam
"भैया, कल का program confirm है ना? Time बताओ।",ham
"आपने online survey complete किया। ₹3,500 का reward मिला है। Claim करने के लिए account details दें।",spam
Mutual fund advisor: हमारे fund में invest करें। Annual 45% return guaranteed।,spam
Electricity bill ₹850 का आया है। Pay कर देना।,ham
Apple ID Alert: आपका iCloud storage full है। Data delete होने से पहले यहाँ backup करें।,spam
"Train 20 minutes late है, platform 4 पर है।",ham
Swiggy Order lucky customer: free meal voucher जीता! Redeem करने के लिए इस link पर जाएं।,spam
"माँ, दादी की दवाई pharmacy से ले आई हूँ।",ham
"Google Pay: आपको ₹1,200 का cashback मिला है। 24 घंटे में claim नहीं किया तो expire हो जाएगा।",spam
"Bhai, hostel का mess food आज बहुत अच्छा था।",ham
Happy Anniversary! हमेशा खुश रहो।,ham
"Bhai, घर का light bill pay हो गया क्या?",ham
आज बाजार से दूध और सब्जी लेते आना।,ham
बहुत थक गया हूँ आज। घर जाकर सोना है।,ham
"माँ, दादी की दवाई pharmacy से ले आई हूँ।",ham
"Interview 3 बजे है, थोड़ा पहले पहुंच जाएं।",ham
UIDAI Notice: आपका Aadhaar किसी और के mobile से link हो गया है। Fix करने के लिए call करें।,spam
"Yaar, कल cricket match देखने चलना है। Ground पर।",ham
"Papa, salary account में आ गई। Bills pay कर दो।",ham
"Bhai, exam कैसा गया? Result कब आएगा?",ham
"दोस्त, मेरा wallet गुम हो गया। Station पर हूँ। ₹500 UPI कर दो, घर पहुंचकर return करता हूँ।",spam
"माँ, आज देर से आऊंगा। रात का खाना मत रखना।",ham
"भैया, कल का program confirm है ना? Time बताओ।",ham
"माँ, दादी की दवाई pharmacy से ले आई हूँ।",ham
Quarterly review next week schedule हुई है।,ham
"Income Tax Department: आपका ₹18,500 का refund pending है। Account details update करें।",spam
"Byju's Hiring: online teacher चाहिए। Monthly ₹40,000। Interview के लिए ₹200 का form भरें।",spam
"Annual leave apply की है, approve हो जाएगी।",ham
"Yaar, नई movie देखी? Reviews बहुत अच्छे हैं।",ham
नई job का first day था। Colleagues अच्छे हैं।,ham
"Amazon seller program: घर बैठे selling करें। ₹10,000 monthly guaranteed। Join fee ₹2,000।",spam
"Client meeting postpone हो गई, Friday को होगी।",ham
Happy Anniversary! हमेशा खुश रहो।,ham
State Government lottery: ticket number 4521 winner है। ₹10 lakh का prize claim करें।,spam
आपके phone में dangerous virus detect हुआ। Data safe रखने के लिए यह app install करें।,spam
Electricity bill ₹850 का आया है। Pay कर देना।,ham
"Yaar, semester की marksheet आ गई। अच्छे marks हैं।",ham
"Google Pay: आपको ₹1,200 का cashback मिला है। 24 घंटे में claim नहीं किया तो expire हो जाएगा।",spam
कल football खेलने जाना है? Team ready है।,ham
Office का Wi-Fi maintenance के लिए 2 घंटे बंद रहेगा।,ham
"Interview 3 बजे है, थोड़ा पहले पहुंच जाएं।",ham
"बेटा, रात को ठंड है, jacket पहन कर निकलना।",ham
Amazon Great Indian Sale: आप winner हैं! MacBook Pro जीता। Delivery के लिए ₹299 shipping fee भरें।,spam
"Axis Bank Alert: आपके account से ₹8,500 debit हुए। यदि आपने नहीं किया तो 1800-XXX पर call करें।",spam
"Yaar, नई movie देखी? Reviews बहुत अच्छे हैं।",ham
"बेटा, रात को ठंड है, jacket पहन कर निकलना।",ham
Ayushman Bharat: आपका health card ready है। Activate करने के लिए Aadhaar OTP दें।,spam
"Train 20 minutes late है, platform 4 पर है।",ham
"Take care, travel safe.",ham
Meeting 11 बजे conference room में है।,ham
"Work from home opportunity: घर बैठे daily ₹2,000 कमाएं। Registration के लिए ₹500 invest करें।",spam
"Miss you yaar, कब मिलोगे?",ham
"दोस्त, मेरा wallet गुम हो गया। Station पर हूँ। ₹500 UPI कर दो, घर पहुंचकर return करता हूँ।",spam
आज का दिन बहुत अच्छा था! खुश हूँ बहुत।,ham
"Yaar, कल cricket match देखने चलना है। Ground पर।",ham
Project का deadline extend हो गया है 2 दिन।,ham
आज बाजार से दूध और सब्जी लेते आना।,ham
Ayushman Bharat: आपका health card ready है। Activate करने के लिए Aadhaar OTP दें।,spam
Happy Anniversary! हमेशा खुश रहो।,ham
"Dear Customer, आपकी net banking 24 घंटे में expire होगी। अभी renew करें bit.ly/sbi-renew",spam
Ayushman Bharat: आपका health card ready है। Activate करने के लिए Aadhaar OTP दें।,spam
"Didi, तुम्हारे लिए Lucknow से special मिठाई लाया हूँ।",ham
बच्चे का school tomorrow closed है।,ham
"Bhai, शादी की shopping कब करने जाएं?",ham
"Bhai, घर का light bill pay हो गया क्या?",ham
Quarterly review next week schedule हुई है।,ham
बहुत थक गया हूँ आज। घर जाकर सोना है।,ham
Meeting 11 बजे conference room में है।,ham
आपके phone में dangerous virus detect हुआ। Data safe रखने के लिए यह app install करें।,spam
"Miss you yaar, कब मिलोगे?",ham
Get well soon. जल्दी ठीक हो जाओ।,ham
Electricity bill ₹850 का आया है। Pay कर देना।,ham
Quarterly review next week schedule हुई है।,ham
"Team lunch cancel हो गया, boss बाहर हैं।",ham
YouTube channel grow करें। Subscribers बढ़ाएं। हमारा package ₹999 में। Results guaranteed।,spam
New joiners का orientation tomorrow morning है।,ham
"Income Tax Department: आपका ₹18,500 का refund pending है। Account details update करें।",spam
"Papa, salary account में आ गई। Bills pay कर दो।",ham
"GST Department: आपके business पर ₹12,000 का penalty लगाया गया है। 7 दिन में pay करें।",spam
"Library book return करनी है, deadline है।",ham
Get well soon. जल्दी ठीक हो जाओ।,ham
"माँ, दादी की दवाई pharmacy से ले आई हूँ।",ham
"Bhai, canteen में मिलते हैं lunch के time।",ham
"HDFC BANK: आपके account में ₹15,000 की unauthorized entry हुई। तुरंत 9876543210 पर call करें।",spam
"Bhai, canteen में मिलते हैं lunch के time।",ham
"Yaar, semester की marksheet आ गई। अच्छे marks हैं।",ham
बहुत थक गया हूँ आज। घर जाकर सोना है।,ham
"Miss you yaar, कब मिलोगे?",ham
"Bhai, घर का light bill pay हो गया क्या?",ham
"Client meeting postpone हो गई, Friday को होगी।",ham
"Bhai, शादी की shopping कब करने जाएं?",ham
"Data entry job: घर बैठे काम करें। Daily 2-3 घंटे। Monthly ₹25,000। Training fee ₹1,500।",spam
"Neighbour के यहाँ function है, evening में जाएंगे।",ham
"Bhai, police case में फंस गया हूँ। ₹15,000 चाहिए वकील के लिए। family को मत बताना अभी।",spam
"Library book return करनी है, deadline है।",ham
"छोटू, homework कर लिया? आज exam है ना।",ham
"Yaar, कल cricket match देखने चलना है। Ground पर।",ham
"Bhai, exam कैसा गया? Result कब आएगा?",ham
Ayushman Bharat: आपका health card ready है। Activate करने के लिए Aadhaar OTP दें।,spam
"बेटा, रात को ठंड है, jacket पहन कर निकलना।",ham
Electricity bill ₹850 का आया है। Pay कर देना।,ham
PhonePe alert: आपके account में suspicious login detect हुई। Verify करें: phonepe-secure.in,spam
आज का दिन बहुत अच्छा था! खुश हूँ बहुत।,ham
Meeting 11 बजे conference room में है।,ham
Electricity bill ₹850 का आया है। Pay कर देना।,ham
Reliance Digital: आप lucky winner हैं! iPhone 15 जीता। Collect करने के लिए registration fee भरें।,spam
"Beta, यह Sharma uncle बोल रहे हैं। Emergency है। ₹10,000 इस account में transfer कर दो।",spam
"Raincoat ले जाओ, बारिश का forecast है।",ham
State Government lottery: ticket number 4521 winner है। ₹10 lakh का prize claim करें।,spam
"Byju's Hiring: online teacher चाहिए। Monthly ₹40,000। Interview के लिए ₹200 का form भरें।",spam
Swiggy Order lucky customer: free meal voucher जीता! Redeem करने के लिए इस link पर जाएं।,spam
UIDAI Notice: आपका Aadhaar किसी और के mobile से link हो गया है। Fix करने के लिए call करें।,spam
Quarterly review next week schedule हुई है।,ham
"Share market tips: 100% accurate calls। First 3 calls free। Premium membership ₹2,000/month।",spam
Happy Anniversary! हमेशा खुश रहो।,ham
Apple ID Alert: आपका iCloud storage full है। Data delete होने से पहले यहाँ backup करें।,spam
"Amazon seller program: घर बैठे selling करें। ₹10,000 monthly guaranteed। Join fee ₹2,000।",spam
"Bhai, canteen में मिलते हैं lunch के time।",ham
"Yaar, project की deadline कल है। Library में मिलो।",ham
Scooter servicing के लिए garage ले जाओ।,ham
"GST Department: आपके business पर ₹12,000 का penalty लगाया गया है। 7 दिन में pay करें।",spam
Jio Dhan Dhana Dhan: 1 साल की free service जीती आपने! Activate करने के लिए OTP दें।,spam
"भैया, कल का program confirm है ना? Time बताओ।",ham
"Mummy ji, मैं hospital में हूँ। Phone खो गया। इस number पर ₹5,000 transfer करो please।",spam
PM Awas Yojana: आपका नाम list में है। ₹2.5 lakh की subsidy पाने के लिए registration करें।,spam
Congratulations on promotion! बहुत मेहनत की तुमने।,ham
"Papa, गाड़ी का insurance renew हो गया।",ham
"Bhai, exam कैसा गया? Result कब आएगा?",ham
Driving License Authority: आपका license expire होने वाला है। Online renew करें ₹150 fee के साथ।,spam
Meeting 11 बजे conference room में है।,ham
"Yaar, semester की marksheet आ गई। अच्छे marks हैं।",ham
"Raincoat ले जाओ, बारिश का forecast है।",ham
"Yaar, नई movie देखी? Reviews बहुत अच्छे हैं।",ham
"Yaar, नई movie देखी? Reviews बहुत अच्छे हैं।",ham
Doctor का appointment 10 बजे है। साथ चलोगे?,ham
Driving License Authority: आपका license expire होने वाला है। Online renew करें ₹150 fee के साथ।,spam
"Papa, salary account में आ गई। Bills pay कर दो।",ham
"Yaar, नई movie देखी? Reviews बहुत अच्छे हैं।",ham
"Yaar, semester की marksheet आ गई। अच्छे marks हैं।",ham
Swiggy Order lucky customer: free meal voucher जीता! Redeem करने के लिए इस link पर जाएं।,spam
आपके phone में dangerous virus detect हुआ। Data safe रखने के लिए यह app install करें।,spam
Exam में अच्छे marks आए! माँ बहुत खुश हैं।,ham
"Work from home opportunity: घर बैठे daily ₹2,000 कमाएं। Registration के लिए ₹500 invest करें।",spam
"Train 20 minutes late है, platform 4 पर है।",ham
"Interview 3 बजे है, थोड़ा पहले पहुंच जाएं।",ham
"माँ, दादी की दवाई pharmacy से ले आई हूँ।",ham
"Train 20 minutes late है, platform 4 पर है।",ham
"MLM business: ₹5,000 invest करें और ₹50,000 monthly कमाएं। Team join करें आज ही।",spam
"Yaar, semester की marksheet आ गई। अच्छे marks हैं।",ham
"Dear Customer, आपकी net banking 24 घंटे में expire होगी। अभी renew करें bit.ly/sbi-renew",spam
बहुत थक गया हूँ आज। घर जाकर सोना है।,ham
"Bhai, शादी की shopping कब करने जाएं?",ham
"Train 20 minutes late है, platform 4 पर है।",ham
"Bhai, exam कैसा गया? Result कब आएगा?",ham
नई job का first day था। Colleagues अच्छे हैं।,ham
Meeting 11 बजे conference room में है।,ham
"Data entry job: घर बैठे काम करें। Daily 2-3 घंटे। Monthly ₹25,000। Training fee ₹1,500।",spam
आज बाजार से दूध और सब्जी लेते आना।,ham
Electricity bill ₹850 का आया है। Pay कर देना।,ham
"Papa, गाड़ी का insurance renew हो गया।",ham
"Yaar, project की deadline कल है। Library में मिलो।",ham
"Bhai, exam कैसा गया? Result कब आएगा?",ham
"Google Pay: आपको ₹1,200 का cashback मिला है। 24 घंटे में claim नहीं किया तो expire हो जाएगा।",spam
"Interview 3 बजे है, थोड़ा पहले पहुंच जाएं।",ham
Project का deadline extend हो गया है 2 दिन।,ham
"Yaar, कल cricket match देखने चलना है। Ground पर।",ham
"Didi, तुम्हारे लिए Lucknow से special मिठाई लाया हूँ।",ham
"Take care, travel safe.",ham
Scooter servicing के लिए garage ले जाओ।,ham
"Bank of Baroda: आपकी FD mature हो गई है। ₹50,000 release करने के लिए processing fee ₹500 भरें।",spam
"Bhai, exam कैसा गया? Result कब आएगा?",ham
"Annual leave apply की है, approve हो जाएगी।",ham
"माँ, दादी की दवाई pharmacy से ले आई हूँ।",ham
Happy Anniversary! हमेशा खुश रहो।,ham
Driving License Authority: आपका license expire होने वाला है। Online renew करें ₹150 fee के साथ।,spam
"Raincoat ले जाओ, बारिश का forecast है।",ham
"Take care, travel safe.",ham
आज बाजार से दूध और सब्जी लेते आना।,ham
"छोटू, homework कर लिया? आज exam है ना।",ham
Flipkart Diwali Offer: आपके order पर surprise gift select हुआ। Claim करने के लिए यहाँ click करें।,spam
YouTube channel grow करें। Subscribers बढ़ाएं। हमारा package ₹999 में। Results guaranteed।,spam
IRCTC: आपकी Tatkal ticket automatically cancel हो गई। Refund के लिए bank details confirm करें।,spam
"दोस्त, मेरा wallet गुम हो गया। Station पर हूँ। ₹500 UPI कर दो, घर पहुंचकर return करता हूँ।",spam
"Papa, salary account में आ गई। Bills pay कर दो।",ham
"आज बारिश में भीग गया, मजा आया!",ham
"Yaar, semester की marksheet आ गई। अच्छे marks हैं।",ham
"Miss you yaar, कब मिलोगे?",ham
Election Commission: आपका voter ID update आवश्यक है। OTP के साथ verify करें।,spam
बहुत थक गया हूँ आज। घर जाकर सोना है।,ham
"आज घर पर guests आ रहे हैं, जल्दी आ जाओ।",ham
"MLM business: ₹5,000 invest करें और ₹50,000 monthly कमाएं। Team join करें आज ही।",spam
आपका UPI PIN 3 बार गलत enter हुआ। Account lock से बचने के लिए अभी verify करें।,spam
"Bhai, exam कैसा गया? Result कब आएगा?",ham
"Dost, birthday party 7 बजे है। आना मत भूलना।",ham
Scooter servicing के लिए garage ले जाओ।,ham
"Didi, तुम्हारे लिए Lucknow से special मिठाई लाया हूँ।",ham
"प्रिय ग्राहक, आपका SBI खाता अस्थायी रूप से बंद कर दिया गया है। OTP दर्ज करें: sbi-kyc.com",spam
"Client meeting postpone हो गई, Friday को होगी।",ham
"Yaar, semester की marksheet आ गई। अच्छे marks हैं।",ham
"Bhai, canteen में मिलते हैं lunch के time।",ham
"Bhai, canteen में मिलते हैं lunch के time।",ham
"बेटा, रात को ठंड है, jacket पहन कर निकलना।",ham
"भैया, कल का program confirm है ना? Time बताओ।",ham
"Bhai, hostel का mess food आज बहुत अच्छा था।",ham
आज बाजार से दूध और सब्जी लेते आना।,ham
"Library book return करनी है, deadline है।",ham
"Share market tips: 100% accurate calls। First 3 calls free। Premium membership ₹2,000/month।",spam
"Bhai, canteen में मिलते हैं lunch के time।",ham
Happy Anniversary! हमेशा खुश रहो।,ham
"Miss you yaar, कब मिलोगे?",ham
"दोस्त, मेरा wallet गुम हो गया। Station पर हूँ। ₹500 UPI कर दो, घर पहुंचकर return करता हूँ।",spam
"Client meeting postpone हो गई, Friday को होगी।",ham
Flipkart Diwali Offer: आपके order पर surprise gift select हुआ। Claim करने के लिए यहाँ click करें।,spam
Doctor का appointment 10 बजे है। साथ चलोगे?,ham
बहुत थक गया हूँ आज। घर जाकर सोना है।,ham
New joiners का orientation tomorrow morning है।,ham
"Byju's Hiring: online teacher चाहिए। Monthly ₹40,000। Interview के लिए ₹200 का form भरें।",spam
Mutual fund advisor: हमारे fund में invest करें। Annual 45% return guaranteed।,spam
"Bhai, canteen में मिलते हैं lunch के time।",ham
कल football खेलने जाना है? Team ready है।,ham
Passport Seva: आपका passport application pending है। Documents upload करें अन्यथा reject होगा।,spam
"Team lunch cancel हो गया, boss बाहर हैं।",ham
"Bhai, exam कैसा गया? Result कब आएगा?",ham
Congratulations on promotion! बहुत मेहनत की तुमने।,ham
Office का Wi-Fi maintenance के लिए 2 घंटे बंद रहेगा।,ham
"Bhai, exam कैसा गया? Result कब आएगा?",ham
"Yaar, नई movie देखी? Reviews बहुत अच्छे हैं।",ham
आज का दिन बहुत अच्छा था! खुश हूँ बहुत।,ham
कल football खेलने जाना है? Team ready है।,ham
"Mummy ji, मैं hospital में हूँ। Phone खो गया। इस number पर ₹5,000 transfer करो please।",spam
"Byju's Hiring: online teacher चाहिए। Monthly ₹40,000। Interview के लिए ₹200 का form भरें।",spam
आपका Gmail account किसी और device से access किया जा रहा है। तुरंत password change करें।,spam
"Bhai, hostel का mess food आज बहुत अच्छा था।",ham
Doctor का appointment 10 बजे है। साथ चलोगे?,ham
Electricity bill ₹850 का आया है। Pay कर देना।,ham
UIDAI Notice: आपका Aadhaar किसी और के mobile से link हो गया है। Fix करने के लिए call करें।,spam
"Dost, internship के लिए apply किया? Last date है कल।",ham
"Miss you yaar, कब मिलोगे?",ham
"Take care, travel safe.",ham
"Bhai, canteen में मिलते हैं lunch के time।",ham
नई job का first day था। Colleagues अच्छे हैं।,ham
"Interview 3 बजे है, थोड़ा पहले पहुंच जाएं।",ham
"Yaar, नई movie देखी? Reviews बहुत अच्छे हैं।",ham
आज बाजार से दूध और सब्जी लेते आना।,ham
Office का Wi-Fi maintenance के लिए 2 घंटे बंद रहेगा।,ham
आपका UPI PIN 3 बार गलत enter हुआ। Account lock से बचने के लिए अभी verify करें।,spam
"Sir, report आज शाम तक submit हो जाएगी।",ham
Congratulations on promotion! बहुत मेहनत की तुमने।,ham
"Client meeting postpone हो गई, Friday को होगी।",ham
"Sir, report आज शाम तक submit हो जाएगी।",ham
बच्चे का school tomorrow closed है।,ham
"माँ, आज देर से आऊंगा। रात का खाना मत रखना।",ham
"Train 20 minutes late है, platform 4 पर है।",ham
"Train 20 minutes late है, platform 4 पर है।",ham
"MLM business: ₹5,000 invest करें और ₹50,000 monthly कमाएं। Team join करें आज ही।",spam
"Dost, internship के लिए apply किया? Last date है कल।",ham
"Papa, गाड़ी का insurance renew हो गया।",ham
Scooter servicing के लिए garage ले जाओ।,ham
"Bhai, canteen में मिलते हैं lunch के time।",ham
Meeting 11 बजे conference room में है।,ham
"Yaar, नई movie देखी? Reviews बहुत अच्छे हैं।",ham
"आज बारिश में भीग गया, मजा आया!",ham
Get well soon. जल्दी ठीक हो जाओ।,ham
Get well soon. जल्दी ठीक हो जाओ।,ham
"छोटू, homework कर लिया? आज exam है ना।",ham
"Mummy ji, मैं hospital में हूँ। Phone खो गया। इस number पर ₹5,000 transfer करो please।",spam
"Bhai, canteen में मिलते हैं lunch के time।",ham
"Miss you yaar, कब मिलोगे?",ham
Office का Wi-Fi maintenance के लिए 2 घंटे बंद रहेगा।,ham
"Interview 3 बजे है, थोड़ा पहले पहुंच जाएं।",ham
"आज घर पर guests आ रहे हैं, जल्दी आ जाओ।",ham
आज बाजार से दूध और सब्जी लेते आना।,ham
"Raincoat ले जाओ, बारिश का forecast है।",ham
Jio Dhan Dhana Dhan: 1 साल की free service जीती आपने! Activate करने के लिए OTP दें।,spam
Electricity bill ₹850 का आया है। Pay कर देना।,ham
Congratulations on promotion! बहुत मेहनत की तुमने।,ham
"Take care, travel safe.",ham
बच्चे का school tomorrow closed है।,ham
आज बाजार से दूध और सब्जी लेते आना।,ham
"Sir, मैं आपका पुराना student हूँ। बहुत मुश्किल में हूँ। ₹3,000 की जरूरत है। return कर दूंगा।",spam
Mutual fund advisor: हमारे fund में invest करें। Annual 45% return guaranteed।,spam
"Dost, internship के लिए apply किया? Last date है कल।",ham
PhonePe alert: आपके account में suspicious login detect हुई। Verify करें: phonepe-secure.in,spam
"Take care, travel safe.",ham
"Interview 3 बजे है, थोड़ा पहले पहुंच जाएं।",ham
"Bhai, exam कैसा गया? Result कब आएगा?",ham
"Axis Bank Alert: आपके account से ₹8,500 debit हुए। यदि आपने नहीं किया तो 1800-XXX पर call करें।",spam
"Papa, गाड़ी का insurance renew हो गया।",ham
Congratulations on promotion! बहुत मेहनत की तुमने।,ham
"Miss you yaar, कब मिलोगे?",ham
WhatsApp warning: आपका account ban होने वाला है। Verify करने के लिए OTP forward करें।,spam
"Train 20 minutes late है, platform 4 पर है।",ham
"Dost, birthday party 7 बजे है। आना मत भूलना।",ham
"Take care, travel safe.",ham
Congratulations on promotion! बहुत मेहनत की तुमने।,ham
आपके phone में dangerous virus detect हुआ। Data safe रखने के लिए यह app install करें।,spam
"Client meeting postpone हो गई, Friday को होगी।",ham
Happy Anniversary! हमेशा खुश रहो।,ham
"Bhai, hostel का mess food आज बहुत अच्छा था।",ham
"Team lunch cancel हो गया, boss बाहर हैं।",ham
"Axis Bank Alert: आपके account से ₹8,500 debit हुए। यदि आपने नहीं किया तो 1800-XXX पर call करें।",spam
"Papa, गाड़ी का insurance renew हो गया।",ham
"भैया, कल का program confirm है ना? Time बताओ।",ham
"आज बारिश में भीग गया, मजा आया!",ham
नई job का first day था। Colleagues अच्छे हैं।,ham
Reliance Digital: आप lucky winner हैं! iPhone 15 जीता। Collect करने के लिए registration fee भरें।,spam
Apple ID Alert: आपका iCloud storage full है। Data delete होने से पहले यहाँ backup करें।,spam
BSNL Monthly Lucky Draw: आपका number ₹5 lakh के लिए select हुआ। details@bsnl-lucky.in पर mail करें।,spam
"Bhai, hostel का mess food आज बहुत अच्छा था।",ham
New joiners का orientation tomorrow morning है।,ham
"आपने online survey complete किया। ₹3,500 का reward मिला है। Claim करने के लिए account details दें।",spam
आपका UPI PIN 3 बार गलत enter हुआ। Account lock से बचने के लिए अभी verify करें।,spam
कल football खेलने जाना है? Team ready है।,ham
"Yaar, semester की marksheet आ गई। अच्छे marks हैं।",ham
"Client meeting postpone हो गई, Friday को होगी।",ham
Online tutor चाहिए। ₹500 per hour। Registration के लिए ₹300 का form fill करें।,spam
"छोटू, homework कर लिया? आज exam है ना।",ham
PM Awas Yojana: आपका नाम list में है। ₹2.5 lakh की subsidy पाने के लिए registration करें।,spam
बच्चे का school tomorrow closed है।,ham
"माँ, दादी की दवाई pharmacy से ले आई हूँ।",ham
"Client meeting postpone हो गई, Friday को होगी।",ham
"आज घर पर guests आ रहे हैं, जल्दी आ जाओ।",ham
"आपके Paytm account से ₹2,000 का unauthorized transaction हुआ। Cancel करने के लिए OTP दें।",spam
"Team lunch cancel हो गया, boss बाहर हैं।",ham
आज बाजार से दूध और सब्जी लेते आना।,ham
आज का दिन बहुत अच्छा था! खुश हूँ बहुत।,ham
New joiners का orientation tomorrow morning है।,ham
बच्चे का school tomorrow closed है।,ham
ICICI Bank: KYC incomplete है। आज रात 12 बजे तक update नहीं किया तो account freeze होगा।,spam
Electricity bill ₹850 का आया है। Pay कर देना।,ham
Congratulations on promotion! बहुत मेहनत की तुमने।,ham
WhatsApp warning: आपका account ban होने वाला है। Verify करने के लिए OTP forward करें।,spam
"आज घर पर guests आ रहे हैं, जल्दी आ जाओ।",ham
Reliance Digital: आप lucky winner हैं! iPhone 15 जीता। Collect करने के लिए registration fee भरें।,spam
"Library book return करनी है, deadline है।",ham
"Sir, report आज शाम तक submit हो जाएगी।",ham
Get well soon. जल्दी ठीक हो जाओ।,ham
आपका UPI PIN 3 बार गलत enter हुआ। Account lock से बचने के लिए अभी verify करें।,spam
"Papa, गाड़ी का insurance renew हो गया।",ham
Reliance Digital: आप lucky winner हैं! iPhone 15 जीता। Collect करने के लिए registration fee भरें।,spam
Happy Anniversary! हमेशा खुश रहो।,ham
"Beta, यह Sharma uncle बोल रहे हैं। Emergency है। ₹10,000 इस account में transfer कर दो।",spam
"Raincoat ले जाओ, बारिश का forecast है।",ham
"आज घर पर guests आ रहे हैं, जल्दी आ जाओ।",ham
"Interview 3 बजे है, थोड़ा पहले पहुंच जाएं।",ham
"भैया, कल का program confirm है ना? Time बताओ।",ham
Exam में अच्छे marks आए! माँ बहुत खुश हैं।,ham
"Neighbour के यहाँ function है, evening में जाएंगे।",ham
बहुत थक गया हूँ आज। घर जाकर सोना है।,ham
Jio Dhan Dhana Dhan: 1 साल की free service जीती आपने! Activate करने के लिए OTP दें।,spam
नई job का first day था। Colleagues अच्छे हैं।,ham
Reliance Digital: आप lucky winner हैं! iPhone 15 जीता। Collect करने के लिए registration fee भरें।,spam
"Neighbour के यहाँ function है, evening में जाएंगे।",ham
Ayushman Bharat: आपका health card ready है। Activate करने के लिए Aadhaar OTP दें।,spam
"Miss you yaar, कब मिलोगे?",ham
"Work from home opportunity: घर बैठे daily ₹2,000 कमाएं। Registration के लिए ₹500 invest करें।",spam
"Bhai, police case में फंस गया हूँ। ₹15,000 चाहिए वकील के लिए। family को मत बताना अभी।",spam
YouTube channel grow करें। Subscribers बढ़ाएं। हमारा package ₹999 में। Results guaranteed।,spam
Microsoft Support: आपका Windows license expire हो गया। ₹800 में renew करें।,spam
"Papa, salary account में आ गई। Bills pay कर दो।",ham
"Interview 3 बजे है, थोड़ा पहले पहुंच जाएं।",ham
"माँ, दादी की दवाई pharmacy से ले आई हूँ।",ham
"Yaar, semester की marksheet आ गई। अच्छे marks हैं।",ham
नई job का first day था। Colleagues अच्छे हैं।,ham
"Bhai, शादी की shopping कब करने जाएं?",ham
Happy Anniversary! हमेशा खुश रहो।,ham
"Miss you yaar, कब मिलोगे?",ham
"MLM business: ₹5,000 invest करें और ₹50,000 monthly कमाएं। Team join करें आज ही।",spam
बहुत थक गया हूँ आज। घर जाकर सोना है।,ham
"Bhai, canteen में मिलते हैं lunch के time।",ham
"Team lunch cancel हो गया, boss बाहर हैं।",ham
Ayushman Bharat: आपका health card ready है। Activate करने के लिए Aadhaar OTP दें।,spam
Passport Seva: आपका passport application pending है। Documents upload करें अन्यथा reject होगा।,spam
Quarterly review next week schedule हुई है।,ham
Congratulations on promotion! बहुत मेहनत की तुमने।,ham
"भैया, कल का program confirm है ना? Time बताओ।",ham
"Dost, birthday party 7 बजे है। आना मत भूलना।",ham
"Bhai, घर का light bill pay हो गया क्या?",ham
"Papa, salary account में आ गई। Bills pay कर दो।",ham
"Interview 3 बजे है, थोड़ा पहले पहुंच जाएं।",ham
Election Commission: आपका voter ID update आवश्यक है। OTP के साथ verify करें।,spam
"Bhai, exam कैसा गया? Result कब आएगा?",ham
"MLM business: ₹5,000 invest करें और ₹50,000 monthly कमाएं। Team join करें आज ही।",spam
"Bhai, hostel का mess food आज बहुत अच्छा था।",ham
"आज घर पर guests आ रहे हैं, जल्दी आ जाओ।",ham
"Yaar, semester की marksheet आ गई। अच्छे marks हैं।",ham
"Client meeting postpone हो गई, Friday को होगी।",ham
आपका UPI PIN 3 बार गलत enter हुआ। Account lock से बचने के लिए अभी verify करें।,spam
कल football खेलने जाना है? Team ready है।,ham
"Papa, गाड़ी का insurance renew हो गया।",ham
"Bhai, घर का light bill pay हो गया क्या?",ham
"आज घर पर guests आ रहे हैं, जल्दी आ जाओ।",ham
"Bhai, police case में फंस गया हूँ। ₹15,000 चाहिए वकील के लिए। family को मत बताना अभी।",spam
Passport Seva: आपका passport application pending है। Documents upload करें अन्यथा reject होगा।,spam
आपके phone में dangerous virus detect हुआ। Data safe रखने के लिए यह app install करें।,spam
Project का deadline extend हो गया है 2 दिन।,ham
"Raincoat ले जाओ, बारिश का forecast है।",ham
"Dear Customer, आपकी net banking 24 घंटे में expire होगी। अभी renew करें bit.ly/sbi-renew",spam
आपका UPI PIN 3 बार गलत enter हुआ। Account lock से बचने के लिए अभी verify करें।,spam
"Papa, गाड़ी का insurance renew हो गया।",ham
"Client meeting postpone हो गई, Friday को होगी।",ham
New joiners का orientation tomorrow morning है।,ham
"माँ, आज देर से आऊंगा। रात का खाना मत रखना।",ham
"Yaar, नई movie देखी? Reviews बहुत अच्छे हैं।",ham
"Yaar, project की deadline कल है। Library में मिलो।",ham
"छोटू, homework कर लिया? आज exam है ना।",ham
Office का Wi-Fi maintenance के लिए 2 घंटे बंद रहेगा।,ham
"Papa, salary account में आ गई। Bills pay कर दो।",ham
"Axis Bank Alert: आपके account से ₹8,500 debit हुए। यदि आपने नहीं किया तो 1800-XXX पर call करें।",spam
"Neighbour के यहाँ function है, evening में जाएंगे।",ham
"Bhai, शादी की shopping कब करने जाएं?",ham
"Neighbour के यहाँ function है, evening में जाएंगे।",ham
Flipkart Diwali Offer: आपके order पर surprise gift select हुआ। Claim करने के लिए यहाँ click करें।,spam
आपका Gmail account किसी और device से access किया जा रहा है। तुरंत password change करें।,spam
"Dear Customer, आपकी net banking 24 घंटे में expire होगी। अभी renew करें bit.ly/sbi-renew",spam
Apple ID Alert: आपका iCloud storage full है। Data delete होने से पहले यहाँ backup करें।,spam
"Didi, तुम्हारे लिए Lucknow से special मिठाई लाया हूँ।",ham
Amazon Great Indian Sale: आप winner हैं! MacBook Pro जीता। Delivery के लिए ₹299 shipping fee भरें।,spam
"Team lunch cancel हो गया, boss बाहर हैं।",ham
Project का deadline extend हो गया है 2 दिन।,ham
"Data entry job: घर बैठे काम करें। Daily 2-3 घंटे। Monthly ₹25,000। Training fee ₹1,500।",spam
"दोस्त, मेरा wallet गुम हो गया। Station पर हूँ। ₹500 UPI कर दो, घर पहुंचकर return करता हूँ।",spam
Exam में अच्छे marks आए! माँ बहुत खुश हैं।,ham
"Annual leave apply की है, approve हो जाएगी।",ham
"छोटू, homework कर लिया? आज exam है ना।",ham
"भैया, कल का program confirm है ना? Time बताओ।",ham
"Sir, मैं आपका पुराना student हूँ। बहुत मुश्किल में हूँ। ₹3,000 की जरूरत है। return कर दूंगा।",spam
"Bhai, exam कैसा गया? Result कब आएगा?",ham
"Data entry job: घर बैठे काम करें। Daily 2-3 घंटे। Monthly ₹25,000। Training fee ₹1,500।",spam
Exam में अच्छे marks आए! माँ बहुत खुश हैं।,ham
Doctor का appointment 10 बजे है। साथ चलोगे?,ham
BSNL Monthly Lucky Draw: आपका number ₹5 lakh के लिए select हुआ। details@bsnl-lucky.in पर mail करें।,spam
Project का deadline extend हो गया है 2 दिन।,ham
Project का deadline extend हो गया है 2 दिन।,ham
"Train 20 minutes late है, platform 4 पर है।",ham
Happy Anniversary! हमेशा खुश रहो।,ham
"Dost, internship के लिए apply किया? Last date है कल।",ham
Apple ID Alert: आपका iCloud storage full है। Data delete होने से पहले यहाँ backup करें।,spam
"Didi, तुम्हारे लिए Lucknow से special मिठाई लाया हूँ।",ham
Doctor का appointment 10 बजे है। साथ चलोगे?,ham
"Raincoat ले जाओ, बारिश का forecast है।",ham
नई job का first day था। Colleagues अच्छे हैं।,ham
"Sir, मैं आपका पुराना student हूँ। बहुत मुश्किल में हूँ। ₹3,000 की जरूरत है। return कर दूंगा।",spam
"दोस्त, मेरा wallet गुम हो गया। Station पर हूँ। ₹500 UPI कर दो, घर पहुंचकर return करता हूँ।",spam
बच्चे का school tomorrow closed है।,ham
Electricity bill ₹850 का आया है। Pay कर देना।,ham
"Team lunch cancel हो गया, boss बाहर हैं।",ham
Jio Dhan Dhana Dhan: 1 साल की free service जीती आपने! Activate करने के लिए OTP दें।,spam
"Papa, गाड़ी का insurance renew हो गया।",ham
"Sir, report आज शाम तक submit हो जाएगी।",ham
"बेटा, रात को ठंड है, jacket पहन कर निकलना।",ham
UIDAI Notice: आपका Aadhaar किसी और के mobile से link हो गया है। Fix करने के लिए call करें।,spam
Electricity bill ₹850 का आया है। Pay कर देना।,ham
Jio Dhan Dhana Dhan: 1 साल की free service जीती आपने! Activate करने के लिए OTP दें।,spam
"HDFC BANK: आपके account में ₹15,000 की unauthorized entry हुई। तुरंत 9876543210 पर call करें।",spam
आज का दिन बहुत अच्छा था! खुश हूँ बहुत।,ham
"Bhai, घर का light bill pay हो गया क्या?",ham
"Didi, तुम्हारे लिए Lucknow से special मिठाई लाया हूँ।",ham
State Government lottery: ticket number 4521 winner है। ₹10 lakh का prize claim करें।,spam
Happy Anniversary! हमेशा खुश रहो।,ham
"Dost, internship के लिए apply किया? Last date है कल।",ham
नई job का first day था। Colleagues अच्छे हैं।,ham
"Bhai, घर का light bill pay हो गया क्या?",ham
"Papa, salary account में आ गई। Bills pay कर दो।",ham
"Didi, तुम्हारे लिए Lucknow से special मिठाई लाया हूँ।",ham
"Interview 3 बजे है, थोड़ा पहले पहुंच जाएं।",ham
"Bhai, police case में फंस गया हूँ। ₹15,000 चाहिए वकील के लिए। family को मत बताना अभी।",spam
Jio Dhan Dhana Dhan: 1 साल की free service जीती आपने! Activate करने के लिए OTP दें।,spam
"आज बारिश में भीग गया, मजा आया!",ham
"Annual leave apply की है, approve हो जाएगी।",ham
नई job का first day था। Colleagues अच्छे हैं।,ham
"बेटा, रात को ठंड है, jacket पहन कर निकलना।",ham
आज का दिन बहुत अच्छा था! खुश हूँ बहुत।,ham
नई job का first day था। Colleagues अच्छे हैं।,ham
Reliance Digital: आप lucky winner हैं! iPhone 15 जीता। Collect करने के लिए registration fee भरें।,spam
"Raincoat ले जाओ, बारिश का forecast है।",ham
"Annual leave apply की है, approve हो जाएगी।",ham
"Client meeting postpone हो गई, Friday को होगी।",ham
Scooter servicing के लिए garage ले जाओ।,ham
बधाई हो! आपका mobile number KBC lucky draw में select हुआ। ₹25 lakh जीतें। अभी call करें।,spam
"आज घर पर guests आ रहे हैं, जल्दी आ जाओ।",ham
New joiners का orientation tomorrow morning है।,ham
"Papa, salary account में आ गई। Bills pay कर दो।",ham
"Bhai, hostel का mess food आज बहुत अच्छा था।",ham
"GST Department: आपके business पर ₹12,000 का penalty लगाया गया है। 7 दिन में pay करें।",spam
Reliance Digital: आप lucky winner हैं! iPhone 15 जीता। Collect करने के लिए registration fee भरें।,spam
"Beta, यह Sharma uncle बोल रहे हैं। Emergency है। ₹10,000 इस account में transfer कर दो।",spam
BSNL Monthly Lucky Draw: आपका number ₹5 lakh के लिए select हुआ। details@bsnl-lucky.in पर mail करें।,spam
"Didi, तुम्हारे लिए Lucknow से special मिठाई लाया हूँ।",ham
"Raincoat ले जाओ, बारिश का forecast है।",ham
Swiggy Order lucky customer: free meal voucher जीता! Redeem करने के लिए इस link पर जाएं।,spam
नई job का first day था। Colleagues अच्छे हैं।,ham
New joiners का orientation tomorrow morning है।,ham
"आज बारिश में भीग गया, मजा आया!",ham
"माँ, आज देर से आऊंगा। रात का खाना मत रखना।",ham
"आज घर पर guests आ रहे हैं, जल्दी आ जाओ।",ham
"Papa, salary account में आ गई। Bills pay कर दो।",ham
"माँ, आज देर से आऊंगा। रात का खाना मत रखना।",ham
"Bhai, घर का light bill pay हो गया क्या?",ham
"Annual leave apply की है, approve हो जाएगी।",ham
"आज घर पर guests आ रहे हैं, जल्दी आ जाओ।",ham
"Interview 3 बजे है, थोड़ा पहले पहुंच जाएं।",ham
"Sir, मैं आपका पुराना student हूँ। बहुत मुश्किल में हूँ। ₹3,000 की जरूरत है। return कर दूंगा।",spam
Happy Anniversary! हमेशा खुश रहो।,ham
"छोटू, homework कर लिया? आज exam है ना।",ham
Exam में अच्छे marks आए! माँ बहुत खुश हैं।,ham
ICICI Bank: KYC incomplete है। आज रात 12 बजे तक update नहीं किया तो account freeze होगा।,spam
"Sir, मैं आपका पुराना student हूँ। बहुत मुश्किल में हूँ। ₹3,000 की जरूरत है। return कर दूंगा।",spam
Meeting 11 बजे conference room में है।,ham
Exam में अच्छे marks आए! माँ बहुत खुश हैं।,ham
"भैया, कल का program confirm है ना? Time बताओ।",ham
"Yaar, semester की marksheet आ गई। अच्छे marks हैं।",ham
"Bhai, घर का light bill pay हो गया क्या?",ham
"बेटा, रात को ठंड है, jacket पहन कर निकलना।",ham
"EPF Department: आपके PF account में error है। ₹45,000 release के लिए online verify करें।",spam
"Papa, salary account में आ गई। Bills pay कर दो।",ham
"आज घर पर guests आ रहे हैं, जल्दी आ जाओ।",ham
बहुत थक गया हूँ आज। घर जाकर सोना है।,ham
"Respected sir, आपकी company में job चाहिए। Interview के लिए ₹500 registration fee है।",spam
UIDAI Notice: आपका Aadhaar किसी और के mobile से link हो गया है। Fix करने के लिए call करें।,spam
Exam में अच्छे marks आए! माँ बहुत खुश हैं।,ham
"Client meeting postpone हो गई, Friday को होगी।",ham
"प्रिय ग्राहक, आपका SBI खाता अस्थायी रूप से बंद कर दिया गया है। OTP दर्ज करें: sbi-kyc.com",spam
"Dost, birthday party 7 बजे है। आना मत भूलना।",ham
"Byju's Hiring: online teacher चाहिए। Monthly ₹40,000। Interview के लिए ₹200 का form भरें।",spam
"माँ, आज देर से आऊंगा। रात का खाना मत रखना।",ham
"Team lunch cancel हो गया, boss बाहर हैं।",ham
Passport Seva: आपका passport application pending है। Documents upload करें अन्यथा reject होगा।,spam
बच्चे का school tomorrow closed है।,ham
"Library book return करनी है, deadline है।",ham
"Dost, birthday party 7 बजे है। आना मत भूलना।",ham
Get well soon. जल्दी ठीक हो जाओ।,ham
"माँ, आज देर से आऊंगा। रात का खाना मत रखना।",ham
WhatsApp warning: आपका account ban होने वाला है। Verify करने के लिए OTP forward करें।,spam
"छोटू, homework कर लिया? आज exam है ना।",ham
"Yaar, नई movie देखी? Reviews बहुत अच्छे हैं।",ham
बहुत थक गया हूँ आज। घर जाकर सोना है।,ham
आपका UPI PIN 3 बार गलत enter हुआ। Account lock से बचने के लिए अभी verify करें।,spam
Doctor का appointment 10 बजे है। साथ चलोगे?,ham
"Byju's Hiring: online teacher चाहिए। Monthly ₹40,000। Interview के लिए ₹200 का form भरें।",spam
Mutual fund advisor: हमारे fund में invest करें। Annual 45% return guaranteed।,spam
Quarterly review next week schedule हुई है।,ham
"Google Pay: आपको ₹1,200 का cashback मिला है। 24 घंटे में claim नहीं किया तो expire हो जाएगा।",spam
"Didi, तुम्हारे लिए Lucknow से special मिठाई लाया हूँ।",ham
Online tutor चाहिए। ₹500 per hour। Registration के लिए ₹300 का form fill करें।,spam
"आज बारिश में भीग गया, मजा आया!",ham
"Dear Customer, आपकी net banking 24 घंटे में expire होगी। अभी renew करें bit.ly/sbi-renew",spam
"Annual leave apply की है, approve हो जाएगी।",ham
"Train 20 minutes late है, platform 4 पर है।",ham
आज का दिन बहुत अच्छा था! खुश हूँ बहुत।,ham
Mutual fund advisor: हमारे fund में invest करें। Annual 45% return guaranteed।,spam
Passport Seva: आपका passport application pending है। Documents upload करें अन्यथा reject होगा।,spam
"बेटा, रात को ठंड है, jacket पहन कर निकलना।",ham
"Client meeting postpone हो गई, Friday को होगी।",ham
आपका Gmail account किसी और device से access किया जा रहा है। तुरंत password change करें।,spam
Project का deadline extend हो गया है 2 दिन।,ham
"Amazon seller program: घर बैठे selling करें। ₹10,000 monthly guaranteed। Join fee ₹2,000।",spam
"आपके Paytm account से ₹2,000 का unauthorized transaction हुआ। Cancel करने के लिए OTP दें।",spam
ICICI Bank: KYC incomplete है। आज रात 12 बजे तक update नहीं किया तो account freeze होगा।,spam
आज बाजार से दूध और सब्जी लेते आना।,ham
"आज घर पर guests आ रहे हैं, जल्दी आ जाओ।",ham
Reliance Digital: आप lucky winner हैं! iPhone 15 जीता। Collect करने के लिए registration fee भरें।,spam
New joiners का orientation tomorrow morning है।,ham
Office का Wi-Fi maintenance के लिए 2 घंटे बंद रहेगा।,ham
"Bhai, घर का light bill pay हो गया क्या?",ham
Microsoft Support: आपका Windows license expire हो गया। ₹800 में renew करें।,spam
"Library book return करनी है, deadline है।",ham
"Take care, travel safe.",ham
"Team lunch cancel हो गया, boss बाहर हैं।",ham
"Annual leave apply की है, approve हो जाएगी।",ham
Online tutor चाहिए। ₹500 per hour। Registration के लिए ₹300 का form fill करें।,spam
बहुत थक गया हूँ आज। घर जाकर सोना है।,ham
"Income Tax Department: आपका ₹18,500 का refund pending है। Account details update करें।",spam
Swiggy Order lucky customer: free meal voucher जीता! Redeem करने के लिए इस link पर जाएं।,spam
Quarterly review next week schedule हुई है।,ham
Flipkart Diwali Offer: आपके order पर surprise gift select हुआ। Claim करने के लिए यहाँ click करें।,spam
"Miss you yaar, कब मिलोगे?",ham
ICICI Bank: KYC incomplete है। आज रात 12 बजे तक update नहीं किया तो account freeze होगा।,spam
Scooter servicing के लिए garage ले जाओ।,ham
"Neighbour के यहाँ function है, evening में जाएंगे।",ham
"Papa, गाड़ी का insurance renew हो गया।",ham
"GST Department: आपके business पर ₹12,000 का penalty लगाया गया है। 7 दिन में pay करें।",spam
New joiners का orientation tomorrow morning है।,ham
"Amazon seller program: घर बैठे selling करें। ₹10,000 monthly guaranteed। Join fee ₹2,000।",spam
"Share market tips: 100% accurate calls। First 3 calls free। Premium membership ₹2,000/month।",spam
"Yaar, project की deadline कल है। Library में मिलो।",ham
PhonePe alert: आपके account में suspicious login detect हुई। Verify करें: phonepe-secure.in,spam
Jio Dhan Dhana Dhan: 1 साल की free service जीती आपने! Activate करने के लिए OTP दें।,spam
Online tutor चाहिए। ₹500 per hour। Registration के लिए ₹300 का form fill करें।,spam
"Team lunch cancel हो गया, boss बाहर हैं।",ham
"Papa, गाड़ी का insurance renew हो गया।",ham
Get well soon. जल्दी ठीक हो जाओ।,ham
"Bhai, hostel का mess food आज बहुत अच्छा था।",ham
"Yaar, project की deadline कल है। Library में मिलो।",ham
"Bhai, शादी की shopping कब करने जाएं?",ham
"Bhai, canteen में मिलते हैं lunch के time।",ham
Meeting 11 बजे conference room में है।,ham
"Papa, salary account में आ गई। Bills pay कर दो।",ham
"Dost, birthday party 7 बजे है। आना मत भूलना।",ham
"Yaar, कल cricket match देखने चलना है। Ground पर।",ham
"Bank of Baroda: आपकी FD mature हो गई है। ₹50,000 release करने के लिए processing fee ₹500 भरें।",spam
"Yaar, semester की marksheet आ गई। अच्छे marks हैं।",ham
Office का Wi-Fi maintenance के लिए 2 घंटे बंद रहेगा।,ham
"आपने online survey complete किया। ₹3,500 का reward मिला है। Claim करने के लिए account details दें।",spam
"Amazon seller program: घर बैठे selling करें। ₹10,000 monthly guaranteed। Join fee ₹2,000।",spam
Project का deadline extend हो गया है 2 दिन।,ham
"Train 20 minutes late है, platform 4 पर है।",ham
"आपके Paytm account से ₹2,000 का unauthorized transaction हुआ। Cancel करने के लिए OTP दें।",spam
Election Commission: आपका voter ID update आवश्यक है। OTP के साथ verify करें।,spam
Exam में अच्छे marks आए! माँ बहुत खुश हैं।,ham
"Dost, birthday party 7 बजे है। आना मत भूलना।",ham
नई job का first day था। Colleagues अच्छे हैं।,ham
"Interview 3 बजे है, थोड़ा पहले पहुंच जाएं।",ham
"Train 20 minutes late है, platform 4 पर है।",ham
"Yaar, कल cricket match देखने चलना है। Ground पर।",ham
Quarterly review next week schedule हुई है।,ham
"Raincoat ले जाओ, बारिश का forecast है।",ham
Online tutor चाहिए। ₹500 per hour। Registration के लिए ₹300 का form fill करें।,spam
बधाई हो! आपका mobile number KBC lucky draw में select हुआ। ₹25 lakh जीतें। अभी call करें।,spam
PhonePe alert: आपके account में suspicious login detect हुई। Verify करें: phonepe-secure.in,spam
Scooter servicing के लिए garage ले जाओ।,ham
"Yaar, project की deadline कल है। Library में मिलो।",ham
"Team lunch cancel हो गया, boss बाहर हैं।",ham
"छोटू, homework कर लिया? आज exam है ना।",ham
"Yaar, semester की marksheet आ गई। अच्छे marks हैं।",ham
"Team lunch cancel हो गया, boss बाहर हैं।",ham
"Library book return करनी है, deadline है।",ham
New joiners का orientation tomorrow morning है।,ham
"Bank of Baroda: आपकी FD mature हो गई है। ₹50,000 release करने के लिए processing fee ₹500 भरें।",spam
"छोटू, homework कर लिया? आज exam है ना।",ham
Reliance Digital: आप lucky winner हैं! iPhone 15 जीता। Collect करने के लिए registration fee भरें।,spam
Get well soon. जल्दी ठीक हो जाओ।,ham
बच्चे का school tomorrow closed है।,ham
"Raincoat ले जाओ, बारिश का forecast है।",ham
Scooter servicing के लिए garage ले जाओ।,ham
"आपके Paytm account से ₹2,000 का unauthorized transaction हुआ। Cancel करने के लिए OTP दें।",spam
"Yaar, semester की marksheet आ गई। अच्छे marks हैं।",ham
"आज घर पर guests आ रहे हैं, जल्दी आ जाओ।",ham
Ayushman Bharat: आपका health card ready है। Activate करने के लिए Aadhaar OTP दें।,spam
Project का deadline extend हो गया है 2 दिन।,ham
"माँ, आज देर से आऊंगा। रात का खाना मत रखना।",ham
कल football खेलने जाना है? Team ready है।,ham
"प्रिय ग्राहक, आपका SBI खाता अस्थायी रूप से बंद कर दिया गया है। OTP दर्ज करें: sbi-kyc.com",spam
"Bhai, police case में फंस गया हूँ। ₹15,000 चाहिए वकील के लिए। family को मत बताना अभी।",spam
"Library book return करनी है, deadline है।",ham
बहुत थक गया हूँ आज। घर जाकर सोना है।,ham
"छोटू, homework कर लिया? आज exam है ना।",ham
"Mummy ji, मैं hospital में हूँ। Phone खो गया। इस number पर ₹5,000 transfer करो please।",spam
ICICI Bank: KYC incomplete है। आज रात 12 बजे तक update नहीं किया तो account freeze होगा।,spam
"Yaar, project की deadline कल है। Library में मिलो।",ham
Doctor का appointment 10 बजे है। साथ चलोगे?,ham
"दोस्त, मेरा wallet गुम हो गया। Station पर हूँ। ₹500 UPI कर दो, घर पहुंचकर return करता हूँ।",spam
"Bhai, police case में फंस गया हूँ। ₹15,000 चाहिए वकील के लिए। family को मत बताना अभी।",spam
Flipkart Diwali Offer: आपके order पर surprise gift select हुआ। Claim करने के लिए यहाँ click करें।,spam
"माँ, दादी की दवाई pharmacy से ले आई हूँ।",ham
"आपने online survey complete किया। ₹3,500 का reward मिला है। Claim करने के लिए account details दें।",spam
"Client meeting postpone हो गई, Friday को होगी।",ham
"Yaar, semester की marksheet आ गई। अच्छे marks हैं।",ham
"Miss you yaar, कब मिलोगे?",ham
Get well soon. जल्दी ठीक हो जाओ।,ham
"भैया, कल का program confirm है ना? Time बताओ।",ham
Quarterly review next week schedule हुई है।,ham
Congratulations on promotion! बहुत मेहनत की तुमने।,ham
Meeting 11 बजे conference room में है।,ham
"Bhai, hostel का mess food आज बहुत अच्छा था।",ham
"आज बारिश में भीग गया, मजा आया!",ham
"Yaar, नई movie देखी? Reviews बहुत अच्छे हैं।",ham
New joiners का orientation tomorrow morning है।,ham
"Work from home opportunity: घर बैठे daily ₹2,000 कमाएं। Registration के लिए ₹500 invest करें।",spam
"Bhai, शादी की shopping कब करने जाएं?",ham
"Take care, travel safe.",ham
"Miss you yaar, कब मिलोगे?",ham
"आज घर पर guests आ रहे हैं, जल्दी आ जाओ।",ham
"Papa, गाड़ी का insurance renew हो गया।",ham
BSNL Monthly Lucky Draw: आपका number ₹5 lakh के लिए select हुआ। details@bsnl-lucky.in पर mail करें।,spam
"GST Department: आपके business पर ₹12,000 का penalty लगाया गया है। 7 दिन में pay करें।",spam
"Google Pay: आपको ₹1,200 का cashback मिला है। 24 घंटे में claim नहीं किया तो expire हो जाएगा।",spam
"Train 20 minutes late है, platform 4 पर है।",ham
"Dear Customer, आपकी net banking 24 घंटे में expire होगी। अभी renew करें bit.ly/sbi-renew",spam
Amazon Great Indian Sale: आप winner हैं! MacBook Pro जीता। Delivery के लिए ₹299 shipping fee भरें।,spam
"Bhai, घर का light bill pay हो गया क्या?",ham
Doctor का appointment 10 बजे है। साथ चलोगे?,ham
PhonePe alert: आपके account में suspicious login detect हुई। Verify करें: phonepe-secure.in,spam
"छोटू, homework कर लिया? आज exam है ना।",ham
"Dost, internship के लिए apply किया? Last date है कल।",ham
Scooter servicing के लिए garage ले जाओ।,ham
"Yaar, नई movie देखी? Reviews बहुत अच्छे हैं।",ham
"Yaar, project की deadline कल है। Library में मिलो।",ham
"Bhai, घर का light bill pay हो गया क्या?",ham
"Yaar, semester की marksheet आ गई। अच्छे marks हैं।",ham
"Dost, internship के लिए apply किया? Last date है कल।",ham
"Yaar, नई movie देखी? Reviews बहुत अच्छे हैं।",ham
"Yaar, नई movie देखी? Reviews बहुत अच्छे हैं।",ham
"Papa, salary account में आ गई। Bills pay कर दो।",ham
"आज बारिश में भीग गया, मजा आया!",ham
आज बाजार से दूध और सब्जी लेते आना।,ham
Doctor का appointment 10 बजे है। साथ चलोगे?,ham
नई job का first day था। Colleagues अच्छे हैं।,ham
Quarterly review next week schedule हुई है।,ham
"Papa, salary account में आ गई। Bills pay कर दो।",ham
Mutual fund advisor: हमारे fund में invest करें। Annual 45% return guaranteed।,spam
"Axis Bank Alert: आपके account से ₹8,500 debit हुए। यदि आपने नहीं किया तो 1800-XXX पर call करें।",spam
नई job का first day था। Colleagues अच्छे हैं।,ham
"Bhai, police case में फंस गया हूँ। ₹15,000 चाहिए वकील के लिए। family को मत बताना अभी।",spam
Office का Wi-Fi maintenance के लिए 2 घंटे बंद रहेगा।,ham
Swiggy Order lucky customer: free meal voucher जीता! Redeem करने के लिए इस link पर जाएं।,spam
"Bhai, शादी की shopping कब करने जाएं?",ham
Driving License Authority: आपका license expire होने वाला है। Online renew करें ₹150 fee के साथ।,spam
"Library book return करनी है, deadline है।",ham
"Bhai, canteen में मिलते हैं lunch के time।",ham
"Bhai, canteen में मिलते हैं lunch के time।",ham
"Take care, travel safe.",ham
"आज बारिश में भीग गया, मजा आया!",ham
"Bhai, exam कैसा गया? Result कब आएगा?",ham
Election Commission: आपका voter ID update आवश्यक है। OTP के साथ verify करें।,spam
"Annual leave apply की है, approve हो जाएगी।",ham
PhonePe alert: आपके account में suspicious login detect हुई। Verify करें: phonepe-secure.in,spam
"Bhai, canteen में मिलते हैं lunch के time।",ham
"छोटू, homework कर लिया? आज exam है ना।",ham
बच्चे का school tomorrow closed है।,ham
BSNL Monthly Lucky Draw: आपका number ₹5 lakh के लिए select हुआ। details@bsnl-lucky.in पर mail करें।,spam
"भैया, कल का program confirm है ना? Time बताओ।",ham
Scooter servicing के लिए garage ले जाओ।,ham
Election Commission: आपका voter ID update आवश्यक है। OTP के साथ verify करें।,spam
"Raincoat ले जाओ, बारिश का forecast है।",ham
कल football खेलने जाना है? Team ready है।,ham
"Sir, मैं आपका पुराना student हूँ। बहुत मुश्किल में हूँ। ₹3,000 की जरूरत है। return कर दूंगा।",spam
Meeting 11 बजे conference room में है।,ham
आपका UPI PIN 3 बार गलत enter हुआ। Account lock से बचने के लिए अभी verify करें।,spam
"Sir, मैं आपका पुराना student हूँ। बहुत मुश्किल में हूँ। ₹3,000 की जरूरत है। return कर दूंगा।",spam
"Raincoat ले जाओ, बारिश का forecast है।",ham
Scooter servicing के लिए garage ले जाओ।,ham
आपका Gmail account किसी और device से access किया जा रहा है। तुरंत password change करें।,spam
कल football खेलने जाना है? Team ready है।,ham
"GST Department: आपके business पर ₹12,000 का penalty लगाया गया है। 7 दिन में pay करें।",spam
ICICI Bank: KYC incomplete है। आज रात 12 बजे तक update नहीं किया तो account freeze होगा।,spam
"Papa, गाड़ी का insurance renew हो गया।",ham
"छोटू, homework कर लिया? आज exam है ना।",ham
"HDFC BANK: आपके account में ₹15,000 की unauthorized entry हुई। तुरंत 9876543210 पर call करें।",spam
"आज घर पर guests आ रहे हैं, जल्दी आ जाओ।",ham
"बेटा, रात को ठंड है, jacket पहन कर निकलना।",ham
"Dost, internship के लिए apply किया? Last date है कल।",ham
"Papa, गाड़ी का insurance renew हो गया।",ham
"Sir, report आज शाम तक submit हो जाएगी।",ham
Happy Anniversary! हमेशा खुश रहो।,ham
"Neighbour के यहाँ function है, evening में जाएंगे।",ham
"Sir, report आज शाम तक submit हो जाएगी।",ham
बहुत थक गया हूँ आज। घर जाकर सोना है।,ham
WhatsApp warning: आपका account ban होने वाला है। Verify करने के लिए OTP forward करें।,spam
नई job का first day था। Colleagues अच्छे हैं।,ham
Exam में अच्छे marks आए! माँ बहुत खुश हैं।,ham
"Google Pay: आपको ₹1,200 का cashback मिला है। 24 घंटे में claim नहीं किया तो expire हो जाएगा।",spam
Passport Seva: आपका passport application pending है। Documents upload करें अन्यथा reject होगा।,spam
Office का Wi-Fi maintenance के लिए 2 घंटे बंद रहेगा।,ham
"Yaar, कल cricket match देखने चलना है। Ground पर।",ham
"Miss you yaar, कब मिलोगे?",ham
बहुत थक गया हूँ आज। घर जाकर सोना है।,ham
आपका Gmail account किसी और device से access किया जा रहा है। तुरंत password change करें।,spam
Meeting 11 बजे conference room में है।,ham
आज बाजार से दूध और सब्जी लेते आना।,ham
Congratulations on promotion! बहुत मेहनत की तुमने।,ham
बच्चे का school tomorrow closed है।,ham
"Papa, गाड़ी का insurance renew हो गया।",ham
"Dost, internship के लिए apply किया? Last date है कल।",ham
"Work from home opportunity: घर बैठे daily ₹2,000 कमाएं। Registration के लिए ₹500 invest करें।",spam
"Share market tips: 100% accurate calls। First 3 calls free। Premium membership ₹2,000/month।",spam
"Yaar, semester की marksheet आ गई। अच्छे marks हैं।",ham
कल football खेलने जाना है? Team ready है।,ham
"माँ, दादी की दवाई pharmacy से ले आई हूँ।",ham
"Didi, तुम्हारे लिए Lucknow से special मिठाई लाया हूँ।",ham
YouTube channel grow करें। Subscribers बढ़ाएं। हमारा package ₹999 में। Results guaranteed।,spam
Ayushman Bharat: आपका health card ready है। Activate करने के लिए Aadhaar OTP दें।,spam
"दोस्त, मेरा wallet गुम हो गया। Station पर हूँ। ₹500 UPI कर दो, घर पहुंचकर return करता हूँ।",spam
"Annual leave apply की है, approve हो जाएगी।",ham
"माँ, दादी की दवाई pharmacy से ले आई हूँ।",ham
"आपके Paytm account से ₹2,000 का unauthorized transaction हुआ। Cancel करने के लिए OTP दें।",spam
"Raincoat ले जाओ, बारिश का forecast है।",ham
Get well soon. जल्दी ठीक हो जाओ।,ham
Get well soon. जल्दी ठीक हो जाओ।,ham
Happy Anniversary! हमेशा खुश रहो।,ham
"बेटा, रात को ठंड है, jacket पहन कर निकलना।",ham
"Neighbour के यहाँ function है, evening में जाएंगे।",ham
"Yaar, कल cricket match देखने चलना है। Ground पर।",ham
Apple ID Alert: आपका iCloud storage full है। Data delete होने से पहले यहाँ backup करें।,spam
बच्चे का school tomorrow closed है।,ham
"Train 20 minutes late है, platform 4 पर है।",ham
Happy Anniversary! हमेशा खुश रहो।,ham
"बेटा, रात को ठंड है, jacket पहन कर निकलना।",ham
"Bhai, canteen में मिलते हैं lunch के time।",ham
आपका Gmail account किसी और device से access किया जा रहा है। तुरंत password change करें।,spam
"Bank of Baroda: आपकी FD mature हो गई है। ₹50,000 release करने के लिए processing fee ₹500 भरें।",spam
Happy Anniversary! हमेशा खुश रहो।,ham
"Income Tax Department: आपका ₹18,500 का refund pending है। Account details update करें।",spam
"Neighbour के यहाँ function है, evening में जाएंगे।",ham
"आज बारिश में भीग गया, मजा आया!",ham
"Client meeting postpone हो गई, Friday को होगी।",ham
Happy Anniversary! हमेशा खुश रहो।,ham
"भैया, कल का program confirm है ना? Time बताओ।",ham
Election Commission: आपका voter ID update आवश्यक है। OTP के साथ verify करें।,spam
"Raincoat ले जाओ, बारिश का forecast है।",ham
आज बाजार से दूध और सब्जी लेते आना।,ham
Doctor का appointment 10 बजे है। साथ चलोगे?,ham
"Beta, यह Sharma uncle बोल रहे हैं। Emergency है। ₹10,000 इस account में transfer कर दो।",spam
Quarterly review next week schedule हुई है।,ham
"Yaar, कल cricket match देखने चलना है। Ground पर।",ham
Project का deadline extend हो गया है 2 दिन।,ham
बधाई हो! आपका mobile number KBC lucky draw में select हुआ। ₹25 lakh जीतें। अभी call करें।,spam
"HDFC BANK: आपके account में ₹15,000 की unauthorized entry हुई। तुरंत 9876543210 पर call करें।",spam
बधाई हो! आपका mobile number KBC lucky draw में select हुआ। ₹25 lakh जीतें। अभी call करें।,spam
"Bhai, exam कैसा गया? Result कब आएगा?",ham
"Yaar, कल cricket match देखने चलना है। Ground पर।",ham
"Work from home opportunity: घर बैठे daily ₹2,000 कमाएं। Registration के लिए ₹500 invest करें।",spam
बहुत थक गया हूँ आज। घर जाकर सोना है।,ham
Flipkart Diwali Offer: आपके order पर surprise gift select हुआ। Claim करने के लिए यहाँ click करें।,spam
Office का Wi-Fi maintenance के लिए 2 घंटे बंद रहेगा।,ham
"Work from home opportunity: घर बैठे daily ₹2,000 कमाएं। Registration के लिए ₹500 invest करें।",spam
बधाई हो! आपका mobile number KBC lucky draw में select हुआ। ₹25 lakh जीतें। अभी call करें।,spam
Amazon Great Indian Sale: आप winner हैं! MacBook Pro जीता। Delivery के लिए ₹299 shipping fee भरें।,spam
Project का deadline extend हो गया है 2 दिन।,ham
बधाई हो! आपका mobile number KBC lucky draw में select हुआ। ₹25 lakh जीतें। अभी call करें।,spam
"Didi, तुम्हारे लिए Lucknow से special मिठाई लाया हूँ।",ham
"Dear Customer, आपकी net banking 24 घंटे में expire होगी। अभी renew करें bit.ly/sbi-renew",spam
Congratulations on promotion! बहुत मेहनत की तुमने।,ham
Mutual fund advisor: हमारे fund में invest करें। Annual 45% return guaranteed।,spam
"Dear Customer, आपकी net banking 24 घंटे में expire होगी। अभी renew करें bit.ly/sbi-renew",spam
"Didi, तुम्हारे लिए Lucknow से special मिठाई लाया हूँ।",ham
"Dost, internship के लिए apply किया? Last date है कल।",ham
"Yaar, नई movie देखी? Reviews बहुत अच्छे हैं।",ham
"Dost, internship के लिए apply किया? Last date है कल।",ham
Electricity bill ₹850 का आया है। Pay कर देना।,ham
"Client meeting postpone हो गई, Friday को होगी।",ham
"Data entry job: घर बैठे काम करें। Daily 2-3 घंटे। Monthly ₹25,000। Training fee ₹1,500।",spam
Ayushman Bharat: आपका health card ready है। Activate करने के लिए Aadhaar OTP दें।,spam
आज बाजार से दूध और सब्जी लेते आना।,ham
Exam में अच्छे marks आए! माँ बहुत खुश हैं।,ham
PM Awas Yojana: आपका नाम list में है। ₹2.5 lakh की subsidy पाने के लिए registration करें।,spam
Meeting 11 बजे conference room में है।,ham
"Zomato anniversary offer: आपने ₹500 का voucher जीता! 2 घंटे में expire होगा, अभी use करें।",spam
WhatsApp warning: आपका account ban होने वाला है। Verify करने के लिए OTP forward करें।,spam
"आज बारिश में भीग गया, मजा आया!",ham
"Data entry job: घर बैठे काम करें। Daily 2-3 घंटे। Monthly ₹25,000। Training fee ₹1,500।",spam
आपका Gmail account किसी और device से access किया जा रहा है। तुरंत password change करें।,spam
"Crypto investment: ₹1,000 invest करें, 30 दिन में ₹15,000 guaranteed। Trusted platform।",spam
"Bhai, exam कैसा गया? Result कब आएगा?",ham
Exam में अच्छे marks आए! माँ बहुत खुश हैं।,ham
"Bhai, घर का light bill pay हो गया क्या?",ham
"Annual leave apply की है, approve हो जाएगी।",ham
Microsoft Support: आपका Windows license expire हो गया। ₹800 में renew करें।,spam
"बेटा, रात को ठंड है, jacket पहन कर निकलना।",ham
"Zomato anniversary offer: आपने ₹500 का voucher जीता! 2 घंटे में expire होगा, अभी use करें।",spam
"Neighbour के यहाँ function है, evening में जाएंगे।",ham
Happy Anniversary! हमेशा खुश रहो।,ham
New joiners का orientation tomorrow morning है।,ham
"Train 20 minutes late है, platform 4 पर है।",ham
कल football खेलने जाना है? Team ready है।,ham
"Zomato anniversary offer: आपने ₹500 का voucher जीता! 2 घंटे में expire होगा, अभी use करें।",spam
"Library book return करनी है, deadline है।",ham
"Train 20 minutes late है, platform 4 पर है।",ham
Mutual fund advisor: हमारे fund में invest करें। Annual 45% return guaranteed।,spam
"EPF Department: आपके PF account में error है। ₹45,000 release के लिए online verify करें।",spam
"आज घर पर guests आ रहे हैं, जल्दी आ जाओ।",ham
"भैया, कल का program confirm है ना? Time बताओ।",ham
"Interview 3 बजे है, थोड़ा पहले पहुंच जाएं।",ham
बहुत थक गया हूँ आज। घर जाकर सोना है।,ham
"माँ, आज देर से आऊंगा। रात का खाना मत रखना।",ham
"Library book return करनी है, deadline है।",ham
बधाई हो! आपका mobile number KBC lucky draw में select हुआ। ₹25 lakh जीतें। अभी call करें।,spam
"आपने online survey complete किया। ₹3,500 का reward मिला है। Claim करने के लिए account details दें।",spam
"Work from home opportunity: घर बैठे daily ₹2,000 कमाएं। Registration के लिए ₹500 invest करें।",spam
"Library book return करनी है, deadline है।",ham
Scooter servicing के लिए garage ले जाओ।,ham
बहुत थक गया हूँ आज। घर जाकर सोना है।,ham
"Interview 3 बजे है, थोड़ा पहले पहुंच जाएं।",ham
"माँ, आज देर से आऊंगा। रात का खाना मत रखना।",ham
नई job का first day था। Colleagues अच्छे हैं।,ham
"Bhai, hostel का mess food आज बहुत अच्छा था।",ham
New joiners का orientation tomorrow morning है।,ham
"Miss you yaar, कब मिलोगे?",ham
Passport Seva: आपका passport application pending है। Documents upload करें अन्यथा reject होगा।,spam
Quarterly review next week schedule हुई है।,ham
"छोटू, homework कर लिया? आज exam है ना।",ham
कल football खेलने जाना है? Team ready है।,ham
"माँ, दादी की दवाई pharmacy से ले आई हूँ।",ham
आज बाजार से दूध और सब्जी लेते आना।,ham
"Mummy ji, मैं hospital में हूँ। Phone खो गया। इस number पर ₹5,000 transfer करो please।",spam
"आज घर पर guests आ रहे हैं, जल्दी आ जाओ।",ham
"Didi, तुम्हारे लिए Lucknow से special मिठाई लाया हूँ।",ham
आज का दिन बहुत अच्छा था! खुश हूँ बहुत।,ham
"Mummy ji, मैं hospital में हूँ। Phone खो गया। इस number पर ₹5,000 transfer करो please।",spam
Electricity bill ₹850 का आया है। Pay कर देना।,ham
"Interview 3 बजे है, थोड़ा पहले पहुंच जाएं।",ham
"EPF Department: आपके PF account में error है। ₹45,000 release के लिए online verify करें।",spam
"Yaar, नई movie देखी? Reviews बहुत अच्छे हैं।",ham
"Crypto investment: ₹1,000 invest करें, 30 दिन में ₹15,000 guaranteed। Trusted platform।",spam
"Interview 3 बजे है, थोड़ा पहले पहुंच जाएं।",ham
"माँ, आज देर से आऊंगा। रात का खाना मत रखना।",ham
"Yaar, नई movie देखी? Reviews बहुत अच्छे हैं।",ham
"Dost, internship के लिए apply किया? Last date है कल।",ham
"Dost, birthday party 7 बजे है। आना मत भूलना।",ham
बहुत थक गया हूँ आज। घर जाकर सोना है।,ham
बहुत थक गया हूँ आज। घर जाकर सोना है।,ham
"Sir, report आज शाम तक submit हो जाएगी।",ham
Reliance Digital: आप lucky winner हैं! iPhone 15 जीता। Collect करने के लिए registration fee भरें।,spam
"Annual leave apply की है, approve हो जाएगी।",ham
नई job का first day था। Colleagues अच्छे हैं।,ham
"छोटू, homework कर लिया? आज exam है ना।",ham
"Team lunch cancel हो गया, boss बाहर हैं।",ham
"Yaar, कल cricket match देखने चलना है। Ground पर।",ham
"Bhai, exam कैसा गया? Result कब आएगा?",ham
"आज बारिश में भीग गया, मजा आया!",ham
YouTube channel grow करें। Subscribers बढ़ाएं। हमारा package ₹999 में। Results guaranteed।,spam
आज बाजार से दूध और सब्जी लेते आना।,ham
नई job का first day था। Colleagues अच्छे हैं।,ham
कल football खेलने जाना है? Team ready है।,ham
New joiners का orientation tomorrow morning है।,ham
"प्रिय ग्राहक, आपका SBI खाता अस्थायी रूप से बंद कर दिया गया है। OTP दर्ज करें: sbi-kyc.com",spam
"Beta, यह Sharma uncle बोल रहे हैं। Emergency है। ₹10,000 इस account में transfer कर दो।",spam
"Raincoat ले जाओ, बारिश का forecast है।",ham
"Take care, travel safe.",ham
Mutual fund advisor: हमारे fund में invest करें। Annual 45% return guaranteed।,spam
"आज घर पर guests आ रहे हैं, जल्दी आ जाओ।",ham
"आपने online survey complete किया। ₹3,500 का reward मिला है। Claim करने के लिए account details दें।",spam
"Miss you yaar, कब मिलोगे?",ham
"GST Department: आपके business पर ₹12,000 का penalty लगाया गया है। 7 दिन में pay करें।",spam
"Raincoat ले जाओ, बारिश का forecast है।",ham
Meeting 11 बजे conference room में है।,ham
Quarterly review next week schedule हुई है।,ham
"बेटा, रात को ठंड है, jacket पहन कर निकलना।",ham
आपका UPI PIN 3 बार गलत enter हुआ। Account lock से बचने के लिए अभी verify करें।,spam
"Dear Customer, आपकी net banking 24 घंटे में expire होगी। अभी renew करें bit.ly/sbi-renew",spam
"Annual leave apply की है, approve हो जाएगी।",ham
"Raincoat ले जाओ, बारिश का forecast है।",ham
"Bhai, शादी की shopping कब करने जाएं?",ham
"Bhai, canteen में मिलते हैं lunch के time।",ham
"Yaar, नई movie देखी? Reviews बहुत अच्छे हैं।",ham
Electricity bill ₹850 का आया है। Pay कर देना।,ham
"Crypto investment: ₹1,000 invest करें, 30 दिन में ₹15,000 guaranteed। Trusted platform।",spam
Electricity bill ₹850 का आया है। Pay कर देना।,ham
"Bhai, canteen में मिलते हैं lunch के time।",ham
WhatsApp warning: आपका account ban होने वाला है। Verify करने के लिए OTP forward करें।,spam
Electricity bill ₹850 का आया है। Pay कर देना।,ham
Electricity bill ₹850 का आया है। Pay कर देना।,ham
"आज बारिश में भीग गया, मजा आया!",ham
कल football खेलने जाना है? Team ready है।,ham
"Work from home opportunity: घर बैठे daily ₹2,000 कमाएं। Registration के लिए ₹500 invest करें।",spam
"Yaar, कल cricket match देखने चलना है। Ground पर।",ham
"Bank of Baroda: आपकी FD mature हो गई है। ₹50,000 release करने के लिए processing fee ₹500 भरें।",spam
"Dost, birthday party 7 बजे है। आना मत भूलना।",ham
"HDFC BANK: आपके account में ₹15,000 की unauthorized entry हुई। तुरंत 9876543210 पर call करें।",spam
"Work from home opportunity: घर बैठे daily ₹2,000 कमाएं। Registration के लिए ₹500 invest करें।",spam
Mutual fund advisor: हमारे fund में invest करें। Annual 45% return guaranteed।,spam
Scooter servicing के लिए garage ले जाओ।,ham
"Bhai, canteen में मिलते हैं lunch के time।",ham
"Dost, internship के लिए apply किया? Last date है कल।",ham
Quarterly review next week schedule हुई है।,ham
"Sir, मैं आपका पुराना student हूँ। बहुत मुश्किल में हूँ। ₹3,000 की जरूरत है। return कर दूंगा।",spam
"Sir, report आज शाम तक submit हो जाएगी।",ham
Electricity bill ₹850 का आया है। Pay कर देना।,ham
"Bhai, police case में फंस गया हूँ। ₹15,000 चाहिए वकील के लिए। family को मत बताना अभी।",spam
"Yaar, project की deadline कल है। Library में मिलो।",ham
Get well soon. जल्दी ठीक हो जाओ।,ham
"Yaar, semester की marksheet आ गई। अच्छे marks हैं।",ham
"Yaar, semester की marksheet आ गई। अच्छे marks हैं।",ham
Mutual fund advisor: हमारे fund में invest करें। Annual 45% return guaranteed।,spam
Doctor का appointment 10 बजे है। साथ चलोगे?,ham
बच्चे का school tomorrow closed है।,ham
Project का deadline extend हो गया है 2 दिन।,ham
आपका UPI PIN 3 बार गलत enter हुआ। Account lock से बचने के लिए अभी verify करें।,spam
BSNL Monthly Lucky Draw: आपका number ₹5 lakh के लिए select हुआ। details@bsnl-lucky.in पर mail करें।,spam
"Take care, travel safe.",ham
"MLM business: ₹5,000 invest करें और ₹50,000 monthly कमाएं। Team join करें आज ही।",spam
"Library book return करनी है, deadline है।",ham
Apple ID Alert: आपका iCloud storage full है। Data delete होने से पहले यहाँ backup करें।,spam
आपका Gmail account किसी और device से access किया जा रहा है। तुरंत password change करें।,spam
"आज घर पर guests आ रहे हैं, जल्दी आ जाओ।",ham
Scooter servicing के लिए garage ले जाओ।,ham
"Yaar, semester की marksheet आ गई। अच्छे marks हैं।",ham
BSNL Monthly Lucky Draw: आपका number ₹5 lakh के लिए select हुआ। details@bsnl-lucky.in पर mail करें।,spam
Election Commission: आपका voter ID update आवश्यक है। OTP के साथ verify करें।,spam
YouTube channel grow करें। Subscribers बढ़ाएं। हमारा package ₹999 में। Results guaranteed।,spam
"Library book return करनी है, deadline है।",ham
"आज घर पर guests आ रहे हैं, जल्दी आ जाओ।",ham
बहुत थक गया हूँ आज। घर जाकर सोना है।,ham
Amazon Great Indian Sale: आप winner हैं! MacBook Pro जीता। Delivery के लिए ₹299 shipping fee भरें।,spam
"Annual leave apply की है, approve हो जाएगी।",ham
"Bank of Baroda: आपकी FD mature हो गई है। ₹50,000 release करने के लिए processing fee ₹500 भरें।",spam
आज बाजार से दूध और सब्जी लेते आना।,ham
Swiggy Order lucky customer: free meal voucher जीता! Redeem करने के लिए इस link पर जाएं।,spam
Jio Dhan Dhana Dhan: 1 साल की free service जीती आपने! Activate करने के लिए OTP दें।,spam
"Dost, internship के लिए apply किया? Last date है कल।",ham
New joiners का orientation tomorrow morning है।,ham
ICICI Bank: KYC incomplete है। आज रात 12 बजे तक update नहीं किया तो account freeze होगा।,spam
Jio Dhan Dhana Dhan: 1 साल की free service जीती आपने! Activate करने के लिए OTP दें।,spam
Swiggy Order lucky customer: free meal voucher जीता! Redeem करने के लिए इस link पर जाएं।,spam
"Yaar, नई movie देखी? Reviews बहुत अच्छे हैं।",ham
Flipkart Diwali Offer: आपके order पर surprise gift select हुआ। Claim करने के लिए यहाँ click करें।,spam
Microsoft Support: आपका Windows license expire हो गया। ₹800 में renew करें।,spam
आज का दिन बहुत अच्छा था! खुश हूँ बहुत।,ham
"Dear Customer, आपकी net banking 24 घंटे में expire होगी। अभी renew करें bit.ly/sbi-renew",spam
WhatsApp warning: आपका account ban होने वाला है। Verify करने के लिए OTP forward करें।,spam
"Train 20 minutes late है, platform 4 पर है।",ham
New joiners का orientation tomorrow morning है।,ham
कल football खेलने जाना है? Team ready है।,ham
आपका UPI PIN 3 बार गलत enter हुआ। Account lock से बचने के लिए अभी verify करें।,spam
बहुत थक गया हूँ आज। घर जाकर सोना है।,ham
"माँ, आज देर से आऊंगा। रात का खाना मत रखना।",ham
Apple ID Alert: आपका iCloud storage full है। Data delete होने से पहले यहाँ backup करें।,spam
Scooter servicing के लिए garage ले जाओ।,ham
"Interview 3 बजे है, थोड़ा पहले पहुंच जाएं।",ham
"Interview 3 बजे है, थोड़ा पहले पहुंच जाएं।",ham
"Sir, report आज शाम तक submit हो जाएगी।",ham
"Annual leave apply की है, approve हो जाएगी।",ham
"Yaar, कल cricket match देखने चलना है। Ground पर।",ham
Congratulations on promotion! बहुत मेहनत की तुमने।,ham
"Income Tax Department: आपका ₹18,500 का refund pending है। Account details update करें।",spam
"Papa, गाड़ी का insurance renew हो गया।",ham
"Yaar, project की deadline कल है। Library में मिलो।",ham
"Yaar, project की deadline कल है। Library में मिलो।",ham
कल football खेलने जाना है? Team ready है।,ham
Swiggy Order lucky customer: free meal voucher जीता! Redeem करने के लिए इस link पर जाएं।,spam
आज बाजार से दूध और सब्जी लेते आना।,ham
"Team lunch cancel हो गया, boss बाहर हैं।",ham
"Didi, तुम्हारे लिए Lucknow से special मिठाई लाया हूँ।",ham
"Team lunch cancel हो गया, boss बाहर हैं।",ham
"Client meeting postpone हो गई, Friday को होगी।",ham
"Interview 3 बजे है, थोड़ा पहले पहुंच जाएं।",ham
Online tutor चाहिए। ₹500 per hour। Registration के लिए ₹300 का form fill करें।,spam
"Annual leave apply की है, approve हो जाएगी।",ham
"Neighbour के यहाँ function है, evening में जाएंगे।",ham
Congratulations on promotion! बहुत मेहनत की तुमने।,ham
"Crypto investment: ₹1,000 invest करें, 30 दिन में ₹15,000 guaranteed। Trusted platform।",spam
बहुत थक गया हूँ आज। घर जाकर सोना है।,ham
"Sir, report आज शाम तक submit हो जाएगी।",ham
"Bhai, exam कैसा गया? Result कब आएगा?",ham
"माँ, आज देर से आऊंगा। रात का खाना मत रखना।",ham
"आज बारिश में भीग गया, मजा आया!",ham
"प्रिय ग्राहक, आपका SBI खाता अस्थायी रूप से बंद कर दिया गया है। OTP दर्ज करें: sbi-kyc.com",spam
बच्चे का school tomorrow closed है।,ham
"Bhai, शादी की shopping कब करने जाएं?",ham
"Client meeting postpone हो गई, Friday को होगी।",ham
"Yaar, नई movie देखी? Reviews बहुत अच्छे हैं।",ham
Congratulations on promotion! बहुत मेहनत की तुमने।,ham
Online tutor चाहिए। ₹500 per hour। Registration के लिए ₹300 का form fill करें।,spam
"Yaar, कल cricket match देखने चलना है। Ground पर।",ham
"Take care, travel safe.",ham
"Neighbour के यहाँ function है, evening में जाएंगे।",ham
PhonePe alert: आपके account में suspicious login detect हुई। Verify करें: phonepe-secure.in,spam
Amazon Great Indian Sale: आप winner हैं! MacBook Pro जीता। Delivery के लिए ₹299 shipping fee भरें।,spam
"Yaar, नई movie देखी? Reviews बहुत अच्छे हैं।",ham
"Annual leave apply की है, approve हो जाएगी।",ham
"आज घर पर guests आ रहे हैं, जल्दी आ जाओ।",ham
"Papa, salary account में आ गई। Bills pay कर दो।",ham
PM Awas Yojana: आपका नाम list में है। ₹2.5 lakh की subsidy पाने के लिए registration करें।,spam
"Dost, internship के लिए apply किया? Last date है कल।",ham
बहुत थक गया हूँ आज। घर जाकर सोना है।,ham
"Mummy ji, मैं hospital में हूँ। Phone खो गया। इस number पर ₹5,000 transfer करो please।",spam
"Bhai, hostel का mess food आज बहुत अच्छा था।",ham
"Google Pay: आपको ₹1,200 का cashback मिला है। 24 घंटे में claim नहीं किया तो expire हो जाएगा।",spam
"Papa, गाड़ी का insurance renew हो गया।",ham
"Neighbour के यहाँ function है, evening में जाएंगे।",ham
कल football खेलने जाना है? Team ready है।,ham
"Bhai, hostel का mess food आज बहुत अच्छा था।",ham
"Amazon seller program: घर बैठे selling करें। ₹10,000 monthly guaranteed। Join fee ₹2,000।",spam
New joiners का orientation tomorrow morning है।,ham
आपके phone में dangerous virus detect हुआ। Data safe रखने के लिए यह app install करें।,spam
"प्रिय ग्राहक, आपका SBI खाता अस्थायी रूप से बंद कर दिया गया है। OTP दर्ज करें: sbi-kyc.com",spam
नई job का first day था। Colleagues अच्छे हैं।,ham
"Yaar, नई movie देखी? Reviews बहुत अच्छे हैं।",ham
"Share market tips: 100% accurate calls। First 3 calls free। Premium membership ₹2,000/month।",spam
"Papa, गाड़ी का insurance renew हो गया।",ham
"Yaar, नई movie देखी? Reviews बहुत अच्छे हैं।",ham
"Sir, मैं आपका पुराना student हूँ। बहुत मुश्किल में हूँ। ₹3,000 की जरूरत है। return कर दूंगा।",spam
"Data entry job: घर बैठे काम करें। Daily 2-3 घंटे। Monthly ₹25,000। Training fee ₹1,500।",spam
"छोटू, homework कर लिया? आज exam है ना।",ham
"Yaar, project की deadline कल है। Library में मिलो।",ham
BSNL Monthly Lucky Draw: आपका number ₹5 lakh के लिए select हुआ। details@bsnl-lucky.in पर mail करें।,spam
"Beta, यह Sharma uncle बोल रहे हैं। Emergency है। ₹10,000 इस account में transfer कर दो।",spam
Exam में अच्छे marks आए! माँ बहुत खुश हैं।,ham
Jio Dhan Dhana Dhan: 1 साल की free service जीती आपने! Activate करने के लिए OTP दें।,spam
"Annual leave apply की है, approve हो जाएगी।",ham
"Axis Bank Alert: आपके account से ₹8,500 debit हुए। यदि आपने नहीं किया तो 1800-XXX पर call करें।",spam
कल football खेलने जाना है? Team ready है।,ham
"Data entry job: घर बैठे काम करें। Daily 2-3 घंटे। Monthly ₹25,000। Training fee ₹1,500।",spam
Project का deadline extend हो गया है 2 दिन।,ham
"Yaar, कल cricket match देखने चलना है। Ground पर।",ham
"Client meeting postpone हो गई, Friday को होगी।",ham
"Google Pay: आपको ₹1,200 का cashback मिला है। 24 घंटे में claim नहीं किया तो expire हो जाएगा।",spam
"Interview 3 बजे है, थोड़ा पहले पहुंच जाएं।",ham
"Yaar, project की deadline कल है। Library में मिलो।",ham
"MLM business: ₹5,000 invest करें और ₹50,000 monthly कमाएं। Team join करें आज ही।",spam
UIDAI Notice: आपका Aadhaar किसी और के mobile से link हो गया है। Fix करने के लिए call करें।,spam
"Papa, गाड़ी का insurance renew हो गया।",ham
"Bhai, exam कैसा गया? Result कब आएगा?",ham
"Income Tax Department: आपका ₹18,500 का refund pending है। Account details update करें।",spam
Meeting 11 बजे conference room में है।,ham
Happy Anniversary! हमेशा खुश रहो।,ham
"Bhai, canteen में मिलते हैं lunch के time।",ham
कल football खेलने जाना है? Team ready है।,ham
"माँ, दादी की दवाई pharmacy से ले आई हूँ।",ham
Quarterly review next week schedule हुई है।,ham
"आज घर पर guests आ रहे हैं, जल्दी आ जाओ।",ham
Ayushman Bharat: आपका health card ready है। Activate करने के लिए Aadhaar OTP दें।,spam
YouTube channel grow करें। Subscribers बढ़ाएं। हमारा package ₹999 में। Results guaranteed।,spam
आज का दिन बहुत अच्छा था! खुश हूँ बहुत।,ham
Exam में अच्छे marks आए! माँ बहुत खुश हैं।,ham
Quarterly review next week schedule हुई है।,ham
बहुत थक गया हूँ आज। घर जाकर सोना है।,ham
Happy Anniversary! हमेशा खुश रहो।,ham
"Client meeting postpone हो गई, Friday को होगी।",ham
"Mummy ji, मैं hospital में हूँ। Phone खो गया। इस number पर ₹5,000 transfer करो please।",spam
"बेटा, रात को ठंड है, jacket पहन कर निकलना।",ham
Jio Dhan Dhana Dhan: 1 साल की free service जीती आपने! Activate करने के लिए OTP दें।,spam
Office का Wi-Fi maintenance के लिए 2 घंटे बंद रहेगा।,ham
"आज बारिश में भीग गया, मजा आया!",ham
"Bhai, घर का light bill pay हो गया क्या?",ham
कल football खेलने जाना है? Team ready है।,ham
"Yaar, कल cricket match देखने चलना है। Ground पर।",ham
Amazon Great Indian Sale: आप winner हैं! MacBook Pro जीता। Delivery के लिए ₹299 shipping fee भरें।,spam
"Yaar, semester की marksheet आ गई। अच्छे marks हैं।",ham
"Bhai, घर का light bill pay हो गया क्या?",ham
"Yaar, कल cricket match देखने चलना है। Ground पर।",ham
Get well soon. जल्दी ठीक हो जाओ।,ham
"Bhai, canteen में मिलते हैं lunch के time।",ham
Online tutor चाहिए। ₹500 per hour। Registration के लिए ₹300 का form fill करें।,spam
"दोस्त, मेरा wallet गुम हो गया। Station पर हूँ। ₹500 UPI कर दो, घर पहुंचकर return करता हूँ।",spam
Meeting 11 बजे conference room में है।,ham
"Dost, birthday party 7 बजे है। आना मत भूलना।",ham
"Yaar, project की deadline कल है। Library में मिलो।",ham
"Beta, यह Sharma uncle बोल रहे हैं। Emergency है। ₹10,000 इस account में transfer कर दो।",spam
Meeting 11 बजे conference room में है।,ham
"Take care, travel safe.",ham
Meeting 11 बजे conference room में है।,ham
"Income Tax Department: आपका ₹18,500 का refund pending है। Account details update करें।",spam
कल football खेलने जाना है? Team ready है।,ham
"Bhai, canteen में मिलते हैं lunch के time।",ham
"EPF Department: आपके PF account में error है। ₹45,000 release के लिए online verify करें।",spam
"Sir, report आज शाम तक submit हो जाएगी।",ham
Quarterly review next week schedule हुई है।,ham
"माँ, दादी की दवाई pharmacy से ले आई हूँ।",ham
UIDAI Notice: आपका Aadhaar किसी और के mobile से link हो गया है। Fix करने के लिए call करें।,spam
Congratulations on promotion! बहुत मेहनत की तुमने।,ham
"Library book return करनी है, deadline है।",ham
"Train 20 minutes late है, platform 4 पर है।",ham
"Bhai, exam कैसा गया? Result कब आएगा?",ham
आज का दिन बहुत अच्छा था! खुश हूँ बहुत।,ham
"Bhai, canteen में मिलते हैं lunch के time।",ham
"Annual leave apply की है, approve हो जाएगी।",ham
"Data entry job: घर बैठे काम करें। Daily 2-3 घंटे। Monthly ₹25,000। Training fee ₹1,500।",spam
YouTube channel grow करें। Subscribers बढ़ाएं। हमारा package ₹999 में। Results guaranteed।,spam
"Didi, तुम्हारे लिए Lucknow से special मिठाई लाया हूँ।",ham
"Yaar, project की deadline कल है। Library में मिलो।",ham
"Raincoat ले जाओ, बारिश का forecast है।",ham
"Yaar, project की deadline कल है। Library में मिलो।",ham
"माँ, आज देर से आऊंगा। रात का खाना मत रखना।",ham
आपका Gmail account किसी और device से access किया जा रहा है। तुरंत password change करें।,spam
"Team lunch cancel हो गया, boss बाहर हैं।",ham
"Library book return करनी है, deadline है।",ham
"Income Tax Department: आपका ₹18,500 का refund pending है। Account details update करें।",spam
"आज बारिश में भीग गया, मजा आया!",ham
Get well soon. जल्दी ठीक हो जाओ।,ham
नई job का first day था। Colleagues अच्छे हैं।,ham
आज बाजार से दूध और सब्जी लेते आना।,ham
"Bank of Baroda: आपकी FD mature हो गई है। ₹50,000 release करने के लिए processing fee ₹500 भरें।",spam
UIDAI Notice: आपका Aadhaar किसी और के mobile से link हो गया है। Fix करने के लिए call करें।,spam
State Government lottery: ticket number 4521 winner है। ₹10 lakh का prize claim करें।,spam
"Raincoat ले जाओ, बारिश का forecast है।",ham
Exam में अच्छे marks आए! माँ बहुत खुश हैं।,ham
"प्रिय ग्राहक, आपका SBI खाता अस्थायी रूप से बंद कर दिया गया है। OTP दर्ज करें: sbi-kyc.com",spam
"Take care, travel safe.",ham
"Bhai, घर का light bill pay हो गया क्या?",ham
"Dost, birthday party 7 बजे है। आना मत भूलना।",ham
Project का deadline extend हो गया है 2 दिन।,ham
"Interview 3 बजे है, थोड़ा पहले पहुंच जाएं।",ham
"आज बारिश में भीग गया, मजा आया!",ham
"Interview 3 बजे है, थोड़ा पहले पहुंच जाएं।",ham
Electricity bill ₹850 का आया है। Pay कर देना।,ham
"Train 20 minutes late है, platform 4 पर है।",ham
आज का दिन बहुत अच्छा था! खुश हूँ बहुत।,ham
"Yaar, नई movie देखी? Reviews बहुत अच्छे हैं।",ham
"Papa, salary account में आ गई। Bills pay कर दो।",ham
Driving License Authority: आपका license expire होने वाला है। Online renew करें ₹150 fee के साथ।,spam
"दोस्त, मेरा wallet गुम हो गया। Station पर हूँ। ₹500 UPI कर दो, घर पहुंचकर return करता हूँ।",spam
"Zomato anniversary offer: आपने ₹500 का voucher जीता! 2 घंटे में expire होगा, अभी use करें।",spam
Exam में अच्छे marks आए! माँ बहुत खुश हैं।,ham
Happy Anniversary! हमेशा खुश रहो।,ham
"आपके Paytm account से ₹2,000 का unauthorized transaction हुआ। Cancel करने के लिए OTP दें।",spam
"आज बारिश में भीग गया, मजा आया!",ham
"Team lunch cancel हो गया, boss बाहर हैं।",ham
"Papa, salary account में आ गई। Bills pay कर दो।",ham
"Crypto investment: ₹1,000 invest करें, 30 दिन में ₹15,000 guaranteed। Trusted platform।",spam
"Team lunch cancel हो गया, boss बाहर हैं।",ham
"बेटा, रात को ठंड है, jacket पहन कर निकलना।",ham
"Sir, मैं आपका पुराना student हूँ। बहुत मुश्किल में हूँ। ₹3,000 की जरूरत है। return कर दूंगा।",spam
"Annual leave apply की है, approve हो जाएगी।",ham
Jio Dhan Dhana Dhan: 1 साल की free service जीती आपने! Activate करने के लिए OTP दें।,spam
"Bhai, शादी की shopping कब करने जाएं?",ham
"भैया, कल का program confirm है ना? Time बताओ।",ham
IRCTC: आपकी Tatkal ticket automatically cancel हो गई। Refund के लिए bank details confirm करें।,spam
"Yaar, कल cricket match देखने चलना है। Ground पर।",ham
आज का दिन बहुत अच्छा था! खुश हूँ बहुत।,ham
Passport Seva: आपका passport application pending है। Documents upload करें अन्यथा reject होगा।,spam
"माँ, आज देर से आऊंगा। रात का खाना मत रखना।",ham
"आज घर पर guests आ रहे हैं, जल्दी आ जाओ।",ham
Office का Wi-Fi maintenance के लिए 2 घंटे बंद रहेगा।,ham
"दोस्त, मेरा wallet गुम हो गया। Station पर हूँ। ₹500 UPI कर दो, घर पहुंचकर return करता हूँ।",spam
Flipkart Diwali Offer: आपके order पर surprise gift select हुआ। Claim करने के लिए यहाँ click करें।,spam
"Crypto investment: ₹1,000 invest करें, 30 दिन में ₹15,000 guaranteed। Trusted platform।",spam
बच्चे का school tomorrow closed है।,ham
"Dost, internship के लिए apply किया? Last date है कल।",ham
"Sir, report आज शाम तक submit हो जाएगी।",ham
"Interview 3 बजे है, थोड़ा पहले पहुंच जाएं।",ham
"Annual leave apply की है, approve हो जाएगी।",ham
"Papa, salary account में आ गई। Bills pay कर दो।",ham
"Dost, birthday party 7 बजे है। आना मत भूलना।",ham
"Yaar, नई movie देखी? Reviews बहुत अच्छे हैं।",ham
"Amazon seller program: घर बैठे selling करें। ₹10,000 monthly guaranteed। Join fee ₹2,000।",spam
"आज घर पर guests आ रहे हैं, जल्दी आ जाओ।",ham
आपके phone में dangerous virus detect हुआ। Data safe रखने के लिए यह app install करें।,spam
Microsoft Support: आपका Windows license expire हो गया। ₹800 में renew करें।,spam
BSNL Monthly Lucky Draw: आपका number ₹5 lakh के लिए select हुआ। details@bsnl-lucky.in पर mail करें।,spam
Electricity bill ₹850 का आया है। Pay कर देना।,ham
"Share market tips: 100% accurate calls। First 3 calls free। Premium membership ₹2,000/month।",spam
Congratulations on promotion! बहुत मेहनत की तुमने।,ham
"Yaar, नई movie देखी? Reviews बहुत अच्छे हैं।",ham
Reliance Digital: आप lucky winner हैं! iPhone 15 जीता। Collect करने के लिए registration fee भरें।,spam
Microsoft Support: आपका Windows license expire हो गया। ₹800 में renew करें।,spam
Mutual fund advisor: हमारे fund में invest करें। Annual 45% return guaranteed।,spam
"छोटू, homework कर लिया? आज exam है ना।",ham
"आज घर पर guests आ रहे हैं, जल्दी आ जाओ।",ham
"Bhai, घर का light bill pay हो गया क्या?",ham
"Client meeting postpone हो गई, Friday को होगी।",ham
बहुत थक गया हूँ आज। घर जाकर सोना है।,ham
Project का deadline extend हो गया है 2 दिन।,ham
बहुत थक गया हूँ आज। घर जाकर सोना है।,ham
"GST Department: आपके business पर ₹12,000 का penalty लगाया गया है। 7 दिन में pay करें।",spam
"Yaar, नई movie देखी? Reviews बहुत अच्छे हैं।",ham
नई job का first day था। Colleagues अच्छे हैं।,ham
"Train 20 minutes late है, platform 4 पर है।",ham
Office का Wi-Fi maintenance के लिए 2 घंटे बंद रहेगा।,ham
Happy Anniversary! हमेशा खुश रहो।,ham
ICICI Bank: KYC incomplete है। आज रात 12 बजे तक update नहीं किया तो account freeze होगा।,spam
"Bhai, घर का light bill pay हो गया क्या?",ham
YouTube channel grow करें। Subscribers बढ़ाएं। हमारा package ₹999 में। Results guaranteed।,spam
"Bhai, hostel का mess food आज बहुत अच्छा था।",ham
"Yaar, कल cricket match देखने चलना है। Ground पर।",ham
"Library book return करनी है, deadline है।",ham
कल football खेलने जाना है? Team ready है।,ham
"Dost, internship के लिए apply किया? Last date है कल।",ham
"Bank of Baroda: आपकी FD mature हो गई है। ₹50,000 release करने के लिए processing fee ₹500 भरें।",spam
"प्रिय ग्राहक, आपका SBI खाता अस्थायी रूप से बंद कर दिया गया है। OTP दर्ज करें: sbi-kyc.com",spam
"छोटू, homework कर लिया? आज exam है ना।",ham
Jio Dhan Dhana Dhan: 1 साल की free service जीती आपने! Activate करने के लिए OTP दें।,spam
Mutual fund advisor: हमारे fund में invest करें। Annual 45% return guaranteed।,spam
बहुत थक गया हूँ आज। घर जाकर सोना है।,ham
"आज घर पर guests आ रहे हैं, जल्दी आ जाओ।",ham
"Team lunch cancel हो गया, boss बाहर हैं।",ham
"दोस्त, मेरा wallet गुम हो गया। Station पर हूँ। ₹500 UPI कर दो, घर पहुंचकर return करता हूँ।",spam
"Dear Customer, आपकी net banking 24 घंटे में expire होगी। अभी renew करें bit.ly/sbi-renew",spam
"Dear Customer, आपकी net banking 24 घंटे में expire होगी। अभी renew करें bit.ly/sbi-renew",spam
"Dear Customer, आपकी net banking 24 घंटे में expire होगी। अभी renew करें bit.ly/sbi-renew",spam
"EPF Department: आपके PF account में error है। ₹45,000 release के लिए online verify करें।",spam
कल football खेलने जाना है? Team ready है।,ham
आज बाजार से दूध और सब्जी लेते आना।,ham
"Bhai, canteen में मिलते हैं lunch के time।",ham
"Bhai, hostel का mess food आज बहुत अच्छा था।",ham
"Bhai, शादी की shopping कब करने जाएं?",ham
IRCTC: आपकी Tatkal ticket automatically cancel हो गई। Refund के लिए bank details confirm करें।,spam
Congratulations on promotion! बहुत मेहनत की तुमने।,ham
"Dost, birthday party 7 बजे है। आना मत भूलना।",ham
"Bhai, canteen में मिलते हैं lunch के time।",ham
"Client meeting postpone हो गई, Friday को होगी।",ham
"Miss you yaar, कब मिलोगे?",ham
"Annual leave apply की है, approve हो जाएगी।",ham
"Bhai, exam कैसा गया? Result कब आएगा?",ham
"MLM business: ₹5,000 invest करें और ₹50,000 monthly कमाएं। Team join करें आज ही।",spam
"छोटू, homework कर लिया? आज exam है ना।",ham
"Client meeting postpone हो गई, Friday को होगी।",ham
Quarterly review next week schedule हुई है।,ham
"Yaar, कल cricket match देखने चलना है। Ground पर।",ham
"Yaar, कल cricket match देखने चलना है। Ground पर।",ham
"Data entry job: घर बैठे काम करें। Daily 2-3 घंटे। Monthly ₹25,000। Training fee ₹1,500।",spam
"बेटा, रात को ठंड है, jacket पहन कर निकलना।",ham
Exam में अच्छे marks आए! माँ बहुत खुश हैं।,ham
आपका UPI PIN 3 बार गलत enter हुआ। Account lock से बचने के लिए अभी verify करें।,spam
PhonePe alert: आपके account में suspicious login detect हुई। Verify करें: phonepe-secure.in,spam
"Bhai, घर का light bill pay हो गया क्या?",ham
"आज बारिश में भीग गया, मजा आया!",ham
आज बाजार से दूध और सब्जी लेते आना।,ham
Happy Anniversary! हमेशा खुश रहो।,ham
Exam में अच्छे marks आए! माँ बहुत खुश हैं।,ham
"भैया, कल का program confirm है ना? Time बताओ।",ham
"Sir, report आज शाम तक submit हो जाएगी।",ham
"Zomato anniversary offer: आपने ₹500 का voucher जीता! 2 घंटे में expire होगा, अभी use करें।",spam
Driving License Authority: आपका license expire होने वाला है। Online renew करें ₹150 fee के साथ।,spam
"आज बारिश में भीग गया, मजा आया!",ham
"Sir, मैं आपका पुराना student हूँ। बहुत मुश्किल में हूँ। ₹3,000 की जरूरत है। return कर दूंगा।",spam
"Library book return करनी है, deadline है।",ham
"MLM business: ₹5,000 invest करें और ₹50,000 monthly कमाएं। Team join करें आज ही।",spam
"Take care, travel safe.",ham
"Google Pay: आपको ₹1,200 का cashback मिला है। 24 घंटे में claim नहीं किया तो expire हो जाएगा।",spam
Office का Wi-Fi maintenance के लिए 2 घंटे बंद रहेगा।,ham
"Dost, birthday party 7 बजे है। आना मत भूलना।",ham
"माँ, आज देर से आऊंगा। रात का खाना मत रखना।",ham
"Papa, गाड़ी का insurance renew हो गया।",ham
Driving License Authority: आपका license expire होने वाला है। Online renew करें ₹150 fee के साथ।,spam
नई job का first day था। Colleagues अच्छे हैं।,ham
"Train 20 minutes late है, platform 4 पर है।",ham
"आज बारिश में भीग गया, मजा आया!",ham
Doctor का appointment 10 बजे है। साथ चलोगे?,ham
"Respected sir, आपकी company में job चाहिए। Interview के लिए ₹500 registration fee है।",spam
"Raincoat ले जाओ, बारिश का forecast है।",ham
"EPF Department: आपके PF account में error है। ₹45,000 release के लिए online verify करें।",spam
Congratulations on promotion! बहुत मेहनत की तुमने।,ham
आपका Gmail account किसी और device से access किया जा रहा है। तुरंत password change करें।,spam
"आज घर पर guests आ रहे हैं, जल्दी आ जाओ।",ham
"Yaar, semester की marksheet आ गई। अच्छे marks हैं।",ham
"Bhai, शादी की shopping कब करने जाएं?",ham
"Interview 3 बजे है, थोड़ा पहले पहुंच जाएं।",ham
"Raincoat ले जाओ, बारिश का forecast है।",ham
"Crypto investment: ₹1,000 invest करें, 30 दिन में ₹15,000 guaranteed। Trusted platform।",spam
Election Commission: आपका voter ID update आवश्यक है। OTP के साथ verify करें।,spam
"Take care, travel safe.",ham
नई job का first day था। Colleagues अच्छे हैं।,ham
"Byju's Hiring: online teacher चाहिए। Monthly ₹40,000। Interview के लिए ₹200 का form भरें।",spam
आज बाजार से दूध और सब्जी लेते आना।,ham
IRCTC: आपकी Tatkal ticket automatically cancel हो गई। Refund के लिए bank details confirm करें।,spam
"Data entry job: घर बैठे काम करें। Daily 2-3 घंटे। Monthly ₹25,000। Training fee ₹1,500।",spam
Passport Seva: आपका passport application pending है। Documents upload करें अन्यथा reject होगा।,spam
"Yaar, project की deadline कल है। Library में मिलो।",ham
"Beta, यह Sharma uncle बोल रहे हैं। Emergency है। ₹10,000 इस account में transfer कर दो।",spam
"माँ, आज देर से आऊंगा। रात का खाना मत रखना।",ham
आज बाजार से दूध और सब्जी लेते आना।,ham
"भैया, कल का program confirm है ना? Time बताओ।",ham
Mutual fund advisor: हमारे fund में invest करें। Annual 45% return guaranteed।,spam
"Bhai, घर का light bill pay हो गया क्या?",ham
"Team lunch cancel हो गया, boss बाहर हैं।",ham
"Train 20 minutes late है, platform 4 पर है।",ham
Doctor का appointment 10 बजे है। साथ चलोगे?,ham
आपके phone में dangerous virus detect हुआ। Data safe रखने के लिए यह app install करें।,spam
"Dost, birthday party 7 बजे है। आना मत भूलना।",ham
"MLM business: ₹5,000 invest करें और ₹50,000 monthly कमाएं। Team join करें आज ही।",spam
"Bhai, canteen में मिलते हैं lunch के time।",ham
कल football खेलने जाना है? Team ready है।,ham
Election Commission: आपका voter ID update आवश्यक है। OTP के साथ verify करें।,spam
PhonePe alert: आपके account में suspicious login detect हुई। Verify करें: phonepe-secure.in,spam
Election Commission: आपका voter ID update आवश्यक है। OTP के साथ verify करें।,spam
"माँ, आज देर से आऊंगा। रात का खाना मत रखना।",ham
"Bhai, शादी की shopping कब करने जाएं?",ham
IRCTC: आपकी Tatkal ticket automatically cancel हो गई। Refund के लिए bank details confirm करें।,spam
"आज घर पर guests आ रहे हैं, जल्दी आ जाओ।",ham
"Team lunch cancel हो गया, boss बाहर हैं।",ham
"Bhai, शादी की shopping कब करने जाएं?",ham
"Bhai, घर का light bill pay हो गया क्या?",ham
"Bhai, hostel का mess food आज बहुत अच्छा था।",ham
Passport Seva: आपका passport application pending है। Documents upload करें अन्यथा reject होगा।,spam
Microsoft Support: आपका Windows license expire हो गया। ₹800 में renew करें।,spam
"GST Department: आपके business पर ₹12,000 का penalty लगाया गया है। 7 दिन में pay करें।",spam
बच्चे का school tomorrow closed है।,ham
"Bhai, घर का light bill pay हो गया क्या?",ham
"Yaar, semester की marksheet आ गई। अच्छे marks हैं।",ham
"Zomato anniversary offer: आपने ₹500 का voucher जीता! 2 घंटे में expire होगा, अभी use करें।",spam
"Dost, birthday party 7 बजे है। आना मत भूलना।",ham
"Amazon seller program: घर बैठे selling करें। ₹10,000 monthly guaranteed। Join fee ₹2,000।",spam
"माँ, दादी की दवाई pharmacy से ले आई हूँ।",ham
"माँ, दादी की दवाई pharmacy से ले आई हूँ।",ham
Exam में अच्छे marks आए! माँ बहुत खुश हैं।,ham
नई job का first day था। Colleagues अच्छे हैं।,ham
"Yaar, semester की marksheet आ गई। अच्छे marks हैं।",ham
"Beta, यह Sharma uncle बोल रहे हैं। Emergency है। ₹10,000 इस account में transfer कर दो।",spam
"Neighbour के यहाँ function है, evening में जाएंगे।",ham
New joiners का orientation tomorrow morning है।,ham
बच्चे का school tomorrow closed है।,ham
"Respected sir, आपकी company में job चाहिए। Interview के लिए ₹500 registration fee है।",spam
Office का Wi-Fi maintenance के लिए 2 घंटे बंद रहेगा।,ham
कल football खेलने जाना है? Team ready है।,ham
"Take care, travel safe.",ham
"प्रिय ग्राहक, आपका SBI खाता अस्थायी रूप से बंद कर दिया गया है। OTP दर्ज करें: sbi-kyc.com",spam
Congratulations on promotion! बहुत मेहनत की तुमने।,ham
"Byju's Hiring: online teacher चाहिए। Monthly ₹40,000। Interview के लिए ₹200 का form भरें।",spam
"Interview 3 बजे है, थोड़ा पहले पहुंच जाएं।",ham
नई job का first day था। Colleagues अच्छे हैं।,ham
"छोटू, homework कर लिया? आज exam है ना।",ham
"Client meeting postpone हो गई, Friday को होगी।",ham
"माँ, आज देर से आऊंगा। रात का खाना मत रखना।",ham
"Yaar, नई movie देखी? Reviews बहुत अच्छे हैं।",ham
"Neighbour के यहाँ function है, evening में जाएंगे।",ham
"बेटा, रात को ठंड है, jacket पहन कर निकलना।",ham
Flipkart Diwali Offer: आपके order पर surprise gift select हुआ। Claim करने के लिए यहाँ click करें।,spam
Exam में अच्छे marks आए! माँ बहुत खुश हैं।,ham
"Raincoat ले जाओ, बारिश का forecast है।",ham
"Train 20 minutes late है, platform 4 पर है।",ham
नई job का first day था। Colleagues अच्छे हैं।,ham
Exam में अच्छे marks आए! माँ बहुत खुश हैं।,ham
"Yaar, semester की marksheet आ गई। अच्छे marks हैं।",ham
बच्चे का school tomorrow closed है।,ham
"Sir, report आज शाम तक submit हो जाएगी।",ham
"Team lunch cancel हो गया, boss बाहर हैं।",ham
IRCTC: आपकी Tatkal ticket automatically cancel हो गई। Refund के लिए bank details confirm करें।,spam
"Annual leave apply की है, approve हो जाएगी।",ham
"Didi, तुम्हारे लिए Lucknow से special मिठाई लाया हूँ।",ham
Doctor का appointment 10 बजे है। साथ चलोगे?,ham
"Dost, birthday party 7 बजे है। आना मत भूलना।",ham
"छोटू, homework कर लिया? आज exam है ना।",ham
BSNL Monthly Lucky Draw: आपका number ₹5 lakh के लिए select हुआ। details@bsnl-lucky.in पर mail करें।,spam
New joiners का orientation tomorrow morning है।,ham
"Papa, गाड़ी का insurance renew हो गया।",ham
"Beta, यह Sharma uncle बोल रहे हैं। Emergency है। ₹10,000 इस account में transfer कर दो।",spam
"Train 20 minutes late है, platform 4 पर है।",ham
Passport Seva: आपका passport application pending है। Documents upload करें अन्यथा reject होगा।,spam
"Crypto investment: ₹1,000 invest करें, 30 दिन में ₹15,000 guaranteed। Trusted platform।",spam
"आज बारिश में भीग गया, मजा आया!",ham
"Take care, travel safe.",ham
"Work from home opportunity: घर बैठे daily ₹2,000 कमाएं। Registration के लिए ₹500 invest करें।",spam
आज बाजार से दूध और सब्जी लेते आना।,ham
Get well soon. जल्दी ठीक हो जाओ।,ham
कल football खेलने जाना है? Team ready है।,ham
Get well soon. जल्दी ठीक हो जाओ।,ham
"Bhai, hostel का mess food आज बहुत अच्छा था।",ham
आज का दिन बहुत अच्छा था! खुश हूँ बहुत।,ham
PhonePe alert: आपके account में suspicious login detect हुई। Verify करें: phonepe-secure.in,spam
"माँ, दादी की दवाई pharmacy से ले आई हूँ।",ham
"Take care, travel safe.",ham
Doctor का appointment 10 बजे है। साथ चलोगे?,ham
"Miss you yaar, कब मिलोगे?",ham
Get well soon. जल्दी ठीक हो जाओ।,ham
Flipkart Diwali Offer: आपके order पर surprise gift select हुआ। Claim करने के लिए यहाँ click करें।,spam
"Papa, salary account में आ गई। Bills pay कर दो।",ham
"भैया, कल का program confirm है ना? Time बताओ।",ham
"Yaar, semester की marksheet आ गई। अच्छे marks हैं।",ham
"Bank of Baroda: आपकी FD mature हो गई है। ₹50,000 release करने के लिए processing fee ₹500 भरें।",spam
Jio Dhan Dhana Dhan: 1 साल की free service जीती आपने! Activate करने के लिए OTP दें।,spam
Doctor का appointment 10 बजे है। साथ चलोगे?,ham
"Income Tax Department: आपका ₹18,500 का refund pending है। Account details update करें।",spam
Driving License Authority: आपका license expire होने वाला है। Online renew करें ₹150 fee के साथ।,spam
Scooter servicing के लिए garage ले जाओ।,ham
Electricity bill ₹850 का आया है। Pay कर देना।,ham
State Government lottery: ticket number 4521 winner है। ₹10 lakh का prize claim करें।,spam
"Annual leave apply की है, approve हो जाएगी।",ham
PM Awas Yojana: आपका नाम list में है। ₹2.5 lakh की subsidy पाने के लिए registration करें।,spam
"Take care, travel safe.",ham
BSNL Monthly Lucky Draw: आपका number ₹5 lakh के लिए select हुआ। details@bsnl-lucky.in पर mail करें।,spam
"Bhai, exam कैसा गया? Result कब आएगा?",ham
"Neighbour के यहाँ function है, evening में जाएंगे।",ham
Electricity bill ₹850 का आया है। Pay कर देना।,ham
"Share market tips: 100% accurate calls। First 3 calls free। Premium membership ₹2,000/month।",spam
आज बाजार से दूध और सब्जी लेते आना।,ham
"माँ, आज देर से आऊंगा। रात का खाना मत रखना।",ham
"Miss you yaar, कब मिलोगे?",ham
आपका UPI PIN 3 बार गलत enter हुआ। Account lock से बचने के लिए अभी verify करें।,spam
"आज बारिश में भीग गया, मजा आया!",ham
"Bhai, शादी की shopping कब करने जाएं?",ham
"Client meeting postpone हो गई, Friday को होगी।",ham
"Didi, तुम्हारे लिए Lucknow से special मिठाई लाया हूँ।",ham
Get well soon. जल्दी ठीक हो जाओ।,ham
PhonePe alert: आपके account में suspicious login detect हुई। Verify करें: phonepe-secure.in,spam
Quarterly review next week schedule हुई है।,ham
"Annual leave apply की है, approve हो जाएगी।",ham
"Didi, तुम्हारे लिए Lucknow से special मिठाई लाया हूँ।",ham
आपका Gmail account किसी और device से access किया जा रहा है। तुरंत password change करें।,spam
Reliance Digital: आप lucky winner हैं! iPhone 15 जीता। Collect करने के लिए registration fee भरें।,spam
State Government lottery: ticket number 4521 winner है। ₹10 lakh का prize claim करें।,spam
"Neighbour के यहाँ function है, evening में जाएंगे।",ham
WhatsApp warning: आपका account ban होने वाला है। Verify करने के लिए OTP forward करें।,spam
"Neighbour के यहाँ function है, evening में जाएंगे।",ham
Scooter servicing के लिए garage ले जाओ।,ham
"Library book return करनी है, deadline है।",ham
Doctor का appointment 10 बजे है। साथ चलोगे?,ham
Driving License Authority: आपका license expire होने वाला है। Online renew करें ₹150 fee के साथ।,spam
Get well soon. जल्दी ठीक हो जाओ।,ham
"Raincoat ले जाओ, बारिश का forecast है।",ham
Quarterly review next week schedule हुई है।,ham
"HDFC BANK: आपके account में ₹15,000 की unauthorized entry हुई। तुरंत 9876543210 पर call करें।",spam
"Interview 3 बजे है, थोड़ा पहले पहुंच जाएं।",ham
Congratulations on promotion! बहुत मेहनत की तुमने।,ham
Electricity bill ₹850 का आया है। Pay कर देना।,ham
"Income Tax Department: आपका ₹18,500 का refund pending है। Account details update करें।",spam
Happy Anniversary! हमेशा खुश रहो।,ham
Quarterly review next week schedule हुई है।,ham
Flipkart Diwali Offer: आपके order पर surprise gift select हुआ। Claim करने के लिए यहाँ click करें।,spam
"बेटा, रात को ठंड है, jacket पहन कर निकलना।",ham
"Annual leave apply की है, approve हो जाएगी।",ham
"Neighbour के यहाँ function है, evening में जाएंगे।",ham
Scooter servicing के लिए garage ले जाओ।,ham
"बेटा, रात को ठंड है, jacket पहन कर निकलना।",ham
"Papa, salary account में आ गई। Bills pay कर दो।",ham
बधाई हो! आपका mobile number KBC lucky draw में select हुआ। ₹25 lakh जीतें। अभी call करें।,spam
बच्चे का school tomorrow closed है।,ham
"बेटा, रात को ठंड है, jacket पहन कर निकलना।",ham
Congratulations on promotion! बहुत मेहनत की तुमने।,ham
"प्रिय ग्राहक, आपका SBI खाता अस्थायी रूप से बंद कर दिया गया है। OTP दर्ज करें: sbi-kyc.com",spam
"Miss you yaar, कब मिलोगे?",ham
"Sir, मैं आपका पुराना student हूँ। बहुत मुश्किल में हूँ। ₹3,000 की जरूरत है। return कर दूंगा।",spam
"Bhai, exam कैसा गया? Result कब आएगा?",ham
"Miss you yaar, कब मिलोगे?",ham
Reliance Digital: आप lucky winner हैं! iPhone 15 जीता। Collect करने के लिए registration fee भरें।,spam
Project का deadline extend हो गया है 2 दिन।,ham
"Didi, तुम्हारे लिए Lucknow से special मिठाई लाया हूँ।",ham
"Bhai, शादी की shopping कब करने जाएं?",ham
"Bhai, canteen में मिलते हैं lunch के time।",ham
"Bhai, hostel का mess food आज बहुत अच्छा था।",ham
"Miss you yaar, कब मिलोगे?",ham
कल football खेलने जाना है? Team ready है।,ham
"Dear Customer, आपकी net banking 24 घंटे में expire होगी। अभी renew करें bit.ly/sbi-renew",spam
"Yaar, नई movie देखी? Reviews बहुत अच्छे हैं।",ham
Get well soon. जल्दी ठीक हो जाओ।,ham
"Yaar, semester की marksheet आ गई। अच्छे marks हैं।",ham
"Team lunch cancel हो गया, boss बाहर हैं।",ham
"Yaar, project की deadline कल है। Library में मिलो।",ham
"Papa, गाड़ी का insurance renew हो गया।",ham
"Work from home opportunity: घर बैठे daily ₹2,000 कमाएं। Registration के लिए ₹500 invest करें।",spam
Electricity bill ₹850 का आया है। Pay कर देना।,ham
Congratulations on promotion! बहुत मेहनत की तुमने।,ham
"Papa, salary account में आ गई। Bills pay कर दो।",ham
"EPF Department: आपके PF account में error है। ₹45,000 release के लिए online verify करें।",spam
WhatsApp warning: आपका account ban होने वाला है। Verify करने के लिए OTP forward करें।,spam
"Take care, travel safe.",ham
Online tutor चाहिए। ₹500 per hour। Registration के लिए ₹300 का form fill करें।,spam
"Interview 3 बजे है, थोड़ा पहले पहुंच जाएं।",ham
Exam में अच्छे marks आए! माँ बहुत खुश हैं।,ham
New joiners का orientation tomorrow morning है।,ham
Congratulations on promotion! बहुत मेहनत की तुमने।,ham
YouTube channel grow करें। Subscribers बढ़ाएं। हमारा package ₹999 में। Results guaranteed।,spam
"Train 20 minutes late है, platform 4 पर है।",ham
"बेटा, रात को ठंड है, jacket पहन कर निकलना।",ham
आज बाजार से दूध और सब्जी लेते आना।,ham
"Share market tips: 100% accurate calls। First 3 calls free। Premium membership ₹2,000/month।",spam
"माँ, आज देर से आऊंगा। रात का खाना मत रखना।",ham
"Didi, तुम्हारे लिए Lucknow से special मिठाई लाया हूँ।",ham
"Papa, गाड़ी का insurance renew हो गया।",ham
"Papa, salary account में आ गई। Bills pay कर दो।",ham
Exam में अच्छे marks आए! माँ बहुत खुश हैं।,ham
PM Awas Yojana: आपका नाम list में है। ₹2.5 lakh की subsidy पाने के लिए registration करें।,spam
"Yaar, semester की marksheet आ गई। अच्छे marks हैं।",ham
"Interview 3 बजे है, थोड़ा पहले पहुंच जाएं।",ham
आज बाजार से दूध और सब्जी लेते आना।,ham
"Bhai, canteen में मिलते हैं lunch के time।",ham
Congratulations on promotion! बहुत मेहनत की तुमने।,ham
"Amazon seller program: घर बैठे selling करें। ₹10,000 monthly guaranteed। Join fee ₹2,000।",spam
Exam में अच्छे marks आए! माँ बहुत खुश हैं।,ham
"Dost, birthday party 7 बजे है। आना मत भूलना।",ham
आज का दिन बहुत अच्छा था! खुश हूँ बहुत।,ham
New joiners का orientation tomorrow morning है।,ham
"माँ, दादी की दवाई pharmacy से ले आई हूँ।",ham
"Annual leave apply की है, approve हो जाएगी।",ham
"Interview 3 बजे है, थोड़ा पहले पहुंच जाएं।",ham
PM Awas Yojana: आपका नाम list में है। ₹2.5 lakh की subsidy पाने के लिए registration करें।,spam
"आज बारिश में भीग गया, मजा आया!",ham
Happy Anniversary! हमेशा खुश रहो।,ham
"Yaar, semester की marksheet आ गई। अच्छे marks हैं।",ham
"Dost, birthday party 7 बजे है। आना मत भूलना।",ham
Mutual fund advisor: हमारे fund में invest करें। Annual 45% return guaranteed।,spam
PM Awas Yojana: आपका नाम list में है। ₹2.5 lakh की subsidy पाने के लिए registration करें।,spam
"बेटा, रात को ठंड है, jacket पहन कर निकलना।",ham
Office का Wi-Fi maintenance के लिए 2 घंटे बंद रहेगा।,ham
BSNL Monthly Lucky Draw: आपका number ₹5 lakh के लिए select हुआ। details@bsnl-lucky.in पर mail करें।,spam
"माँ, दादी की दवाई pharmacy से ले आई हूँ।",ham
"Client meeting postpone हो गई, Friday को होगी।",ham
"बेटा, रात को ठंड है, jacket पहन कर निकलना।",ham
Amazon Great Indian Sale: आप winner हैं! MacBook Pro जीता। Delivery के लिए ₹299 shipping fee भरें।,spam
"Didi, तुम्हारे लिए Lucknow से special मिठाई लाया हूँ।",ham
Happy Anniversary! हमेशा खुश रहो।,ham
कल football खेलने जाना है? Team ready है।,ham
"Amazon seller program: घर बैठे selling करें। ₹10,000 monthly guaranteed। Join fee ₹2,000।",spam
Ayushman Bharat: आपका health card ready है। Activate करने के लिए Aadhaar OTP दें।,spam
बधाई हो! आपका mobile number KBC lucky draw में select हुआ। ₹25 lakh जीतें। अभी call करें।,spam
YouTube channel grow करें। Subscribers बढ़ाएं। हमारा package ₹999 में। Results guaranteed।,spam
बच्चे का school tomorrow closed है।,ham
"आज बारिश में भीग गया, मजा आया!",ham
Election Commission: आपका voter ID update आवश्यक है। OTP के साथ verify करें।,spam
बहुत थक गया हूँ आज। घर जाकर सोना है।,ham
"Dost, internship के लिए apply किया? Last date है कल।",ham
"आपके Paytm account से ₹2,000 का unauthorized transaction हुआ। Cancel करने के लिए OTP दें।",spam
Congratulations on promotion! बहुत मेहनत की तुमने।,ham
"Beta, यह Sharma uncle बोल रहे हैं। Emergency है। ₹10,000 इस account में transfer कर दो।",spam
"Bhai, police case में फंस गया हूँ। ₹15,000 चाहिए वकील के लिए। family को मत बताना अभी।",spam
"भैया, कल का program confirm है ना? Time बताओ।",ham
"Yaar, कल cricket match देखने चलना है। Ground पर।",ham
"Sir, report आज शाम तक submit हो जाएगी।",ham
Project का deadline extend हो गया है 2 दिन।,ham
YouTube channel grow करें। Subscribers बढ़ाएं। हमारा package ₹999 में। Results guaranteed।,spam
"Interview 3 बजे है, थोड़ा पहले पहुंच जाएं।",ham
"Take care, travel safe.",ham
"छोटू, homework कर लिया? आज exam है ना।",ham
बहुत थक गया हूँ आज। घर जाकर सोना है।,ham
"Yaar, semester की marksheet आ गई। अच्छे marks हैं।",ham
"Bhai, hostel का mess food आज बहुत अच्छा था।",ham
UIDAI Notice: आपका Aadhaar किसी और के mobile से link हो गया है। Fix करने के लिए call करें।,spam
"बेटा, रात को ठंड है, jacket पहन कर निकलना।",ham
Congratulations on promotion! बहुत मेहनत की तुमने।,ham
Election Commission: आपका voter ID update आवश्यक है। OTP के साथ verify करें।,spam
ICICI Bank: KYC incomplete है। आज रात 12 बजे तक update नहीं किया तो account freeze होगा।,spam
"भैया, कल का program confirm है ना? Time बताओ।",ham
"Zomato anniversary offer: आपने ₹500 का voucher जीता! 2 घंटे में expire होगा, अभी use करें।",spam
"Dost, birthday party 7 बजे है। आना मत भूलना।",ham
"Income Tax Department: आपका ₹18,500 का refund pending है। Account details update करें।",spam
"Papa, गाड़ी का insurance renew हो गया।",ham
YouTube channel grow करें। Subscribers बढ़ाएं। हमारा package ₹999 में। Results guaranteed।,spam
"Bhai, exam कैसा गया? Result कब आएगा?",ham
आज का दिन बहुत अच्छा था! खुश हूँ बहुत।,ham
"Bhai, police case में फंस गया हूँ। ₹15,000 चाहिए वकील के लिए। family को मत बताना अभी।",spam
"छोटू, homework कर लिया? आज exam है ना।",ham
"Dost, internship के लिए apply किया? Last date है कल।",ham
"Didi, तुम्हारे लिए Lucknow से special मिठाई लाया हूँ।",ham
"आपके Paytm account से ₹2,000 का unauthorized transaction हुआ। Cancel करने के लिए OTP दें।",spam
Doctor का appointment 10 बजे है। साथ चलोगे?,ham
"Amazon seller program: घर बैठे selling करें। ₹10,000 monthly guaranteed। Join fee ₹2,000।",spam
"Bhai, canteen में मिलते हैं lunch के time।",ham
"Take care, travel safe.",ham
Online tutor चाहिए। ₹500 per hour। Registration के लिए ₹300 का form fill करें।,spam
"Sir, report आज शाम तक submit हो जाएगी।",ham
PM Awas Yojana: आपका नाम list में है। ₹2.5 lakh की subsidy पाने के लिए registration करें।,spam
"Bhai, घर का light bill pay हो गया क्या?",ham
Mutual fund advisor: हमारे fund में invest करें। Annual 45% return guaranteed।,spam
"Bhai, hostel का mess food आज बहुत अच्छा था।",ham
New joiners का orientation tomorrow morning है।,ham
"Team lunch cancel हो गया, boss बाहर हैं।",ham
"Respected sir, आपकी company में job चाहिए। Interview के लिए ₹500 registration fee है।",spam
बच्चे का school tomorrow closed है।,ham
आज का दिन बहुत अच्छा था! खुश हूँ बहुत।,ham
"Sir, report आज शाम तक submit हो जाएगी।",ham
"भैया, कल का program confirm है ना? Time बताओ।",ham
Quarterly review next week schedule हुई है।,ham
"Team lunch cancel हो गया, boss बाहर हैं।",ham
"Sir, report आज शाम तक submit हो जाएगी।",ham
Meeting 11 बजे conference room में है।,ham
"Team lunch cancel हो गया, boss बाहर हैं।",ham
"Dost, birthday party 7 बजे है। आना मत भूलना।",ham
Driving License Authority: आपका license expire होने वाला है। Online renew करें ₹150 fee के साथ।,spam
State Government lottery: ticket number 4521 winner है। ₹10 lakh का prize claim करें।,spam
Passport Seva: आपका passport application pending है। Documents upload करें अन्यथा reject होगा।,spam
"Respected sir, आपकी company में job चाहिए। Interview के लिए ₹500 registration fee है।",spam
"Sir, मैं आपका पुराना student हूँ। बहुत मुश्किल में हूँ। ₹3,000 की जरूरत है। return कर दूंगा।",spam
"HDFC BANK: आपके account में ₹15,000 की unauthorized entry हुई। तुरंत 9876543210 पर call करें।",spam
"Respected sir, आपकी company में job चाहिए। Interview के लिए ₹500 registration fee है।",spam
BSNL Monthly Lucky Draw: आपका number ₹5 lakh के लिए select हुआ। details@bsnl-lucky.in पर mail करें।,spam
"Crypto investment: ₹1,000 invest करें, 30 दिन में ₹15,000 guaranteed। Trusted platform।",spam
"Respected sir, आपकी company में job चाहिए। Interview के लिए ₹500 registration fee है।",spam
YouTube channel grow करें। Subscribers बढ़ाएं। हमारा package ₹999 में। Results guaranteed।,spam
"Google Pay: आपको ₹1,200 का cashback मिला है। 24 घंटे में claim नहीं किया तो expire हो जाएगा।",spam
आज का दिन बहुत अच्छा था! खुश हूँ बहुत।,ham
"Interview 3 बजे है, थोड़ा पहले पहुंच जाएं।",ham
Quarterly review next week schedule हुई है।,ham
WhatsApp warning: आपका account ban होने वाला है। Verify करने के लिए OTP forward करें।,spam
"Mummy ji, मैं hospital में हूँ। Phone खो गया। इस number पर ₹5,000 transfer करो please।",spam
Driving License Authority: आपका license expire होने वाला है। Online renew करें ₹150 fee के साथ।,spam
"HDFC BANK: आपके account में ₹15,000 की unauthorized entry हुई। तुरंत 9876543210 पर call करें।",spam
"Dear Customer, आपकी net banking 24 घंटे में expire होगी। अभी renew करें bit.ly/sbi-renew",spam
आज का दिन बहुत अच्छा था! खुश हूँ बहुत।,ham
Project का deadline extend हो गया है 2 दिन।,ham
"Bhai, hostel का mess food आज बहुत अच्छा था।",ham
"Dear Customer, आपकी net banking 24 घंटे में expire होगी। अभी renew करें bit.ly/sbi-renew",spam
"EPF Department: आपके PF account में error है। ₹45,000 release के लिए online verify करें।",spam
"Bhai, hostel का mess food आज बहुत अच्छा था।",ham
"Bhai, canteen में मिलते हैं lunch के time।",ham
"Yaar, नई movie देखी? Reviews बहुत अच्छे हैं।",ham
"आपने online survey complete किया। ₹3,500 का reward मिला है। Claim करने के लिए account details दें।",spam
Scooter servicing के लिए garage ले जाओ।,ham
"GST Department: आपके business पर ₹12,000 का penalty लगाया गया है। 7 दिन में pay करें।",spam
"Papa, गाड़ी का insurance renew हो गया।",ham
"प्रिय ग्राहक, आपका SBI खाता अस्थायी रूप से बंद कर दिया गया है। OTP दर्ज करें: sbi-kyc.com",spam
Office का Wi-Fi maintenance के लिए 2 घंटे बंद रहेगा।,ham
"Work from home opportunity: घर बैठे daily ₹2,000 कमाएं। Registration के लिए ₹500 invest करें।",spam
Doctor का appointment 10 बजे है। साथ चलोगे?,ham
बहुत थक गया हूँ आज। घर जाकर सोना है।,ham
बधाई हो! आपका mobile number KBC lucky draw में select हुआ। ₹25 lakh जीतें। अभी call करें।,spam
"छोटू, homework कर लिया? आज exam है ना।",ham
New joiners का orientation tomorrow morning है।,ham
आपके phone में dangerous virus detect हुआ। Data safe रखने के लिए यह app install करें।,spam
"Papa, salary account में आ गई। Bills pay कर दो।",ham
"Raincoat ले जाओ, बारिश का forecast है।",ham
"माँ, दादी की दवाई pharmacy से ले आई हूँ।",ham
"GST Department: आपके business पर ₹12,000 का penalty लगाया गया है। 7 दिन में pay करें।",spam
"बेटा, रात को ठंड है, jacket पहन कर निकलना।",ham
"Library book return करनी है, deadline है।",ham
"Annual leave apply की है, approve हो जाएगी।",ham
"Didi, तुम्हारे लिए Lucknow से special मिठाई लाया हूँ।",ham
"बेटा, रात को ठंड है, jacket पहन कर निकलना।",ham
Flipkart Diwali Offer: आपके order पर surprise gift select हुआ। Claim करने के लिए यहाँ click करें।,spam
"Data entry job: घर बैठे काम करें। Daily 2-3 घंटे। Monthly ₹25,000। Training fee ₹1,500।",spam
Electricity bill ₹850 का आया है। Pay कर देना।,ham
Doctor का appointment 10 बजे है। साथ चलोगे?,ham
"Miss you yaar, कब मिलोगे?",ham
"Team lunch cancel हो गया, boss बाहर हैं।",ham
New joiners का orientation tomorrow morning है।,ham
"Mummy ji, मैं hospital में हूँ। Phone खो गया। इस number पर ₹5,000 transfer करो please।",spam
Office का Wi-Fi maintenance के लिए 2 घंटे बंद रहेगा।,ham
"माँ, दादी की दवाई pharmacy से ले आई हूँ।",ham
PM Awas Yojana: आपका नाम list में है। ₹2.5 lakh की subsidy पाने के लिए registration करें।,spam
"EPF Department: आपके PF account में error है। ₹45,000 release के लिए online verify करें।",spam
"Bhai, शादी की shopping कब करने जाएं?",ham
"Team lunch cancel हो गया, boss बाहर हैं।",ham
"भैया, कल का program confirm है ना? Time बताओ।",ham
"Axis Bank Alert: आपके account से ₹8,500 debit हुए। यदि आपने नहीं किया तो 1800-XXX पर call करें।",spam
"आपके Paytm account से ₹2,000 का unauthorized transaction हुआ। Cancel करने के लिए OTP दें।",spam
नई job का first day था। Colleagues अच्छे हैं।,ham
"Papa, salary account में आ गई। Bills pay कर दो।",ham
Online tutor चाहिए। ₹500 per hour। Registration के लिए ₹300 का form fill करें।,spam
"माँ, आज देर से आऊंगा। रात का खाना मत रखना।",ham
आज बाजार से दूध और सब्जी लेते आना।,ham
Meeting 11 बजे conference room में है।,ham
"Sir, report आज शाम तक submit हो जाएगी।",ham
"Bhai, hostel का mess food आज बहुत अच्छा था।",ham
State Government lottery: ticket number 4521 winner है। ₹10 lakh का prize claim करें।,spam
नई job का first day था। Colleagues अच्छे हैं।,ham
"प्रिय ग्राहक, आपका SBI खाता अस्थायी रूप से बंद कर दिया गया है। OTP दर्ज करें: sbi-kyc.com",spam
बधाई हो! आपका mobile number KBC lucky draw में select हुआ। ₹25 lakh जीतें। अभी call करें।,spam
Get well soon. जल्दी ठीक हो जाओ।,ham
"आज घर पर guests आ रहे हैं, जल्दी आ जाओ।",ham
"Raincoat ले जाओ, बारिश का forecast है।",ham
आपके phone में dangerous virus detect हुआ। Data safe रखने के लिए यह app install करें।,spam
"Dost, internship के लिए apply किया? Last date है कल।",ham
"Income Tax Department: आपका ₹18,500 का refund pending है। Account details update करें।",spam
Scooter servicing के लिए garage ले जाओ।,ham
ICICI Bank: KYC incomplete है। आज रात 12 बजे तक update नहीं किया तो account freeze होगा।,spam
"Respected sir, आपकी company में job चाहिए। Interview के लिए ₹500 registration fee है।",spam
आपके phone में dangerous virus detect हुआ। Data safe रखने के लिए यह app install करें।,spam
Scooter servicing के लिए garage ले जाओ।,ham
"Yaar, कल cricket match देखने चलना है। Ground पर।",ham
UIDAI Notice: आपका Aadhaar किसी और के mobile से link हो गया है। Fix करने के लिए call करें।,spam
Driving License Authority: आपका license expire होने वाला है। Online renew करें ₹150 fee के साथ।,spam
"Didi, तुम्हारे लिए Lucknow से special मिठाई लाया हूँ।",ham
Happy Anniversary! हमेशा खुश रहो।,ham
"Bhai, police case में फंस गया हूँ। ₹15,000 चाहिए वकील के लिए। family को मत बताना अभी।",spam
"Raincoat ले जाओ, बारिश का forecast है।",ham
आपका Gmail account किसी और device से access किया जा रहा है। तुरंत password change करें।,spam
"आज बारिश में भीग गया, मजा आया!",ham
"Bhai, शादी की shopping कब करने जाएं?",ham
"Bhai, exam कैसा गया? Result कब आएगा?",ham
Project का deadline extend हो गया है 2 दिन।,ham
"Yaar, semester की marksheet आ गई। अच्छे marks हैं।",ham
"आज घर पर guests आ रहे हैं, जल्दी आ जाओ।",ham
"Byju's Hiring: online teacher चाहिए। Monthly ₹40,000। Interview के लिए ₹200 का form भरें।",spam
Swiggy Order lucky customer: free meal voucher जीता! Redeem करने के लिए इस link पर जाएं।,spam
"Take care, travel safe.",ham
"Bhai, exam कैसा गया? Result कब आएगा?",ham
"Raincoat ले जाओ, बारिश का forecast है।",ham
Election Commission: आपका voter ID update आवश्यक है। OTP के साथ verify करें।,spam
Electricity bill ₹850 का आया है। Pay कर देना।,ham
"आपने online survey complete किया। ₹3,500 का reward मिला है। Claim करने के लिए account details दें।",spam
Flipkart Diwali Offer: आपके order पर surprise gift select हुआ। Claim करने के लिए यहाँ click करें।,spam
UIDAI Notice: आपका Aadhaar किसी और के mobile से link हो गया है। Fix करने के लिए call करें।,spam
"बेटा, रात को ठंड है, jacket पहन कर निकलना।",ham
"Interview 3 बजे है, थोड़ा पहले पहुंच जाएं।",ham
"Yaar, project की deadline कल है। Library में मिलो।",ham
"बेटा, रात को ठंड है, jacket पहन कर निकलना।",ham
"EPF Department: आपके PF account में error है। ₹45,000 release के लिए online verify करें।",spam
Office का Wi-Fi maintenance के लिए 2 घंटे बंद रहेगा।,ham
"Papa, गाड़ी का insurance renew हो गया।",ham
"Train 20 minutes late है, platform 4 पर है।",ham
"बेटा, रात को ठंड है, jacket पहन कर निकलना।",ham
"Yaar, project की deadline कल है। Library में मिलो।",ham
"Neighbour के यहाँ function है, evening में जाएंगे।",ham
"Client meeting postpone हो गई, Friday को होगी।",ham
Reliance Digital: आप lucky winner हैं! iPhone 15 जीता। Collect करने के लिए registration fee भरें।,spam
"MLM business: ₹5,000 invest करें और ₹50,000 monthly कमाएं। Team join करें आज ही।",spam
कल football खेलने जाना है? Team ready है।,ham
Online tutor चाहिए। ₹500 per hour। Registration के लिए ₹300 का form fill करें।,spam
Mutual fund advisor: हमारे fund में invest करें। Annual 45% return guaranteed।,spam
Electricity bill ₹850 का आया है। Pay कर देना।,ham
Exam में अच्छे marks आए! माँ बहुत खुश हैं।,ham
"Crypto investment: ₹1,000 invest करें, 30 दिन में ₹15,000 guaranteed। Trusted platform।",spam
"Take care, travel safe.",ham
Flipkart Diwali Offer: आपके order पर surprise gift select हुआ। Claim करने के लिए यहाँ click करें।,spam
"Raincoat ले जाओ, बारिश का forecast है।",ham
"GST Department: आपके business पर ₹12,000 का penalty लगाया गया है। 7 दिन में pay करें।",spam
Electricity bill ₹850 का आया है। Pay कर देना।,ham
आपके phone में dangerous virus detect हुआ। Data safe रखने के लिए यह app install करें।,spam
"Team lunch cancel हो गया, boss बाहर हैं।",ham
"Sir, report आज शाम तक submit हो जाएगी।",ham
आपका UPI PIN 3 बार गलत enter हुआ। Account lock से बचने के लिए अभी verify करें।,spam
Reliance Digital: आप lucky winner हैं! iPhone 15 जीता। Collect करने के लिए registration fee भरें।,spam
"माँ, दादी की दवाई pharmacy से ले आई हूँ।",ham
"Library book return करनी है, deadline है।",ham
Scooter servicing के लिए garage ले जाओ।,ham
Meeting 11 बजे conference room में है।,ham
आपके phone में dangerous virus detect हुआ। Data safe रखने के लिए यह app install करें।,spam
"Interview 3 बजे है, थोड़ा पहले पहुंच जाएं।",ham
Passport Seva: आपका passport application pending है। Documents upload करें अन्यथा reject होगा।,spam
"Take care, travel safe.",ham
"Didi, तुम्हारे लिए Lucknow से special मिठाई लाया हूँ।",ham
नई job का first day था। Colleagues अच्छे हैं।,ham
Congratulations on promotion! बहुत मेहनत की तुमने।,ham
"आपने online survey complete किया। ₹3,500 का reward मिला है। Claim करने के लिए account details दें।",spam
"Client meeting postpone हो गई, Friday को होगी।",ham
आज बाजार से दूध और सब्जी लेते आना।,ham
"Raincoat ले जाओ, बारिश का forecast है।",ham
"Bhai, exam कैसा गया? Result कब आएगा?",ham
Get well soon. जल्दी ठीक हो जाओ।,ham
"Bhai, शादी की shopping कब करने जाएं?",ham
"Data entry job: घर बैठे काम करें। Daily 2-3 घंटे। Monthly ₹25,000। Training fee ₹1,500।",spam
आज बाजार से दूध और सब्जी लेते आना।,ham
"छोटू, homework कर लिया? आज exam है ना।",ham
"Bhai, exam कैसा गया? Result कब आएगा?",ham
"Bhai, hostel का mess food आज बहुत अच्छा था।",ham
"Bhai, canteen में मिलते हैं lunch के time।",ham
State Government lottery: ticket number 4521 winner है। ₹10 lakh का prize claim करें।,spam
आपका Gmail account किसी और device से access किया जा रहा है। तुरंत password change करें।,spam
"Client meeting postpone हो गई, Friday को होगी।",ham
आपका UPI PIN 3 बार गलत enter हुआ। Account lock से बचने के लिए अभी verify करें।,spam
Jio Dhan Dhana Dhan: 1 साल की free service जीती आपने! Activate करने के लिए OTP दें।,spam
"Neighbour के यहाँ function है, evening में जाएंगे।",ham
Office का Wi-Fi maintenance के लिए 2 घंटे बंद रहेगा।,ham
"Train 20 minutes late है, platform 4 पर है।",ham
"Client meeting postpone हो गई, Friday को होगी।",ham
New joiners का orientation tomorrow morning है।,ham
Scooter servicing के लिए garage ले जाओ।,ham
Exam में अच्छे marks आए! माँ बहुत खुश हैं।,ham
कल football खेलने जाना है? Team ready है।,ham
"Train 20 minutes late है, platform 4 पर है।",ham
"Take care, travel safe.",ham
BSNL Monthly Lucky Draw: आपका number ₹5 lakh के लिए select हुआ। details@bsnl-lucky.in पर mail करें।,spam
"Annual leave apply की है, approve हो जाएगी।",ham
"Bhai, hostel का mess food आज बहुत अच्छा था।",ham
YouTube channel grow करें। Subscribers बढ़ाएं। हमारा package ₹999 में। Results guaranteed।,spam
"बेटा, रात को ठंड है, jacket पहन कर निकलना।",ham
Flipkart Diwali Offer: आपके order पर surprise gift select हुआ। Claim करने के लिए यहाँ click करें।,spam
"Annual leave apply की है, approve हो जाएगी।",ham
Happy Anniversary! हमेशा खुश रहो।,ham
"EPF Department: आपके PF account में error है। ₹45,000 release के लिए online verify करें।",spam
"आपने online survey complete किया। ₹3,500 का reward मिला है। Claim करने के लिए account details दें।",spam
"Team lunch cancel हो गया, boss बाहर हैं।",ham
PhonePe alert: आपके account में suspicious login detect हुई। Verify करें: phonepe-secure.in,spam
Office का Wi-Fi maintenance के लिए 2 घंटे बंद रहेगा।,ham
"माँ, दादी की दवाई pharmacy से ले आई हूँ।",ham
"Yaar, project की deadline कल है। Library में मिलो।",ham
बहुत थक गया हूँ आज। घर जाकर सोना है।,ham
Office का Wi-Fi maintenance के लिए 2 घंटे बंद रहेगा।,ham
Amazon Great Indian Sale: आप winner हैं! MacBook Pro जीता। Delivery के लिए ₹299 shipping fee भरें।,spam
"बेटा, रात को ठंड है, jacket पहन कर निकलना।",ham
WhatsApp warning: आपका account ban होने वाला है। Verify करने के लिए OTP forward करें।,spam
"Raincoat ले जाओ, बारिश का forecast है।",ham
Meeting 11 बजे conference room में है।,ham
"Dost, internship के लिए apply किया? Last date है कल।",ham
"Beta, यह Sharma uncle बोल रहे हैं। Emergency है। ₹10,000 इस account में transfer कर दो।",spam
Reliance Digital: आप lucky winner हैं! iPhone 15 जीता। Collect करने के लिए registration fee भरें।,spam
Project का deadline extend हो गया है 2 दिन।,ham
Electricity bill ₹850 का आया है। Pay कर देना।,ham
"Client meeting postpone हो गई, Friday को होगी।",ham
"Yaar, कल cricket match देखने चलना है। Ground पर।",ham
Happy Anniversary! हमेशा खुश रहो।,ham
बहुत थक गया हूँ आज। घर जाकर सोना है।,ham
"आज बारिश में भीग गया, मजा आया!",ham
"Raincoat ले जाओ, बारिश का forecast है।",ham
Scooter servicing के लिए garage ले जाओ।,ham
Meeting 11 बजे conference room में है।,ham
"Bank of Baroda: आपकी FD mature हो गई है। ₹50,000 release करने के लिए processing fee ₹500 भरें।",spam
"छोटू, homework कर लिया? आज exam है ना।",ham
Scooter servicing के लिए garage ले जाओ।,ham
"Dost, internship के लिए apply किया? Last date है कल।",ham
"Bhai, hostel का mess food आज बहुत अच्छा था।",ham
"Bhai, घर का light bill pay हो गया क्या?",ham
"Bhai, exam कैसा गया? Result कब आएगा?",ham
Congratulations on promotion! बहुत मेहनत की तुमने।,ham
Get well soon. जल्दी ठीक हो जाओ।,ham
UIDAI Notice: आपका Aadhaar किसी और के mobile से link हो गया है। Fix करने के लिए call करें।,spam
"भैया, कल का program confirm है ना? Time बताओ।",ham
आपके phone में dangerous virus detect हुआ। Data safe रखने के लिए यह app install करें।,spam
"आज बारिश में भीग गया, मजा आया!",ham
Congratulations on promotion! बहुत मेहनत की तुमने।,ham
"माँ, दादी की दवाई pharmacy से ले आई हूँ।",ham
बहुत थक गया हूँ आज। घर जाकर सोना है।,ham
"Bhai, घर का light bill pay हो गया क्या?",ham
"Library book return करनी है, deadline है।",ham
"Yaar, कल cricket match देखने चलना है। Ground पर।",ham
कल football खेलने जाना है? Team ready है।,ham
New joiners का orientation tomorrow morning है।,ham
"Papa, salary account में आ गई। Bills pay कर दो।",ham
"HDFC BANK: आपके account में ₹15,000 की unauthorized entry हुई। तुरंत 9876543210 पर call करें।",spam
Congratulations on promotion! बहुत मेहनत की तुमने।,ham
Exam में अच्छे marks आए! माँ बहुत खुश हैं।,ham
"बेटा, रात को ठंड है, jacket पहन कर निकलना।",ham
"Annual leave apply की है, approve हो जाएगी।",ham
BSNL Monthly Lucky Draw: आपका number ₹5 lakh के लिए select हुआ। details@bsnl-lucky.in पर mail करें।,spam
"Client meeting postpone हो गई, Friday को होगी।",ham
"Bhai, police case में फंस गया हूँ। ₹15,000 चाहिए वकील के लिए। family को मत बताना अभी।",spam
"Share market tips: 100% accurate calls। First 3 calls free। Premium membership ₹2,000/month।",spam
Scooter servicing के लिए garage ले जाओ।,ham
Flipkart Diwali Offer: आपके order पर surprise gift select हुआ। Claim करने के लिए यहाँ click करें।,spam
Quarterly review next week schedule हुई है।,ham
"छोटू, homework कर लिया? आज exam है ना।",ham
IRCTC: आपकी Tatkal ticket automatically cancel हो गई। Refund के लिए bank details confirm करें।,spam
Get well soon. जल्दी ठीक हो जाओ।,ham
Jio Dhan Dhana Dhan: 1 साल की free service जीती आपने! Activate करने के लिए OTP दें।,spam
"Bank of Baroda: आपकी FD mature हो गई है। ₹50,000 release करने के लिए processing fee ₹500 भरें।",spam
"Papa, salary account में आ गई। Bills pay कर दो।",ham
"Yaar, semester की marksheet आ गई। अच्छे marks हैं।",ham
"GST Department: आपके business पर ₹12,000 का penalty लगाया गया है। 7 दिन में pay करें।",spam
"Yaar, semester की marksheet आ गई। अच्छे marks हैं।",ham
"माँ, आज देर से आऊंगा। रात का खाना मत रखना।",ham
"Byju's Hiring: online teacher चाहिए। Monthly ₹40,000। Interview के लिए ₹200 का form भरें।",spam
"Interview 3 बजे है, थोड़ा पहले पहुंच जाएं।",ham
"Sir, report आज शाम तक submit हो जाएगी।",ham
Electricity bill ₹850 का आया है। Pay कर देना।,ham
Apple ID Alert: आपका iCloud storage full है। Data delete होने से पहले यहाँ backup करें।,spam
"Dost, birthday party 7 बजे है। आना मत भूलना।",ham
"Library book return करनी है, deadline है।",ham
"EPF Department: आपके PF account में error है। ₹45,000 release के लिए online verify करें।",spam
Quarterly review next week schedule हुई है।,ham
"Team lunch cancel हो गया, boss बाहर हैं।",ham
"Zomato anniversary offer: आपने ₹500 का voucher जीता! 2 घंटे में expire होगा, अभी use करें।",spam
"Bhai, canteen में मिलते हैं lunch के time।",ham
"Amazon seller program: घर बैठे selling करें। ₹10,000 monthly guaranteed। Join fee ₹2,000।",spam
"माँ, आज देर से आऊंगा। रात का खाना मत रखना।",ham
"Bhai, शादी की shopping कब करने जाएं?",ham
"छोटू, homework कर लिया? आज exam है ना।",ham
आज का दिन बहुत अच्छा था! खुश हूँ बहुत।,ham
Office का Wi-Fi maintenance के लिए 2 घंटे बंद रहेगा।,ham
"Client meeting postpone हो गई, Friday को होगी।",ham
"भैया, कल का program confirm है ना? Time बताओ।",ham
Project का deadline extend हो गया है 2 दिन।,ham
"Yaar, कल cricket match देखने चलना है। Ground पर।",ham
Quarterly review next week schedule हुई है।,ham
"Yaar, project की deadline कल है। Library में मिलो।",ham
Exam में अच्छे marks आए! माँ बहुत खुश हैं।,ham
"HDFC BANK: आपके account में ₹15,000 की unauthorized entry हुई। तुरंत 9876543210 पर call करें।",spam
"Axis Bank Alert: आपके account से ₹8,500 debit हुए। यदि आपने नहीं किया तो 1800-XXX पर call करें।",spam
"Yaar, semester की marksheet आ गई। अच्छे marks हैं।",ham
"माँ, आज देर से आऊंगा। रात का खाना मत रखना।",ham
"Bhai, शादी की shopping कब करने जाएं?",ham
"Bhai, exam कैसा गया? Result कब आएगा?",ham
"आपने online survey complete किया। ₹3,500 का reward मिला है। Claim करने के लिए account details दें।",spam
ICICI Bank: KYC incomplete है। आज रात 12 बजे तक update नहीं किया तो account freeze होगा।,spam
Exam में अच्छे marks आए! माँ बहुत खुश हैं।,ham
Quarterly review next week schedule हुई है।,ham
"आज घर पर guests आ रहे हैं, जल्दी आ जाओ।",ham
"Yaar, semester की marksheet आ गई। अच्छे marks हैं।",ham
"Yaar, नई movie देखी? Reviews बहुत अच्छे हैं।",ham
"Yaar, कल cricket match देखने चलना है। Ground पर।",ham
"Papa, salary account में आ गई। Bills pay कर दो।",ham
आपका Gmail account किसी और device से access किया जा रहा है। तुरंत password change करें।,spam
"Dear Customer, आपकी net banking 24 घंटे में expire होगी। अभी renew करें bit.ly/sbi-renew",spam
"GST Department: आपके business पर ₹12,000 का penalty लगाया गया है। 7 दिन में pay करें।",spam
"Bhai, शादी की shopping कब करने जाएं?",ham
"Bhai, police case में फंस गया हूँ। ₹15,000 चाहिए वकील के लिए। family को मत बताना अभी।",spam
"आज बारिश में भीग गया, मजा आया!",ham
बच्चे का school tomorrow closed है।,ham
"Raincoat ले जाओ, बारिश का forecast है।",ham
"Papa, गाड़ी का insurance renew हो गया।",ham
PhonePe alert: आपके account में suspicious login detect हुई। Verify करें: phonepe-secure.in,spam
"Bhai, hostel का mess food आज बहुत अच्छा था।",ham
"Client meeting postpone हो गई, Friday को होगी।",ham
Scooter servicing के लिए garage ले जाओ।,ham
"Zomato anniversary offer: आपने ₹500 का voucher जीता! 2 घंटे में expire होगा, अभी use करें।",spam
"Yaar, कल cricket match देखने चलना है। Ground पर।",ham
कल football खेलने जाना है? Team ready है।,ham
आज का दिन बहुत अच्छा था! खुश हूँ बहुत।,ham
बहुत थक गया हूँ आज। घर जाकर सोना है।,ham
"Yaar, semester की marksheet आ गई। अच्छे marks हैं।",ham
"Bhai, घर का light bill pay हो गया क्या?",ham
"माँ, आज देर से आऊंगा। रात का खाना मत रखना।",ham
"Sir, मैं आपका पुराना student हूँ। बहुत मुश्किल में हूँ। ₹3,000 की जरूरत है। return कर दूंगा।",spam
Congratulations on promotion! बहुत मेहनत की तुमने।,ham
"Neighbour के यहाँ function है, evening में जाएंगे।",ham
"Client meeting postpone हो गई, Friday को होगी।",ham
"Neighbour के यहाँ function है, evening में जाएंगे।",ham
"Dost, internship के लिए apply किया? Last date है कल।",ham
"Team lunch cancel हो गया, boss बाहर हैं।",ham
"Amazon seller program: घर बैठे selling करें। ₹10,000 monthly guaranteed। Join fee ₹2,000।",spam
"Share market tips: 100% accurate calls। First 3 calls free। Premium membership ₹2,000/month।",spam
बच्चे का school tomorrow closed है।,ham
"EPF Department: आपके PF account में error है। ₹45,000 release के लिए online verify करें।",spam
"Bhai, शादी की shopping कब करने जाएं?",ham
नई job का first day था। Colleagues अच्छे हैं।,ham
Office का Wi-Fi maintenance के लिए 2 घंटे बंद रहेगा।,ham
"Papa, salary account में आ गई। Bills pay कर दो।",ham
"Miss you yaar, कब मिलोगे?",ham
"Bhai, exam कैसा गया? Result कब आएगा?",ham
"Bhai, police case में फंस गया हूँ। ₹15,000 चाहिए वकील के लिए। family को मत बताना अभी।",spam
Congratulations on promotion! बहुत मेहनत की तुमने।,ham
"Dost, internship के लिए apply किया? Last date है कल।",ham
Project का deadline extend हो गया है 2 दिन।,ham
"Sir, मैं आपका पुराना student हूँ। बहुत मुश्किल में हूँ। ₹3,000 की जरूरत है। return कर दूंगा।",spam
"आज घर पर guests आ रहे हैं, जल्दी आ जाओ।",ham
"Neighbour के यहाँ function है, evening में जाएंगे।",ham
Project का deadline extend हो गया है 2 दिन।,ham
"Neighbour के यहाँ function है, evening में जाएंगे।",ham
Happy Anniversary! हमेशा खुश रहो।,ham
"Miss you yaar, कब मिलोगे?",ham
"Sir, report आज शाम तक submit हो जाएगी।",ham
Happy Anniversary! हमेशा खुश रहो।,ham
"Yaar, project की deadline कल है। Library में मिलो।",ham
Mutual fund advisor: हमारे fund में invest करें। Annual 45% return guaranteed।,spam
"Miss you yaar, कब मिलोगे?",ham
Project का deadline extend हो गया है 2 दिन।,ham
Apple ID Alert: आपका iCloud storage full है। Data delete होने से पहले यहाँ backup करें।,spam
"Byju's Hiring: online teacher चाहिए। Monthly ₹40,000। Interview के लिए ₹200 का form भरें।",spam
"प्रिय ग्राहक, आपका SBI खाता अस्थायी रूप से बंद कर दिया गया है। OTP दर्ज करें: sbi-kyc.com",spam
"Annual leave apply की है, approve हो जाएगी।",ham
बच्चे का school tomorrow closed है।,ham
Doctor का appointment 10 बजे है। साथ चलोगे?,ham
New joiners का orientation tomorrow morning है।,ham
"Library book return करनी है, deadline है।",ham
"Amazon seller program: घर बैठे selling करें। ₹10,000 monthly guaranteed। Join fee ₹2,000।",spam
Meeting 11 बजे conference room में है।,ham
Electricity bill ₹850 का आया है। Pay कर देना।,ham
Congratulations on promotion! बहुत मेहनत की तुमने।,ham
Driving License Authority: आपका license expire होने वाला है। Online renew करें ₹150 fee के साथ।,spam
"Dost, birthday party 7 बजे है। आना मत भूलना।",ham
"Miss you yaar, कब मिलोगे?",ham
Happy Anniversary! हमेशा खुश रहो।,ham
"Bhai, घर का light bill pay हो गया क्या?",ham
आज बाजार से दूध और सब्जी लेते आना।,ham
"भैया, कल का program confirm है ना? Time बताओ।",ham
"HDFC BANK: आपके account में ₹15,000 की unauthorized entry हुई। तुरंत 9876543210 पर call करें।",spam
"माँ, दादी की दवाई pharmacy से ले आई हूँ।",ham
New joiners का orientation tomorrow morning है।,ham
Get well soon. जल्दी ठीक हो जाओ।,ham
Electricity bill ₹850 का आया है। Pay कर देना।,ham
Exam में अच्छे marks आए! माँ बहुत खुश हैं।,ham
"Team lunch cancel हो गया, boss बाहर हैं।",ham
आज का दिन बहुत अच्छा था! खुश हूँ बहुत।,ham
Amazon Great Indian Sale: आप winner हैं! MacBook Pro जीता। Delivery के लिए ₹299 shipping fee भरें।,spam
"Axis Bank Alert: आपके account से ₹8,500 debit हुए। यदि आपने नहीं किया तो 1800-XXX पर call करें।",spam
बच्चे का school tomorrow closed है।,ham
Flipkart Diwali Offer: आपके order पर surprise gift select हुआ। Claim करने के लिए यहाँ click करें।,spam
State Government lottery: ticket number 4521 winner है। ₹10 lakh का prize claim करें।,spam
"Yaar, नई movie देखी? Reviews बहुत अच्छे हैं।",ham
"Take care, travel safe.",ham
PhonePe alert: आपके account में suspicious login detect हुई। Verify करें: phonepe-secure.in,spam
"Bhai, exam कैसा गया? Result कब आएगा?",ham
बच्चे का school tomorrow closed है।,ham
"प्रिय ग्राहक, आपका SBI खाता अस्थायी रूप से बंद कर दिया गया है। OTP दर्ज करें: sbi-kyc.com",spam
"Didi, तुम्हारे लिए Lucknow से special मिठाई लाया हूँ।",ham
PhonePe alert: आपके account में suspicious login detect हुई। Verify करें: phonepe-secure.in,spam
Office का Wi-Fi maintenance के लिए 2 घंटे बंद रहेगा।,ham
IRCTC: आपकी Tatkal ticket automatically cancel हो गई। Refund के लिए bank details confirm करें।,spam
"Dost, internship के लिए apply किया? Last date है कल।",ham
"Didi, तुम्हारे लिए Lucknow से special मिठाई लाया हूँ।",ham
"Bhai, शादी की shopping कब करने जाएं?",ham
"आज बारिश में भीग गया, मजा आया!",ham
IRCTC: आपकी Tatkal ticket automatically cancel हो गई। Refund के लिए bank details confirm करें।,spam
Meeting 11 बजे conference room में है।,ham
"Income Tax Department: आपका ₹18,500 का refund pending है। Account details update करें।",spam
"Zomato anniversary offer: आपने ₹500 का voucher जीता! 2 घंटे में expire होगा, अभी use करें।",spam
बच्चे का school tomorrow closed है।,ham
"आज घर पर guests आ रहे हैं, जल्दी आ जाओ।",ham
"बेटा, रात को ठंड है, jacket पहन कर निकलना।",ham
"Library book return करनी है, deadline है।",ham
"Neighbour के यहाँ function है, evening में जाएंगे।",ham
"Yaar, project की deadline कल है। Library में मिलो।",ham
"Zomato anniversary offer: आपने ₹500 का voucher जीता! 2 घंटे में expire होगा, अभी use करें।",spam
"Axis Bank Alert: आपके account से ₹8,500 debit हुए। यदि आपने नहीं किया तो 1800-XXX पर call करें।",spam
"छोटू, homework कर लिया? आज exam है ना।",ham
Exam में अच्छे marks आए! माँ बहुत खुश हैं।,ham
Meeting 11 बजे conference room में है।,ham
"आज बारिश में भीग गया, मजा आया!",ham
"Share market tips: 100% accurate calls। First 3 calls free। Premium membership ₹2,000/month।",spam
"Yaar, project की deadline कल है। Library में मिलो।",ham
"Sir, report आज शाम तक submit हो जाएगी।",ham
आज बाजार से दूध और सब्जी लेते आना।,ham
"MLM business: ₹5,000 invest करें और ₹50,000 monthly कमाएं। Team join करें आज ही।",spam
Electricity bill ₹850 का आया है। Pay कर देना।,ham
Doctor का appointment 10 बजे है। साथ चलोगे?,ham
"आज बारिश में भीग गया, मजा आया!",ham
"छोटू, homework कर लिया? आज exam है ना।",ham
बच्चे का school tomorrow closed है।,ham
"Sir, report आज शाम तक submit हो जाएगी।",ham
"Bhai, शादी की shopping कब करने जाएं?",ham
"Train 20 minutes late है, platform 4 पर है।",ham
"Yaar, semester की marksheet आ गई। अच्छे marks हैं।",ham
Project का deadline extend हो गया है 2 दिन।,ham
Apple ID Alert: आपका iCloud storage full है। Data delete होने से पहले यहाँ backup करें।,spam
"Miss you yaar, कब मिलोगे?",ham
"Yaar, कल cricket match देखने चलना है। Ground पर।",ham
State Government lottery: ticket number 4521 winner है। ₹10 lakh का prize claim करें।,spam
"Papa, गाड़ी का insurance renew हो गया।",ham
Meeting 11 बजे conference room में है।,ham
"माँ, दादी की दवाई pharmacy से ले आई हूँ।",ham
"MLM business: ₹5,000 invest करें और ₹50,000 monthly कमाएं। Team join करें आज ही।",spam
बहुत थक गया हूँ आज। घर जाकर सोना है।,ham
"Dost, birthday party 7 बजे है। आना मत भूलना।",ham
Meeting 11 बजे conference room में है।,ham
"Beta, यह Sharma uncle बोल रहे हैं। Emergency है। ₹10,000 इस account में transfer कर दो।",spam
बहुत थक गया हूँ आज। घर जाकर सोना है।,ham
Quarterly review next week schedule हुई है।,ham
"Miss you yaar, कब मिलोगे?",ham
"Dost, birthday party 7 बजे है। आना मत भूलना।",ham
"MLM business: ₹5,000 invest करें और ₹50,000 monthly कमाएं। Team join करें आज ही।",spam
आपका Gmail account किसी और device से access किया जा रहा है। तुरंत password change करें।,spam
"आज बारिश में भीग गया, मजा आया!",ham
"Bank of Baroda: आपकी FD mature हो गई है। ₹50,000 release करने के लिए processing fee ₹500 भरें।",spam
"माँ, आज देर से आऊंगा। रात का खाना मत रखना।",ham
Electricity bill ₹850 का आया है। Pay कर देना।,ham
"Bhai, exam कैसा गया? Result कब आएगा?",ham
Apple ID Alert: आपका iCloud storage full है। Data delete होने से पहले यहाँ backup करें।,spam
"Sir, report आज शाम तक submit हो जाएगी।",ham
आज का दिन बहुत अच्छा था! खुश हूँ बहुत।,ham
"Papa, गाड़ी का insurance renew हो गया।",ham
"बेटा, रात को ठंड है, jacket पहन कर निकलना।",ham
"Dost, birthday party 7 बजे है। आना मत भूलना।",ham
"Didi, तुम्हारे लिए Lucknow से special मिठाई लाया हूँ।",ham
"Train 20 minutes late है, platform 4 पर है।",ham
WhatsApp warning: आपका account ban होने वाला है। Verify करने के लिए OTP forward करें।,spam
बधाई हो! आपका mobile number KBC lucky draw में select हुआ। ₹25 lakh जीतें। अभी call करें।,spam
Ayushman Bharat: आपका health card ready है। Activate करने के लिए Aadhaar OTP दें।,spam
"आपने online survey complete किया। ₹3,500 का reward मिला है। Claim करने के लिए account details दें।",spam
"Annual leave apply की है, approve हो जाएगी।",ham
Meeting 11 बजे conference room में है।,ham
"Bhai, exam कैसा गया? Result कब आएगा?",ham
Jio Dhan Dhana Dhan: 1 साल की free service जीती आपने! Activate करने के लिए OTP दें।,spam
"Sir, report आज शाम तक submit हो जाएगी।",ham
"Bank of Baroda: आपकी FD mature हो गई है। ₹50,000 release करने के लिए processing fee ₹500 भरें।",spam
"आज बारिश में भीग गया, मजा आया!",ham
आपके phone में dangerous virus detect हुआ। Data safe रखने के लिए यह app install करें।,spam
"Team lunch cancel हो गया, boss बाहर हैं।",ham
"Dost, internship के लिए apply किया? Last date है कल।",ham
"Bhai, hostel का mess food आज बहुत अच्छा था।",ham
"Bhai, police case में फंस गया हूँ। ₹15,000 चाहिए वकील के लिए। family को मत बताना अभी।",spam
Swiggy Order lucky customer: free meal voucher जीता! Redeem करने के लिए इस link पर जाएं।,spam
"माँ, आज देर से आऊंगा। रात का खाना मत रखना।",ham
"Byju's Hiring: online teacher चाहिए। Monthly ₹40,000। Interview के लिए ₹200 का form भरें।",spam
Passport Seva: आपका passport application pending है। Documents upload करें अन्यथा reject होगा।,spam
"Dost, internship के लिए apply किया? Last date है कल।",ham
"Crypto investment: ₹1,000 invest करें, 30 दिन में ₹15,000 guaranteed। Trusted platform।",spam
"Papa, salary account में आ गई। Bills pay कर दो।",ham
"Dost, birthday party 7 बजे है। आना मत भूलना।",ham
Exam में अच्छे marks आए! माँ बहुत खुश हैं।,ham
"Zomato anniversary offer: आपने ₹500 का voucher जीता! 2 घंटे में expire होगा, अभी use करें।",spam
Congratulations on promotion! बहुत मेहनत की तुमने।,ham
Jio Dhan Dhana Dhan: 1 साल की free service जीती आपने! Activate करने के लिए OTP दें।,spam
"भैया, कल का program confirm है ना? Time बताओ।",ham
New joiners का orientation tomorrow morning है।,ham
"Dost, birthday party 7 बजे है। आना मत भूलना।",ham
"Bhai, शादी की shopping कब करने जाएं?",ham
"माँ, दादी की दवाई pharmacy से ले आई हूँ।",ham
"Yaar, नई movie देखी? Reviews बहुत अच्छे हैं।",ham
"Sir, मैं आपका पुराना student हूँ। बहुत मुश्किल में हूँ। ₹3,000 की जरूरत है। return कर दूंगा।",spam
बच्चे का school tomorrow closed है।,ham
"भैया, कल का program confirm है ना? Time बताओ।",ham
"Library book return करनी है, deadline है।",ham
"Dost, birthday party 7 बजे है। आना मत भूलना।",ham
New joiners का orientation tomorrow morning है।,ham
"Miss you yaar, कब मिलोगे?",ham
Quarterly review next week schedule हुई है।,ham
Apple ID Alert: आपका iCloud storage full है। Data delete होने से पहले यहाँ backup करें।,spam
New joiners का orientation tomorrow morning है।,ham
Exam में अच्छे marks आए! माँ बहुत खुश हैं।,ham
"Yaar, नई movie देखी? Reviews बहुत अच्छे हैं।",ham
"Train 20 minutes late है, platform 4 पर है।",ham
"आज घर पर guests आ रहे हैं, जल्दी आ जाओ।",ham
"HDFC BANK: आपके account में ₹15,000 की unauthorized entry हुई। तुरंत 9876543210 पर call करें।",spam
"भैया, कल का program confirm है ना? Time बताओ।",ham
"Sir, मैं आपका पुराना student हूँ। बहुत मुश्किल में हूँ। ₹3,000 की जरूरत है। return कर दूंगा।",spam
"आपने online survey complete किया। ₹3,500 का reward मिला है। Claim करने के लिए account details दें।",spam
"Papa, salary account में आ गई। Bills pay कर दो।",ham
आपका Gmail account किसी और device से access किया जा रहा है। तुरंत password change करें।,spam
"Dost, internship के लिए apply किया? Last date है कल।",ham
"Dost, birthday party 7 बजे है। आना मत भूलना।",ham
Happy Anniversary! हमेशा खुश रहो।,ham
UIDAI Notice: आपका Aadhaar किसी और के mobile से link हो गया है। Fix करने के लिए call करें।,spam
Meeting 11 बजे conference room में है।,ham
Congratulations on promotion! बहुत मेहनत की तुमने।,ham
Doctor का appointment 10 बजे है। साथ चलोगे?,ham
"Bank of Baroda: आपकी FD mature हो गई है। ₹50,000 release करने के लिए processing fee ₹500 भरें।",spam
"Miss you yaar, कब मिलोगे?",ham
Mutual fund advisor: हमारे fund में invest करें। Annual 45% return guaranteed।,spam
PM Awas Yojana: आपका नाम list में है। ₹2.5 lakh की subsidy पाने के लिए registration करें।,spam
"आपके Paytm account से ₹2,000 का unauthorized transaction हुआ। Cancel करने के लिए OTP दें।",spam
"भैया, कल का program confirm है ना? Time बताओ।",ham
"Library book return करनी है, deadline है।",ham
बधाई हो! आपका mobile number KBC lucky draw में select हुआ। ₹25 lakh जीतें। अभी call करें।,spam
"छोटू, homework कर लिया? आज exam है ना।",ham
"Data entry job: घर बैठे काम करें। Daily 2-3 घंटे। Monthly ₹25,000। Training fee ₹1,500।",spam
Amazon Great Indian Sale: आप winner हैं! MacBook Pro जीता। Delivery के लिए ₹299 shipping fee भरें।,spam
"Take care, travel safe.",ham
"Yaar, project की deadline कल है। Library में मिलो।",ham
आपका UPI PIN 3 बार गलत enter हुआ। Account lock से बचने के लिए अभी verify करें।,spam
Amazon Great Indian Sale: आप winner हैं! MacBook Pro जीता। Delivery के लिए ₹299 shipping fee भरें।,spam
"Yaar, नई movie देखी? Reviews बहुत अच्छे हैं।",ham
"Library book return करनी है, deadline है।",ham
Office का Wi-Fi maintenance के लिए 2 घंटे बंद रहेगा।,ham
"Annual leave apply की है, approve हो जाएगी।",ham
"बेटा, रात को ठंड है, jacket पहन कर निकलना।",ham
"Train 20 minutes late है, platform 4 पर है।",ham
"Yaar, project की deadline कल है। Library में मिलो।",ham
YouTube channel grow करें। Subscribers बढ़ाएं। हमारा package ₹999 में। Results guaranteed।,spam
Electricity bill ₹850 का आया है। Pay कर देना।,ham
Get well soon. जल्दी ठीक हो जाओ।,ham
"Bhai, शादी की shopping कब करने जाएं?",ham
"दोस्त, मेरा wallet गुम हो गया। Station पर हूँ। ₹500 UPI कर दो, घर पहुंचकर return करता हूँ।",spam
Meeting 11 बजे conference room में है।,ham
"Yaar, नई movie देखी? Reviews बहुत अच्छे हैं।",ham
"Yaar, कल cricket match देखने चलना है। Ground पर।",ham
आज बाजार से दूध और सब्जी लेते आना।,ham
Get well soon. जल्दी ठीक हो जाओ।,ham
"Yaar, project की deadline कल है। Library में मिलो।",ham
"Yaar, semester की marksheet आ गई। अच्छे marks हैं।",ham
"Bhai, exam कैसा गया? Result कब आएगा?",ham
"Team lunch cancel हो गया, boss बाहर हैं।",ham
Electricity bill ₹850 का आया है। Pay कर देना।,ham
"Bhai, hostel का mess food आज बहुत अच्छा था।",ham
Electricity bill ₹850 का आया है। Pay कर देना।,ham
"आज घर पर guests आ रहे हैं, जल्दी आ जाओ।",ham
"Bhai, घर का light bill pay हो गया क्या?",ham
New joiners का orientation tomorrow morning है।,ham
"Bhai, घर का light bill pay हो गया क्या?",ham
Amazon Great Indian Sale: आप winner हैं! MacBook Pro जीता। Delivery के लिए ₹299 shipping fee भरें।,spam
"Crypto investment: ₹1,000 invest करें, 30 दिन में ₹15,000 guaranteed। Trusted platform।",spam
"Bhai, hostel का mess food आज बहुत अच्छा था।",ham
Happy Anniversary! हमेशा खुश रहो।,ham
"Income Tax Department: आपका ₹18,500 का refund pending है। Account details update करें।",spam
"Annual leave apply की है, approve हो जाएगी।",ham
"Train 20 minutes late है, platform 4 पर है।",ham
"Dost, birthday party 7 बजे है। आना मत भूलना।",ham
"Didi, तुम्हारे लिए Lucknow से special मिठाई लाया हूँ।",ham
"EPF Department: आपके PF account में error है। ₹45,000 release के लिए online verify करें।",spam
Ayushman Bharat: आपका health card ready है। Activate करने के लिए Aadhaar OTP दें।,spam
"Yaar, नई movie देखी? Reviews बहुत अच्छे हैं।",ham
Quarterly review next week schedule हुई है।,ham
"Yaar, नई movie देखी? Reviews बहुत अच्छे हैं।",ham
Scooter servicing के लिए garage ले जाओ।,ham
Microsoft Support: आपका Windows license expire हो गया। ₹800 में renew करें।,spam
"Papa, गाड़ी का insurance renew हो गया।",ham
Ayushman Bharat: आपका health card ready है। Activate करने के लिए Aadhaar OTP दें।,spam
"Take care, travel safe.",ham
"Share market tips: 100% accurate calls। First 3 calls free। Premium membership ₹2,000/month।",spam
"माँ, आज देर से आऊंगा। रात का खाना मत रखना।",ham
"माँ, आज देर से आऊंगा। रात का खाना मत रखना।",ham
Meeting 11 बजे conference room में है।,ham
आपका UPI PIN 3 बार गलत enter हुआ। Account lock से बचने के लिए अभी verify करें।,spam
PhonePe alert: आपके account में suspicious login detect हुई। Verify करें: phonepe-secure.in,spam
"Dost, internship के लिए apply किया? Last date है कल।",ham
"Neighbour के यहाँ function है, evening में जाएंगे।",ham
Office का Wi-Fi maintenance के लिए 2 घंटे बंद रहेगा।,ham
IRCTC: आपकी Tatkal ticket automatically cancel हो गई। Refund के लिए bank details confirm करें।,spam
"Bank of Baroda: आपकी FD mature हो गई है। ₹50,000 release करने के लिए processing fee ₹500 भरें।",spam
Exam में अच्छे marks आए! माँ बहुत खुश हैं।,ham
"Dost, internship के लिए apply किया? Last date है कल।",ham
"Interview 3 बजे है, थोड़ा पहले पहुंच जाएं।",ham
"बेटा, रात को ठंड है, jacket पहन कर निकलना।",ham
आपका Gmail account किसी और device से access किया जा रहा है। तुरंत password change करें।,spam
"Income Tax Department: आपका ₹18,500 का refund pending है। Account details update करें।",spam
Happy Anniversary! हमेशा खुश रहो।,ham
"Google Pay: आपको ₹1,200 का cashback मिला है। 24 घंटे में claim नहीं किया तो expire हो जाएगा।",spam
YouTube channel grow करें। Subscribers बढ़ाएं। हमारा package ₹999 में। Results guaranteed।,spam
Project का deadline extend हो गया है 2 दिन।,ham
"Bhai, canteen में मिलते हैं lunch के time।",ham
"Bhai, hostel का mess food आज बहुत अच्छा था।",ham
आज का दिन बहुत अच्छा था! खुश हूँ बहुत।,ham
"Beta, यह Sharma uncle बोल रहे हैं। Emergency है। ₹10,000 इस account में transfer कर दो।",spam
"माँ, दादी की दवाई pharmacy से ले आई हूँ।",ham
"Yaar, नई movie देखी? Reviews बहुत अच्छे हैं।",ham
Congratulations on promotion! बहुत मेहनत की तुमने।,ham
"प्रिय ग्राहक, आपका SBI खाता अस्थायी रूप से बंद कर दिया गया है। OTP दर्ज करें: sbi-kyc.com",spam
Quarterly review next week schedule हुई है।,ham
"Client meeting postpone हो गई, Friday को होगी।",ham
"Interview 3 बजे है, थोड़ा पहले पहुंच जाएं।",ham
New joiners का orientation tomorrow morning है।,ham
"Raincoat ले जाओ, बारिश का forecast है।",ham
"Bhai, hostel का mess food आज बहुत अच्छा था।",ham
"Miss you yaar, कब मिलोगे?",ham
"आज बारिश में भीग गया, मजा आया!",ham
WhatsApp warning: आपका account ban होने वाला है। Verify करने के लिए OTP forward करें।,spam
"Work from home opportunity: घर बैठे daily ₹2,000 कमाएं। Registration के लिए ₹500 invest करें।",spam
आज का दिन बहुत अच्छा था! खुश हूँ बहुत।,ham
Ayushman Bharat: आपका health card ready है। Activate करने के लिए Aadhaar OTP दें।,spam
Happy Anniversary! हमेशा खुश रहो।,ham
"MLM business: ₹5,000 invest करें और ₹50,000 monthly कमाएं। Team join करें आज ही।",spam
"Client meeting postpone हो गई, Friday को होगी।",ham
नई job का first day था। Colleagues अच्छे हैं।,ham
"Team lunch cancel हो गया, boss बाहर हैं।",ham
New joiners का orientation tomorrow morning है।,ham
आज का दिन बहुत अच्छा था! खुश हूँ बहुत।,ham
"Yaar, नई movie देखी? Reviews बहुत अच्छे हैं।",ham
"Yaar, semester की marksheet आ गई। अच्छे marks हैं।",ham
Ayushman Bharat: आपका health card ready है। Activate करने के लिए Aadhaar OTP दें।,spam
"Sir, report आज शाम तक submit हो जाएगी।",ham
"Library book return करनी है, deadline है।",ham
"Take care, travel safe.",ham
State Government lottery: ticket number 4521 winner है। ₹10 lakh का prize claim करें।,spam
State Government lottery: ticket number 4521 winner है। ₹10 lakh का prize claim करें।,spam
"आज बारिश में भीग गया, मजा आया!",ham
"भैया, कल का program confirm है ना? Time बताओ।",ham
"Raincoat ले जाओ, बारिश का forecast है।",ham
Online tutor चाहिए। ₹500 per hour। Registration के लिए ₹300 का form fill करें।,spam
"Interview 3 बजे है, थोड़ा पहले पहुंच जाएं।",ham
Quarterly review next week schedule हुई है।,ham
"Didi, तुम्हारे लिए Lucknow से special मिठाई लाया हूँ।",ham
New joiners का orientation tomorrow morning है।,ham
"Sir, report आज शाम तक submit हो जाएगी।",ham
Project का deadline extend हो गया है 2 दिन।,ham
Quarterly review next week schedule हुई है।,ham
"प्रिय ग्राहक, आपका SBI खाता अस्थायी रूप से बंद कर दिया गया है। OTP दर्ज करें: sbi-kyc.com",spam
Meeting 11 बजे conference room में है।,ham
"आपने online survey complete किया। ₹3,500 का reward मिला है। Claim करने के लिए account details दें।",spam
"माँ, दादी की दवाई pharmacy से ले आई हूँ।",ham
"आपके Paytm account से ₹2,000 का unauthorized transaction हुआ। Cancel करने के लिए OTP दें।",spam
Reliance Digital: आप lucky winner हैं! iPhone 15 जीता। Collect करने के लिए registration fee भरें।,spam
Get well soon. जल्दी ठीक हो जाओ।,ham
"Bhai, canteen में मिलते हैं lunch के time।",ham
"Yaar, semester की marksheet आ गई। अच्छे marks हैं।",ham
"आज घर पर guests आ रहे हैं, जल्दी आ जाओ।",ham
"आज बारिश में भीग गया, मजा आया!",ham
"Share market tips: 100% accurate calls। First 3 calls free। Premium membership ₹2,000/month।",spam
Ayushman Bharat: आपका health card ready है। Activate करने के लिए Aadhaar OTP दें।,spam
"Dost, internship के लिए apply किया? Last date है कल।",ham
"Crypto investment: ₹1,000 invest करें, 30 दिन में ₹15,000 guaranteed। Trusted platform।",spam
"Bhai, शादी की shopping कब करने जाएं?",ham
"Papa, salary account में आ गई। Bills pay कर दो।",ham
Office का Wi-Fi maintenance के लिए 2 घंटे बंद रहेगा।,ham
"Bhai, घर का light bill pay हो गया क्या?",ham
"Train 20 minutes late है, platform 4 पर है।",ham
"Mummy ji, मैं hospital में हूँ। Phone खो गया। इस number पर ₹5,000 transfer करो please।",spam
"Bhai, शादी की shopping कब करने जाएं?",ham
Election Commission: आपका voter ID update आवश्यक है। OTP के साथ verify करें।,spam
YouTube channel grow करें। Subscribers बढ़ाएं। हमारा package ₹999 में। Results guaranteed।,spam
Congratulations on promotion! बहुत मेहनत की तुमने।,ham
"छोटू, homework कर लिया? आज exam है ना।",ham
Swiggy Order lucky customer: free meal voucher जीता! Redeem करने के लिए इस link पर जाएं।,spam
"Beta, यह Sharma uncle बोल रहे हैं। Emergency है। ₹10,000 इस account में transfer कर दो।",spam
"Papa, salary account में आ गई। Bills pay कर दो।",ham
"माँ, दादी की दवाई pharmacy से ले आई हूँ।",ham
Scooter servicing के लिए garage ले जाओ।,ham
"Raincoat ले जाओ, बारिश का forecast है।",ham
"Take care, travel safe.",ham
WhatsApp warning: आपका account ban होने वाला है। Verify करने के लिए OTP forward करें।,spam
"Raincoat ले जाओ, बारिश का forecast है।",ham
Project का deadline extend हो गया है 2 दिन।,ham
Election Commission: आपका voter ID update आवश्यक है। OTP के साथ verify करें।,spam
Reliance Digital: आप lucky winner हैं! iPhone 15 जीता। Collect करने के लिए registration fee भरें।,spam
"Neighbour के यहाँ function है, evening में जाएंगे।",ham
"छोटू, homework कर लिया? आज exam है ना।",ham
बच्चे का school tomorrow closed है।,ham
"आज बारिश में भीग गया, मजा आया!",ham
"Crypto investment: ₹1,000 invest करें, 30 दिन में ₹15,000 guaranteed। Trusted platform।",spam
"Raincoat ले जाओ, बारिश का forecast है।",ham
Congratulations on promotion! बहुत मेहनत की तुमने।,ham
"Yaar, project की deadline कल है। Library में मिलो।",ham
"Take care, travel safe.",ham
"HDFC BANK: आपके account में ₹15,000 की unauthorized entry हुई। तुरंत 9876543210 पर call करें।",spam
"Didi, तुम्हारे लिए Lucknow से special मिठाई लाया हूँ।",ham
Doctor का appointment 10 बजे है। साथ चलोगे?,ham
"Respected sir, आपकी company में job चाहिए। Interview के लिए ₹500 registration fee है।",spam
"Annual leave apply की है, approve हो जाएगी।",ham
"Bank of Baroda: आपकी FD mature हो गई है। ₹50,000 release करने के लिए processing fee ₹500 भरें।",spam
"Amazon seller program: घर बैठे selling करें। ₹10,000 monthly guaranteed। Join fee ₹2,000।",spam
"Train 20 minutes late है, platform 4 पर है।",ham
"Take care, travel safe.",ham
"Yaar, कल cricket match देखने चलना है। Ground पर।",ham
"Library book return करनी है, deadline है।",ham
"Bhai, घर का light bill pay हो गया क्या?",ham
"Papa, गाड़ी का insurance renew हो गया।",ham
Quarterly review next week schedule हुई है।,ham
नई job का first day था। Colleagues अच्छे हैं।,ham
Happy Anniversary! हमेशा खुश रहो।,ham
"Train 20 minutes late है, platform 4 पर है।",ham
"Miss you yaar, कब मिलोगे?",ham
"छोटू, homework कर लिया? आज exam है ना।",ham
Get well soon. जल्दी ठीक हो जाओ।,ham
Meeting 11 बजे conference room में है।,ham
Project का deadline extend हो गया है 2 दिन।,ham
UIDAI Notice: आपका Aadhaar किसी और के mobile से link हो गया है। Fix करने के लिए call करें।,spam
"माँ, आज देर से आऊंगा। रात का खाना मत रखना।",ham
Doctor का appointment 10 बजे है। साथ चलोगे?,ham
"Interview 3 बजे है, थोड़ा पहले पहुंच जाएं।",ham
"Beta, यह Sharma uncle बोल रहे हैं। Emergency है। ₹10,000 इस account में transfer कर दो।",spam
"भैया, कल का program confirm है ना? Time बताओ।",ham
"Data entry job: घर बैठे काम करें। Daily 2-3 घंटे। Monthly ₹25,000। Training fee ₹1,500।",spam
नई job का first day था। Colleagues अच्छे हैं।,ham
"आज बारिश में भीग गया, मजा आया!",ham
"Byju's Hiring: online teacher चाहिए। Monthly ₹40,000। Interview के लिए ₹200 का form भरें।",spam
Apple ID Alert: आपका iCloud storage full है। Data delete होने से पहले यहाँ backup करें।,spam
"Papa, गाड़ी का insurance renew हो गया।",ham
Office का Wi-Fi maintenance के लिए 2 घंटे बंद रहेगा।,ham
"आपके Paytm account से ₹2,000 का unauthorized transaction हुआ। Cancel करने के लिए OTP दें।",spam
"छोटू, homework कर लिया? आज exam है ना।",ham
Quarterly review next week schedule हुई है।,ham
"माँ, दादी की दवाई pharmacy से ले आई हूँ।",ham
YouTube channel grow करें। Subscribers बढ़ाएं। हमारा package ₹999 में। Results guaranteed।,spam
"Dost, birthday party 7 बजे है। आना मत भूलना।",ham
"Annual leave apply की है, approve हो जाएगी।",ham
"Byju's Hiring: online teacher चाहिए। Monthly ₹40,000। Interview के लिए ₹200 का form भरें।",spam
"Bhai, hostel का mess food आज बहुत अच्छा था।",ham
Amazon Great Indian Sale: आप winner हैं! MacBook Pro जीता। Delivery के लिए ₹299 shipping fee भरें।,spam
"Yaar, कल cricket match देखने चलना है। Ground पर।",ham
Get well soon. जल्दी ठीक हो जाओ।,ham
"Bhai, exam कैसा गया? Result कब आएगा?",ham
"Work from home opportunity: घर बैठे daily ₹2,000 कमाएं। Registration के लिए ₹500 invest करें।",spam
"Mummy ji, मैं hospital में हूँ। Phone खो गया। इस number पर ₹5,000 transfer करो please।",spam
"माँ, दादी की दवाई pharmacy से ले आई हूँ।",ham
Exam में अच्छे marks आए! माँ बहुत खुश हैं।,ham
Meeting 11 बजे conference room में है।,ham
"MLM business: ₹5,000 invest करें और ₹50,000 monthly कमाएं। Team join करें आज ही।",spam
Driving License Authority: आपका license expire होने वाला है। Online renew करें ₹150 fee के साथ।,spam
"Sir, मैं आपका पुराना student हूँ। बहुत मुश्किल में हूँ। ₹3,000 की जरूरत है। return कर दूंगा।",spam
"Annual leave apply की है, approve हो जाएगी।",ham
"भैया, कल का program confirm है ना? Time बताओ।",ham
"आज घर पर guests आ रहे हैं, जल्दी आ जाओ।",ham
आपका Gmail account किसी और device से access किया जा रहा है। तुरंत password change करें।,spam
"Bhai, exam कैसा गया? Result कब आएगा?",ham
Apple ID Alert: आपका iCloud storage full है। Data delete होने से पहले यहाँ backup करें।,spam
PhonePe alert: आपके account में suspicious login detect हुई। Verify करें: phonepe-secure.in,spam
"माँ, दादी की दवाई pharmacy से ले आई हूँ।",ham
"Byju's Hiring: online teacher चाहिए। Monthly ₹40,000। Interview के लिए ₹200 का form भरें।",spam
Scooter servicing के लिए garage ले जाओ।,ham
"Neighbour के यहाँ function है, evening में जाएंगे।",ham
"Bhai, exam कैसा गया? Result कब आएगा?",ham
"Axis Bank Alert: आपके account से ₹8,500 debit हुए। यदि आपने नहीं किया तो 1800-XXX पर call करें।",spam
Reliance Digital: आप lucky winner हैं! iPhone 15 जीता। Collect करने के लिए registration fee भरें।,spam
New joiners का orientation tomorrow morning है।,ham
आज बाजार से दूध और सब्जी लेते आना।,ham
"Raincoat ले जाओ, बारिश का forecast है।",ham
Mutual fund advisor: हमारे fund में invest करें। Annual 45% return guaranteed।,spam
New joiners का orientation tomorrow morning है।,ham
नई job का first day था। Colleagues अच्छे हैं।,ham
"Papa, salary account में आ गई। Bills pay कर दो।",ham
"Yaar, project की deadline कल है। Library में मिलो।",ham
Get well soon. जल्दी ठीक हो जाओ।,ham
Scooter servicing के लिए garage ले जाओ।,ham
"Team lunch cancel हो गया, boss बाहर हैं।",ham
कल football खेलने जाना है? Team ready है।,ham
"Bhai, police case में फंस गया हूँ। ₹15,000 चाहिए वकील के लिए। family को मत बताना अभी।",spam
बधाई हो! आपका mobile number KBC lucky draw में select हुआ। ₹25 lakh जीतें। अभी call करें।,spam
"Train 20 minutes late है, platform 4 पर है।",ham
"Papa, salary account में आ गई। Bills pay कर दो।",ham
"Bhai, hostel का mess food आज बहुत अच्छा था।",ham
"आज घर पर guests आ रहे हैं, जल्दी आ जाओ।",ham
"GST Department: आपके business पर ₹12,000 का penalty लगाया गया है। 7 दिन में pay करें।",spam
New joiners का orientation tomorrow morning है।,ham
बहुत थक गया हूँ आज। घर जाकर सोना है।,ham
"Take care, travel safe.",ham
State Government lottery: ticket number 4521 winner है। ₹10 lakh का prize claim करें।,spam
"Yaar, semester की marksheet आ गई। अच्छे marks हैं।",ham
"EPF Department: आपके PF account में error है। ₹45,000 release के लिए online verify करें।",spam
"Byju's Hiring: online teacher चाहिए। Monthly ₹40,000। Interview के लिए ₹200 का form भरें।",spam
"Papa, गाड़ी का insurance renew हो गया।",ham
बच्चे का school tomorrow closed है।,ham
WhatsApp warning: आपका account ban होने वाला है। Verify करने के लिए OTP forward करें।,spam
"Client meeting postpone हो गई, Friday को होगी।",ham
Project का deadline extend हो गया है 2 दिन।,ham
"Bhai, घर का light bill pay हो गया क्या?",ham
"Train 20 minutes late है, platform 4 पर है।",ham
Microsoft Support: आपका Windows license expire हो गया। ₹800 में renew करें।,spam
Reliance Digital: आप lucky winner हैं! iPhone 15 जीता। Collect करने के लिए registration fee भरें।,spam
Driving License Authority: आपका license expire होने वाला है। Online renew करें ₹150 fee के साथ।,spam
"Dost, birthday party 7 बजे है। आना मत भूलना।",ham
BSNL Monthly Lucky Draw: आपका number ₹5 lakh के लिए select हुआ। details@bsnl-lucky.in पर mail करें।,spam
"Miss you yaar, कब मिलोगे?",ham
Reliance Digital: आप lucky winner हैं! iPhone 15 जीता। Collect करने के लिए registration fee भरें।,spam
"Bhai, hostel का mess food आज बहुत अच्छा था।",ham
Project का deadline extend हो गया है 2 दिन।,ham
"Papa, salary account में आ गई। Bills pay कर दो।",ham
"Neighbour के यहाँ function है, evening में जाएंगे।",ham
Online tutor चाहिए। ₹500 per hour। Registration के लिए ₹300 का form fill करें।,spam
"दोस्त, मेरा wallet गुम हो गया। Station पर हूँ। ₹500 UPI कर दो, घर पहुंचकर return करता हूँ।",spam
"Yaar, कल cricket match देखने चलना है। Ground पर।",ham
"Neighbour के यहाँ function है, evening में जाएंगे।",ham
Exam में अच्छे marks आए! माँ बहुत खुश हैं।,ham
New joiners का orientation tomorrow morning है।,ham
Election Commission: आपका voter ID update आवश्यक है। OTP के साथ verify करें।,spam
"Library book return करनी है, deadline है।",ham
नई job का first day था। Colleagues अच्छे हैं।,ham
"प्रिय ग्राहक, आपका SBI खाता अस्थायी रूप से बंद कर दिया गया है। OTP दर्ज करें: sbi-kyc.com",spam
Meeting 11 बजे conference room में है।,ham
"Bhai, hostel का mess food आज बहुत अच्छा था।",ham
Passport Seva: आपका passport application pending है। Documents upload करें अन्यथा reject होगा।,spam
WhatsApp warning: आपका account ban होने वाला है। Verify करने के लिए OTP forward करें।,spam
WhatsApp warning: आपका account ban होने वाला है। Verify करने के लिए OTP forward करें।,spam
"Dost, internship के लिए apply किया? Last date है कल।",ham
बहुत थक गया हूँ आज। घर जाकर सोना है।,ham
Project का deadline extend हो गया है 2 दिन।,ham
आज का दिन बहुत अच्छा था! खुश हूँ बहुत।,ham
"EPF Department: आपके PF account में error है। ₹45,000 release के लिए online verify करें।",spam
"Neighbour के यहाँ function है, evening में जाएंगे।",ham
Apple ID Alert: आपका iCloud storage full है। Data delete होने से पहले यहाँ backup करें।,spam
Get well soon. जल्दी ठीक हो जाओ।,ham
"Take care, travel safe.",ham
"Amazon seller program: घर बैठे selling करें। ₹10,000 monthly guaranteed। Join fee ₹2,000।",spam
"Papa, salary account में आ गई। Bills pay कर दो।",ham
"माँ, आज देर से आऊंगा। रात का खाना मत रखना।",ham
Reliance Digital: आप lucky winner हैं! iPhone 15 जीता। Collect करने के लिए registration fee भरें।,spam
"Mummy ji, मैं hospital में हूँ। Phone खो गया। इस number पर ₹5,000 transfer करो please।",spam
"Bhai, hostel का mess food आज बहुत अच्छा था।",ham
"आपके Paytm account से ₹2,000 का unauthorized transaction हुआ। Cancel करने के लिए OTP दें।",spam
"Respected sir, आपकी company में job चाहिए। Interview के लिए ₹500 registration fee है।",spam
"Google Pay: आपको ₹1,200 का cashback मिला है। 24 घंटे में claim नहीं किया तो expire हो जाएगा।",spam
Flipkart Diwali Offer: आपके order पर surprise gift select हुआ। Claim करने के लिए यहाँ click करें।,spam
"Axis Bank Alert: आपके account से ₹8,500 debit हुए। यदि आपने नहीं किया तो 1800-XXX पर call करें।",spam
Doctor का appointment 10 बजे है। साथ चलोगे?,ham
Congratulations on promotion! बहुत मेहनत की तुमने।,ham
"Mummy ji, मैं hospital में हूँ। Phone खो गया। इस number पर ₹5,000 transfer करो please।",spam
Quarterly review next week schedule हुई है।,ham
"Team lunch cancel हो गया, boss बाहर हैं।",ham
"आज घर पर guests आ रहे हैं, जल्दी आ जाओ।",ham
State Government lottery: ticket number 4521 winner है। ₹10 lakh का prize claim करें।,spam
आज का दिन बहुत अच्छा था! खुश हूँ बहुत।,ham
"Papa, salary account में आ गई। Bills pay कर दो।",ham
बच्चे का school tomorrow closed है।,ham
"Work from home opportunity: घर बैठे daily ₹2,000 कमाएं। Registration के लिए ₹500 invest करें।",spam
Meeting 11 बजे conference room में है।,ham
Microsoft Support: आपका Windows license expire हो गया। ₹800 में renew करें।,spam
"आज बारिश में भीग गया, मजा आया!",ham
आज बाजार से दूध और सब्जी लेते आना।,ham
"Sir, report आज शाम तक submit हो जाएगी।",ham
Flipkart Diwali Offer: आपके order पर surprise gift select हुआ। Claim करने के लिए यहाँ click करें।,spam
Get well soon. जल्दी ठीक हो जाओ।,ham
Ayushman Bharat: आपका health card ready है। Activate करने के लिए Aadhaar OTP दें।,spam
नई job का first day था। Colleagues अच्छे हैं।,ham
"Miss you yaar, कब मिलोगे?",ham
Scooter servicing के लिए garage ले जाओ।,ham
"Raincoat ले जाओ, बारिश का forecast है।",ham
"Bhai, घर का light bill pay हो गया क्या?",ham
YouTube channel grow करें। Subscribers बढ़ाएं। हमारा package ₹999 में। Results guaranteed।,spam
Microsoft Support: आपका Windows license expire हो गया। ₹800 में renew करें।,spam
"Bhai, घर का light bill pay हो गया क्या?",ham
"Crypto investment: ₹1,000 invest करें, 30 दिन में ₹15,000 guaranteed। Trusted platform।",spam
Apple ID Alert: आपका iCloud storage full है। Data delete होने से पहले यहाँ backup करें।,spam
"Share market tips: 100% accurate calls। First 3 calls free। Premium membership ₹2,000/month।",spam
Exam में अच्छे marks आए! माँ बहुत खुश हैं।,ham
बहुत थक गया हूँ आज। घर जाकर सोना है।,ham
"Yaar, नई movie देखी? Reviews बहुत अच्छे हैं।",ham
"दोस्त, मेरा wallet गुम हो गया। Station पर हूँ। ₹500 UPI कर दो, घर पहुंचकर return करता हूँ।",spam
"माँ, दादी की दवाई pharmacy से ले आई हूँ।",ham
"Yaar, project की deadline कल है। Library में मिलो।",ham
"Yaar, project की deadline कल है। Library में मिलो।",ham
"Crypto investment: ₹1,000 invest करें, 30 दिन में ₹15,000 guaranteed। Trusted platform।",spam
"माँ, आज देर से आऊंगा। रात का खाना मत रखना।",ham
"Work from home opportunity: घर बैठे daily ₹2,000 कमाएं। Registration के लिए ₹500 invest करें।",spam
Congratulations on promotion! बहुत मेहनत की तुमने।,ham
"भैया, कल का program confirm है ना? Time बताओ।",ham
PM Awas Yojana: आपका नाम list में है। ₹2.5 lakh की subsidy पाने के लिए registration करें।,spam
"EPF Department: आपके PF account में error है। ₹45,000 release के लिए online verify करें।",spam
"आज घर पर guests आ रहे हैं, जल्दी आ जाओ।",ham
"Bhai, hostel का mess food आज बहुत अच्छा था।",ham
"Dost, birthday party 7 बजे है। आना मत भूलना।",ham
"माँ, दादी की दवाई pharmacy से ले आई हूँ।",ham
"प्रिय ग्राहक, आपका SBI खाता अस्थायी रूप से बंद कर दिया गया है। OTP दर्ज करें: sbi-kyc.com",spam
Amazon Great Indian Sale: आप winner हैं! MacBook Pro जीता। Delivery के लिए ₹299 shipping fee भरें।,spam
"Papa, गाड़ी का insurance renew हो गया।",ham
Exam में अच्छे marks आए! माँ बहुत खुश हैं।,ham
"Interview 3 बजे है, थोड़ा पहले पहुंच जाएं।",ham
"Bhai, घर का light bill pay हो गया क्या?",ham
बच्चे का school tomorrow closed है।,ham
आज का दिन बहुत अच्छा था! खुश हूँ बहुत।,ham
"आज बारिश में भीग गया, मजा आया!",ham
आज का दिन बहुत अच्छा था! खुश हूँ बहुत।,ham
"Papa, गाड़ी का insurance renew हो गया।",ham
"Take care, travel safe.",ham
Congratulations on promotion! बहुत मेहनत की तुमने।,ham
Online tutor चाहिए। ₹500 per hour। Registration के लिए ₹300 का form fill करें।,spam
"Papa, गाड़ी का insurance renew हो गया।",ham
"Interview 3 बजे है, थोड़ा पहले पहुंच जाएं।",ham
"Neighbour के यहाँ function है, evening में जाएंगे।",ham
"बेटा, रात को ठंड है, jacket पहन कर निकलना।",ham
"Respected sir, आपकी company में job चाहिए। Interview के लिए ₹500 registration fee है।",spam
"Crypto investment: ₹1,000 invest करें, 30 दिन में ₹15,000 guaranteed। Trusted platform।",spam
Happy Anniversary! हमेशा खुश रहो।,ham
"Interview 3 बजे है, थोड़ा पहले पहुंच जाएं।",ham
"Yaar, semester की marksheet आ गई। अच्छे marks हैं।",ham
YouTube channel grow करें। Subscribers बढ़ाएं। हमारा package ₹999 में। Results guaranteed।,spam
"Bhai, canteen में मिलते हैं lunch के time।",ham
Scooter servicing के लिए garage ले जाओ।,ham
"Axis Bank Alert: आपके account से ₹8,500 debit हुए। यदि आपने नहीं किया तो 1800-XXX पर call करें।",spam
"Train 20 minutes late है, platform 4 पर है।",ham
"Dost, internship के लिए apply किया? Last date है कल।",ham
"Bhai, शादी की shopping कब करने जाएं?",ham
"Bhai, canteen में मिलते हैं lunch के time।",ham
Office का Wi-Fi maintenance के लिए 2 घंटे बंद रहेगा।,ham
"माँ, दादी की दवाई pharmacy से ले आई हूँ।",ham
"Dost, birthday party 7 बजे है। आना मत भूलना।",ham
Swiggy Order lucky customer: free meal voucher जीता! Redeem करने के लिए इस link पर जाएं।,spam
"आपके Paytm account से ₹2,000 का unauthorized transaction हुआ। Cancel करने के लिए OTP दें।",spam
"माँ, दादी की दवाई pharmacy से ले आई हूँ।",ham
"Bank of Baroda: आपकी FD mature हो गई है। ₹50,000 release करने के लिए processing fee ₹500 भरें।",spam
"Yaar, semester की marksheet आ गई। अच्छे marks हैं।",ham
"Mummy ji, मैं hospital में हूँ। Phone खो गया। इस number पर ₹5,000 transfer करो please।",spam
"आपने online survey complete किया। ₹3,500 का reward मिला है। Claim करने के लिए account details दें।",spam
बहुत थक गया हूँ आज। घर जाकर सोना है।,ham
"माँ, दादी की दवाई pharmacy से ले आई हूँ।",ham
"माँ, आज देर से आऊंगा। रात का खाना मत रखना।",ham
बहुत थक गया हूँ आज। घर जाकर सोना है।,ham
बच्चे का school tomorrow closed है।,ham
"Bhai, canteen में मिलते हैं lunch के time।",ham
"Bhai, exam कैसा गया? Result कब आएगा?",ham
Electricity bill ₹850 का आया है। Pay कर देना।,ham
"Raincoat ले जाओ, बारिश का forecast है।",ham
"Library book return करनी है, deadline है।",ham
"Mummy ji, मैं hospital में हूँ। Phone खो गया। इस number पर ₹5,000 transfer करो please।",spam
नई job का first day था। Colleagues अच्छे हैं।,ham
"Annual leave apply की है, approve हो जाएगी।",ham
बधाई हो! आपका mobile number KBC lucky draw में select हुआ। ₹25 lakh जीतें। अभी call करें।,spam
"बेटा, रात को ठंड है, jacket पहन कर निकलना।",ham
"Papa, salary account में आ गई। Bills pay कर दो।",ham
"Bhai, शादी की shopping कब करने जाएं?",ham
आपका UPI PIN 3 बार गलत enter हुआ। Account lock से बचने के लिए अभी verify करें।,spam
Election Commission: आपका voter ID update आवश्यक है। OTP के साथ verify करें।,spam
"Interview 3 बजे है, थोड़ा पहले पहुंच जाएं।",ham
आज बाजार से दूध और सब्जी लेते आना।,ham
"Bhai, canteen में मिलते हैं lunch के time।",ham
"आज बारिश में भीग गया, मजा आया!",ham
"Yaar, नई movie देखी? Reviews बहुत अच्छे हैं।",ham
"Library book return करनी है, deadline है।",ham
Election Commission: आपका voter ID update आवश्यक है। OTP के साथ verify करें।,spam
Scooter servicing के लिए garage ले जाओ।,ham
"Yaar, semester की marksheet आ गई। अच्छे marks हैं।",ham
"Yaar, कल cricket match देखने चलना है। Ground पर।",ham
"Data entry job: घर बैठे काम करें। Daily 2-3 घंटे। Monthly ₹25,000। Training fee ₹1,500।",spam
Quarterly review next week schedule हुई है।,ham
"Yaar, semester की marksheet आ गई। अच्छे marks हैं।",ham
"Bhai, शादी की shopping कब करने जाएं?",ham
"Bhai, exam कैसा गया? Result कब आएगा?",ham
नई job का first day था। Colleagues अच्छे हैं।,ham
"Bhai, घर का light bill pay हो गया क्या?",ham
"Bhai, घर का light bill pay हो गया क्या?",ham
"Dost, birthday party 7 बजे है। आना मत भूलना।",ham
"Work from home opportunity: घर बैठे daily ₹2,000 कमाएं। Registration के लिए ₹500 invest करें।",spam
"Didi, तुम्हारे लिए Lucknow से special मिठाई लाया हूँ।",ham
Doctor का appointment 10 बजे है। साथ चलोगे?,ham
आज बाजार से दूध और सब्जी लेते आना।,ham
"Didi, तुम्हारे लिए Lucknow से special मिठाई लाया हूँ।",ham
PM Awas Yojana: आपका नाम list में है। ₹2.5 lakh की subsidy पाने के लिए registration करें।,spam
"Dost, internship के लिए apply किया? Last date है कल।",ham
"बेटा, रात को ठंड है, jacket पहन कर निकलना।",ham
"Client meeting postpone हो गई, Friday को होगी।",ham
"माँ, आज देर से आऊंगा। रात का खाना मत रखना।",ham
"Sir, report आज शाम तक submit हो जाएगी।",ham
"Google Pay: आपको ₹1,200 का cashback मिला है। 24 घंटे में claim नहीं किया तो expire हो जाएगा।",spam
"Miss you yaar, कब मिलोगे?",ham
"Take care, travel safe.",ham
"Neighbour के यहाँ function है, evening में जाएंगे।",ham
Apple ID Alert: आपका iCloud storage full है। Data delete होने से पहले यहाँ backup करें।,spam
"Train 20 minutes late है, platform 4 पर है।",ham
"Annual leave apply की है, approve हो जाएगी।",ham
Exam में अच्छे marks आए! माँ बहुत खुश हैं।,ham
Happy Anniversary! हमेशा खुश रहो।,ham
बहुत थक गया हूँ आज। घर जाकर सोना है।,ham
"Sir, report आज शाम तक submit हो जाएगी।",ham
"Respected sir, आपकी company में job चाहिए। Interview के लिए ₹500 registration fee है।",spam
"आज बारिश में भीग गया, मजा आया!",ham
"भैया, कल का program confirm है ना? Time बताओ।",ham
"भैया, कल का program confirm है ना? Time बताओ।",ham
"आज घर पर guests आ रहे हैं, जल्दी आ जाओ।",ham
"Library book return करनी है, deadline है।",ham
कल football खेलने जाना है? Team ready है।,ham
"माँ, दादी की दवाई pharmacy से ले आई हूँ।",ham
"HDFC BANK: आपके account में ₹15,000 की unauthorized entry हुई। तुरंत 9876543210 पर call करें।",spam
ICICI Bank: KYC incomplete है। आज रात 12 बजे तक update नहीं किया तो account freeze होगा।,spam
"Mummy ji, मैं hospital में हूँ। Phone खो गया। इस number पर ₹5,000 transfer करो please।",spam
"Bhai, शादी की shopping कब करने जाएं?",ham
"Train 20 minutes late है, platform 4 पर है।",ham
Exam में अच्छे marks आए! माँ बहुत खुश हैं।,ham
"Bhai, exam कैसा गया? Result कब आएगा?",ham
"Sir, report आज शाम तक submit हो जाएगी।",ham
"बेटा, रात को ठंड है, jacket पहन कर निकलना।",ham
"Yaar, semester की marksheet आ गई। अच्छे marks हैं।",ham
"Raincoat ले जाओ, बारिश का forecast है।",ham
Project का deadline extend हो गया है 2 दिन।,ham
"Bhai, canteen में मिलते हैं lunch के time।",ham
"Share market tips: 100% accurate calls। First 3 calls free। Premium membership ₹2,000/month।",spam
Congratulations on promotion! बहुत मेहनत की तुमने।,ham
आपके phone में dangerous virus detect हुआ। Data safe रखने के लिए यह app install करें।,spam
"Papa, salary account में आ गई। Bills pay कर दो।",ham
"Papa, salary account में आ गई। Bills pay कर दो।",ham
"Crypto investment: ₹1,000 invest करें, 30 दिन में ₹15,000 guaranteed। Trusted platform।",spam
"Team lunch cancel हो गया, boss बाहर हैं।",ham
"Yaar, नई movie देखी? Reviews बहुत अच्छे हैं।",ham
आपका Gmail account किसी और device से access किया जा रहा है। तुरंत password change करें।,spam
Project का deadline extend हो गया है 2 दिन।,ham
"Yaar, project की deadline कल है। Library में मिलो।",ham
"Raincoat ले जाओ, बारिश का forecast है।",ham
"Bhai, canteen में मिलते हैं lunch के time।",ham
Happy Anniversary! हमेशा खुश रहो।,ham
"माँ, आज देर से आऊंगा। रात का खाना मत रखना।",ham
"Zomato anniversary offer: आपने ₹500 का voucher जीता! 2 घंटे में expire होगा, अभी use करें।",spam
"छोटू, homework कर लिया? आज exam है ना।",ham
Get well soon. जल्दी ठीक हो जाओ।,ham
"Bhai, police case में फंस गया हूँ। ₹15,000 चाहिए वकील के लिए। family को मत बताना अभी।",spam
Office का Wi-Fi maintenance के लिए 2 घंटे बंद रहेगा।,ham
"Dear Customer, आपकी net banking 24 घंटे में expire होगी। अभी renew करें bit.ly/sbi-renew",spam
"Dear Customer, आपकी net banking 24 घंटे में expire होगी। अभी renew करें bit.ly/sbi-renew",spam
IRCTC: आपकी Tatkal ticket automatically cancel हो गई। Refund के लिए bank details confirm करें।,spam
"Bhai, police case में फंस गया हूँ। ₹15,000 चाहिए वकील के लिए। family को मत बताना अभी।",spam
"आज बारिश में भीग गया, मजा आया!",ham
PhonePe alert: आपके account में suspicious login detect हुई। Verify करें: phonepe-secure.in,spam
"Dost, birthday party 7 बजे है। आना मत भूलना।",ham
"HDFC BANK: आपके account में ₹15,000 की unauthorized entry हुई। तुरंत 9876543210 पर call करें।",spam
"Bhai, police case में फंस गया हूँ। ₹15,000 चाहिए वकील के लिए। family को मत बताना अभी।",spam
"माँ, आज देर से आऊंगा। रात का खाना मत रखना।",ham
"Miss you yaar, कब मिलोगे?",ham
"आपने online survey complete किया। ₹3,500 का reward मिला है। Claim करने के लिए account details दें।",spam
"Yaar, कल cricket match देखने चलना है। Ground पर।",ham
"Dost, internship के लिए apply किया? Last date है कल।",ham
"Yaar, कल cricket match देखने चलना है। Ground पर।",ham
New joiners का orientation tomorrow morning है।,ham
Doctor का appointment 10 बजे है। साथ चलोगे?,ham
"Mummy ji, मैं hospital में हूँ। Phone खो गया। इस number पर ₹5,000 transfer करो please।",spam
"आज बारिश में भीग गया, मजा आया!",ham
Meeting 11 बजे conference room में है।,ham
"Library book return करनी है, deadline है।",ham
Microsoft Support: आपका Windows license expire हो गया। ₹800 में renew करें।,spam
"माँ, आज देर से आऊंगा। रात का खाना मत रखना।",ham
"Sir, report आज शाम तक submit हो जाएगी।",ham
"Sir, मैं आपका पुराना student हूँ। बहुत मुश्किल में हूँ। ₹3,000 की जरूरत है। return कर दूंगा।",spam
"Library book return करनी है, deadline है।",ham
"Beta, यह Sharma uncle बोल रहे हैं। Emergency है। ₹10,000 इस account में transfer कर दो।",spam
Microsoft Support: आपका Windows license expire हो गया। ₹800 में renew करें।,spam
"आज घर पर guests आ रहे हैं, जल्दी आ जाओ।",ham
"HDFC BANK: आपके account में ₹15,000 की unauthorized entry हुई। तुरंत 9876543210 पर call करें।",spam
Doctor का appointment 10 बजे है। साथ चलोगे?,ham
आज बाजार से दूध और सब्जी लेते आना।,ham
IRCTC: आपकी Tatkal ticket automatically cancel हो गई। Refund के लिए bank details confirm करें।,spam
Online tutor चाहिए। ₹500 per hour। Registration के लिए ₹300 का form fill करें।,spam
"Crypto investment: ₹1,000 invest करें, 30 दिन में ₹15,000 guaranteed। Trusted platform।",spam
"Beta, यह Sharma uncle बोल रहे हैं। Emergency है। ₹10,000 इस account में transfer कर दो।",spam
BSNL Monthly Lucky Draw: आपका number ₹5 lakh के लिए select हुआ। details@bsnl-lucky.in पर mail करें।,spam
Project का deadline extend हो गया है 2 दिन।,ham
Passport Seva: आपका passport application pending है। Documents upload करें अन्यथा reject होगा।,spam
"Annual leave apply की है, approve हो जाएगी।",ham
"Dost, internship के लिए apply किया? Last date है कल।",ham
आपका Gmail account किसी और device से access किया जा रहा है। तुरंत password change करें।,spam
"Dost, internship के लिए apply किया? Last date है कल।",ham
Online tutor चाहिए। ₹500 per hour। Registration के लिए ₹300 का form fill करें।,spam
New joiners का orientation tomorrow morning है।,ham
Flipkart Diwali Offer: आपके order पर surprise gift select हुआ। Claim करने के लिए यहाँ click करें।,spam
बहुत थक गया हूँ आज। घर जाकर सोना है।,ham
Project का deadline extend हो गया है 2 दिन।,ham
"Miss you yaar, कब मिलोगे?",ham
"आज घर पर guests आ रहे हैं, जल्दी आ जाओ।",ham
"Respected sir, आपकी company में job चाहिए। Interview के लिए ₹500 registration fee है।",spam
"Annual leave apply की है, approve हो जाएगी।",ham
"Yaar, semester की marksheet आ गई। अच्छे marks हैं।",ham
"Yaar, semester की marksheet आ गई। अच्छे marks हैं।",ham
Scooter servicing के लिए garage ले जाओ।,ham
Amazon Great Indian Sale: आप winner हैं! MacBook Pro जीता। Delivery के लिए ₹299 shipping fee भरें।,spam
Meeting 11 बजे conference room में है।,ham
"Papa, salary account में आ गई। Bills pay कर दो।",ham
WhatsApp warning: आपका account ban होने वाला है। Verify करने के लिए OTP forward करें।,spam
"Miss you yaar, कब मिलोगे?",ham
आज का दिन बहुत अच्छा था! खुश हूँ बहुत।,ham
Exam में अच्छे marks आए! माँ बहुत खुश हैं।,ham
ICICI Bank: KYC incomplete है। आज रात 12 बजे तक update नहीं किया तो account freeze होगा।,spam
Electricity bill ₹850 का आया है। Pay कर देना।,ham
Reliance Digital: आप lucky winner हैं! iPhone 15 जीता। Collect करने के लिए registration fee भरें।,spam
"Interview 3 बजे है, थोड़ा पहले पहुंच जाएं।",ham
"आज बारिश में भीग गया, मजा आया!",ham
"Amazon seller program: घर बैठे selling करें। ₹10,000 monthly guaranteed। Join fee ₹2,000।",spam
आज बाजार से दूध और सब्जी लेते आना।,ham
Ayushman Bharat: आपका health card ready है। Activate करने के लिए Aadhaar OTP दें।,spam
आज का दिन बहुत अच्छा था! खुश हूँ बहुत।,ham
Quarterly review next week schedule हुई है।,ham
"Yaar, नई movie देखी? Reviews बहुत अच्छे हैं।",ham
"Interview 3 बजे है, थोड़ा पहले पहुंच जाएं।",ham
Meeting 11 बजे conference room में है।,ham
"Bhai, घर का light bill pay हो गया क्या?",ham
बच्चे का school tomorrow closed है।,ham
"बेटा, रात को ठंड है, jacket पहन कर निकलना।",ham
"Income Tax Department: आपका ₹18,500 का refund pending है। Account details update करें।",spam
"Dost, birthday party 7 बजे है। आना मत भूलना।",ham
"Miss you yaar, कब मिलोगे?",ham
"Raincoat ले जाओ, बारिश का forecast है।",ham
"छोटू, homework कर लिया? आज exam है ना।",ham
"Sir, मैं आपका पुराना student हूँ। बहुत मुश्किल में हूँ। ₹3,000 की जरूरत है। return कर दूंगा।",spam
UIDAI Notice: आपका Aadhaar किसी और के mobile से link हो गया है। Fix करने के लिए call करें।,spam
"आज घर पर guests आ रहे हैं, जल्दी आ जाओ।",ham
"Neighbour के यहाँ function है, evening में जाएंगे।",ham
"MLM business: ₹5,000 invest करें और ₹50,000 monthly कमाएं। Team join करें आज ही।",spam
"Yaar, कल cricket match देखने चलना है। Ground पर।",ham
"Train 20 minutes late है, platform 4 पर है।",ham
"Yaar, semester की marksheet आ गई। अच्छे marks हैं।",ham
"Bhai, शादी की shopping कब करने जाएं?",ham
