text,label
Yaar kal cricket match dekhne chalte hain maidan pe.,ham
"Bahut thak gaya hoon aaj, ghar jaake sona hai.",ham
Dost PM Awas Yojana mein tera naam hai - 2.5 lakh ki subsidy ke liye register kar aaj.,spam
Maa dadi ki dawai pharmacy se le aayi hoon.,ham
Yaar kal cricket match dekhne chalte hain maidan pe.,ham
Quarterly review next week schedule hui hai.,ham
Chhotu homework kar liya? Aaj exam hai na.,ham
Didi tere liye Lucknow se mithai laya hoon.,ham
Yaar kal cricket match dekhne chalte hain maidan pe.,ham
Bro election commission ka notice - voter ID update karna zaroori hai OTP ke saath.,spam
Sir report aaj sham tak submit ho jayegi.,ham
Didi tere liye Lucknow se mithai laya hoon.,ham
Office ka WiFi 2 ghante ke liye maintenance pe band.,ham
Yaar nayi movie dekhi? Reviews bahut ache hain.,ham
"Dost, Paytm se message aaya - tera wallet hack hua. OTP share kar cancel karne ke liye.",spam
"Miss you dost, kab miloge?",ham
Yaar driving license expire ho raha hai - online renew karo 150 fee ke saath.,spam
"Yaar project ki deadline kal hai, library mein milo.",ham
"Annual leave apply ki hai, approve ho jayegi.",ham
"Take care bhai, travel safe.",ham
"Library book return karni hai, deadline hai.",ham
"Library book return karni hai, deadline hai.",ham
"Interview 3 baje hai, thoda pehle pahunch jaana.",ham
Bhai canteen mein milte hain lunch time pe.,ham
"Interview 3 baje hai, thoda pehle pahunch jaana.",ham
Sir report aaj sham tak submit ho jayegi.,ham
Chhotu homework kar liya? Aaj exam hai na.,ham
"ICICI ne warning di hai - net banking expire ho rahi hai, abhi renew kar warna block ho jayega.",spam
Bhai canteen mein milte hain lunch time pe.,ham
"Yaar police case mein phans gaya hoon, 15000 chahiye vakeel ke liye, family ko mat batana.",spam
"Yaar HDFC ka call aaya tha, bol rahe the tera account 2 din mein band hoga KYC ke bina.",spam
Papa gaadi ka insurance renew ho gaya.,ham
"Get well soon yaar, jaldi theek ho jaao.",ham
"Dost UPI PIN 3 baar galat hua, account lock hone se pehle verify kar abhi.",spam
Didi tere liye Lucknow se mithai laya hoon.,ham
"Bhai Byjus mein teacher chahiye, monthly 40k - interview ke liye 200 ka form bharo.",spam
"Interview 3 baje hai, thoda pehle pahunch jaana.",ham
"Dost wallet gum ho gaya station pe, 500 UPI kar do, aaj raat pakka return karunga.",spam
"Bro share market tips - 100% accurate calls, first 3 free, premium membership 2000 monthly.",spam
"Papa salary account mein aa gayi, bills pay kar do.",ham
Bhai hostel ka mess food aaj bahut acha tha.,ham
"Train 20 minutes late hai, platform 4 pe hai.",ham
Yaar tere phone mein dangerous virus hai - data safe karne ke liye ye app install kar.,spam
Bro election commission ka notice - voter ID update karna zaroori hai OTP ke saath.,spam
"Bahut thak gaya hoon aaj, ghar jaake sona hai.",ham
"Get well soon yaar, jaldi theek ho jaao.",ham
"Bahut thak gaya hoon aaj, ghar jaake sona hai.",ham
Happy Anniversary! Hamesha khush raho.,ham
Dost PM Awas Yojana mein tera naam hai - 2.5 lakh ki subsidy ke liye register kar aaj.,spam
"Yaar Apple ID alert - iCloud storage full hai, data delete hone se pehle backup kar.",spam
"Raincoat le jaao, baarish ka forecast hai.",ham
Dost Ayushman Bharat health card ready hai - activate karne ke liye Aadhaar OTP de.,spam
Bhai MLM business join karo - 5000 invest karo 50000 monthly kamao.,spam
Bhai shaadi ki shopping kab karein jaayein?,ham
Kal football khelne jaana hai? Team ready hai.,ham
New joiners ka orientation tomorrow morning hai.,ham
Project ka deadline 2 din extend ho gaya hai.,ham
"Bhai Income Tax ne bheja message - 18500 ka refund pending hai, account details update kar.",spam
Bhai kal ka program confirm hai na? Time bata.,ham
"Yaar police case mein phans gaya hoon, 15000 chahiye vakeel ke liye, family ko mat batana.",spam
Dost State lottery mein ticket 4521 winner hai - 10 lakh ka prize claim kar aaj.,spam
"Library book return karni hai, deadline hai.",ham
"Bhai Bank of Baroda ka message - FD mature ho gayi, 50k release karne ko 500 fee bhar.",spam
"Beta raat ko thand hai, jacket pehen ke nikalna.",ham
"Client meeting postpone hui, Friday ko hogi.",ham
Papa gaadi ka insurance renew ho gaya.,ham
Bro election commission ka notice - voter ID update karna zaroori hai OTP ke saath.,spam
Happy Anniversary! Hamesha khush raho.,ham
Office ka WiFi 2 ghante ke liye maintenance pe band.,ham
"Dost crypto mein 1000 lagao, 30 din mein 15000 guaranteed milenge - trusted platform.",spam
Bhai ghar ka light bill pay hua kya?,ham
"Annual leave apply ki hai, approve ho jayegi.",ham
"Aaj baarish mein bhig gaya, maza aaya!",ham
Bhai ghar ka light bill pay hua kya?,ham
"Doctor ka appointment 10 baje hai, saath chaloge?",ham
"Yaar data entry job - ghar baithe 2-3 ghante, monthly 25k - training fee 1500.",spam
Yaar kal cricket match dekhne chalte hain maidan pe.,ham
"Bahut thak gaya hoon aaj, ghar jaake sona hai.",ham
Quarterly review next week schedule hui hai.,ham
Yaar tere phone mein dangerous virus hai - data safe karne ke liye ye app install kar.,spam
Didi tere liye Lucknow se mithai laya hoon.,ham
Scooter servicing ke liye garage le jaao.,ham
Bro WhatsApp ban hone wala hai tera - verify karne ke liye OTP forward kar.,spam
Bhai ghar ka light bill pay hua kya?,ham
"Team lunch cancel hua, boss bahar hain aaj.",ham
Bhai Zomato 5th anniversary pe 500 ka voucher mila hai - 2 ghante mein expire hoga.,spam
"Library book return karni hai, deadline hai.",ham
Yaar BSNL lucky draw mein tera number aaya hai - 5 lakh ka prize. Details bhej jaldi.,spam
Aaj ka din bahut acha tha! Bahut khush hoon.,ham
Bhai exam kaisa gaya? Result kab aayega?,ham
"Bhai Sharma uncle bol rahe hain emergency hai, 10000 is account mein transfer kar do.",spam
"Annual leave apply ki hai, approve ho jayegi.",ham
"Miss you dost, kab miloge?",ham
"Electricity bill 850 ka aaya, pay kar dena.",ham
Yaar kal cricket match dekhne chalte hain maidan pe.,ham
"Neighbour ke yahan function hai, evening mein jaayenge.",ham
Bhai hostel ka mess food aaj bahut acha tha.,ham
Congrats on promotion! Bahut mehnat ki tumne.,ham
"Raincoat le jaao, baarish ka forecast hai.",ham
Scooter servicing ke liye garage le jaao.,ham
"Doctor ka appointment 10 baje hai, saath chaloge?",ham
Bhai hostel ka mess food aaj bahut acha tha.,ham
Bro Flipkart ne select kiya hai tujhe - surprise iPhone 15 jeet liya! Registration kar.,spam
Yaar nayi movie dekhi? Reviews bahut ache hain.,ham
"Yaar police case mein phans gaya hoon, 15000 chahiye vakeel ke liye, family ko mat batana.",spam
"Team lunch cancel hua, boss bahar hain aaj.",ham
"Dost, Paytm se message aaya - tera wallet hack hua. OTP share kar cancel karne ke liye.",spam
PhonePe alert aaya hai - suspicious login detect hua. Verify karne ke liye click kar.,spam
"Dost, Paytm se message aaya - tera wallet hack hua. OTP share kar cancel karne ke liye.",spam
"Yaar semester ki marksheet aayi, ache marks hain.",ham
Aaj bazar se doodh aur sabzi leke aana.,ham
"Miss you dost, kab miloge?",ham
Sir report aaj sham tak submit ho jayegi.,ham
Aaj ka din bahut acha tha! Bahut khush hoon.,ham
Bacche ka school kal band hai.,ham
"Nayi job ka pehla din tha, colleagues ache hain.",ham
New joiners ka orientation tomorrow morning hai.,ham
Dost internship ke liye apply kiya? Last date kal hai.,ham
"Dost YouTube channel grow karo - 999 mein subscribers badhao, guaranteed results.",spam
"Yaar bahut mushkil mein hoon, 3000 chahiye abhi, ghar pahunchke return kar dunga pakka.",spam
"Dost wallet gum ho gaya station pe, 500 UPI kar do, aaj raat pakka return karunga.",spam
"Aaj ghar pe guests aa rahe hain, jaldi aa jaao.",ham
"Bro share market tips - 100% accurate calls, first 3 free, premium membership 2000 monthly.",spam
"Interview 3 baje hai, thoda pehle pahunch jaana.",ham
Yaar ghar baithe daily 2000 kamao - registration ke liye sirf 500 invest karo.,spam
"Dost birthday party 7 baje hai, aana mat bhoolna.",ham
"Library book return karni hai, deadline hai.",ham
Aaj bazar se doodh aur sabzi leke aana.,ham
Yaar seriously KBC ne message kiya hai - tera number lucky draw mein aaya. 25 lakh jeet.,spam
Didi tere liye Lucknow se mithai laya hoon.,ham
"Yaar semester ki marksheet aayi, ache marks hain.",ham
"Train 20 minutes late hai, platform 4 pe hai.",ham
"Team lunch cancel hua, boss bahar hain aaj.",ham
"Interview 3 baje hai, thoda pehle pahunch jaana.",ham
Happy Anniversary! Hamesha khush raho.,ham
Bacche ka school kal band hai.,ham
"Get well soon yaar, jaldi theek ho jaao.",ham
"Get well soon yaar, jaldi theek ho jaao.",ham
Scooter servicing ke liye garage le jaao.,ham
"Yaar mutual fund advisor - invest karo, annual 45% return pakka milega.",spam
Bhai canteen mein milte hain lunch time pe.,ham
"Nayi job ka pehla din tha, colleagues ache hain.",ham
"Nayi job ka pehla din tha, colleagues ache hain.",ham
"Yaar police case mein phans gaya hoon, 15000 chahiye vakeel ke liye, family ko mat batana.",spam
"Train 20 minutes late hai, platform 4 pe hai.",ham
"Doctor ka appointment 10 baje hai, saath chaloge?",ham
"Library book return karni hai, deadline hai.",ham
Yaar kal cricket match dekhne chalte hain maidan pe.,ham
"Yaar Google Pay se 1200 ka cashback mila hai tujhe, 24 ghante mein claim kar warna expire.",spam
Bhai Amazon sale mein tu winner hai - MacBook jeet liya! Delivery ke liye 299 shipping bhar.,spam
"Maa aaj late aaunga, raat ka khana mat rakhna.",ham
Yaar kal cricket match dekhne chalte hain maidan pe.,ham
Bacche ka school kal band hai.,ham
Dost internship ke liye apply kiya? Last date kal hai.,ham
"Interview 3 baje hai, thoda pehle pahunch jaana.",ham
Yaar Reliance Digital contest mein jeet liya tune - register kar 1000 rupaye fee ke saath.,spam
"Dost wallet gum ho gaya station pe, 500 UPI kar do, aaj raat pakka return karunga.",spam
"Yaar UIDAI ka important message - tera Aadhaar kisi aur ke phone se link hua, fix kar.",spam
PhonePe alert aaya hai - suspicious login detect hua. Verify karne ke liye click kar.,spam
Kal football khelne jaana hai? Team ready hai.,ham
"Aaj baarish mein bhig gaya, maza aaya!",ham
Sir report aaj sham tak submit ho jayegi.,ham
Bhai hostel ka mess food aaj bahut acha tha.,ham
Project ka deadline 2 din extend ho gaya hai.,ham
"Yaar mutual fund advisor - invest karo, annual 45% return pakka milega.",spam
"Get well soon yaar, jaldi theek ho jaao.",ham
Office ka WiFi 2 ghante ke liye maintenance pe band.,ham
"Electricity bill 850 ka aaya, pay kar dena.",ham
Aaj bazar se doodh aur sabzi leke aana.,ham
"Train 20 minutes late hai, platform 4 pe hai.",ham
Bhai shaadi ki shopping kab karein jaayein?,ham
"Electricity bill 850 ka aaya, pay kar dena.",ham
Didi tere liye Lucknow se mithai laya hoon.,ham
Dost internship ke liye apply kiya? Last date kal hai.,ham
Bhai MLM business join karo - 5000 invest karo 50000 monthly kamao.,spam
"Maa aaj late aaunga, raat ka khana mat rakhna.",ham
Bro Flipkart ne select kiya hai tujhe - surprise iPhone 15 jeet liya! Registration kar.,spam
"Neighbour ke yahan function hai, evening mein jaayenge.",ham
"Dost birthday party 7 baje hai, aana mat bhoolna.",ham
Bro Swiggy ka lucky customer select hua tu - free meal voucher claim kar abhi.,spam
Bhai shaadi ki shopping kab karein jaayein?,ham
"Bhai Sharma uncle bol rahe hain emergency hai, 10000 is account mein transfer kar do.",spam
Office ka WiFi 2 ghante ke liye maintenance pe band.,ham
Bhai hostel ka mess food aaj bahut acha tha.,ham
Happy Anniversary! Hamesha khush raho.,ham
Bhai hostel ka mess food aaj bahut acha tha.,ham
"Bhai IRCTC - Tatkal ticket cancel ho gayi automatically, refund ke liye bank details confirm kar.",spam
"Yaar mutual fund advisor - invest karo, annual 45% return pakka milega.",spam
Happy Anniversary! Hamesha khush raho.,ham
"Bhai online tutor chahiye - 500 per hour, registration ke liye 300 ka form.",spam
"Team lunch cancel hua, boss bahar hain aaj.",ham
"Raincoat le jaao, baarish ka forecast hai.",ham
Aaj bazar se doodh aur sabzi leke aana.,ham
Bhai shaadi ki shopping kab karein jaayein?,ham
Yaar ghar baithe daily 2000 kamao - registration ke liye sirf 500 invest karo.,spam
Bro election commission ka notice - voter ID update karna zaroori hai OTP ke saath.,spam
"Dost YouTube channel grow karo - 999 mein subscribers badhao, guaranteed results.",spam
"Bhai main hospital mein hoon, phone kho gaya, please 5000 transfer kar do ye number pe.",spam
"Beta raat ko thand hai, jacket pehen ke nikalna.",ham
Kal football khelne jaana hai? Team ready hai.,ham
Yaar BSNL lucky draw mein tera number aaya hai - 5 lakh ka prize. Details bhej jaldi.,spam
"Yaar Google Pay se 1200 ka cashback mila hai tujhe, 24 ghante mein claim kar warna expire.",spam
Dost Ayushman Bharat health card ready hai - activate karne ke liye Aadhaar OTP de.,spam
Bhai kal ka program confirm hai na? Time bata.,ham
Bacche ka school kal band hai.,ham
Congrats on promotion! Bahut mehnat ki tumne.,ham
"Maa aaj late aaunga, raat ka khana mat rakhna.",ham
Office ka WiFi 2 ghante ke liye maintenance pe band.,ham
"Yaar mutual fund advisor - invest karo, annual 45% return pakka milega.",spam
"Yaar Google Pay se 1200 ka cashback mila hai tujhe, 24 ghante mein claim kar warna expire.",spam
Office ka WiFi 2 ghante ke liye maintenance pe band.,ham
Dost PM Awas Yojana mein tera naam hai - 2.5 lakh ki subsidy ke liye register kar aaj.,spam
Chhotu homework kar liya? Aaj exam hai na.,ham
"Aaj ghar pe guests aa rahe hain, jaldi aa jaao.",ham
"Aaj ghar pe guests aa rahe hain, jaldi aa jaao.",ham
"Bhai Microsoft support - Windows license expire ho gayi, 800 mein renew karo.",spam
Dost company mein kaam chahiye - interview ke liye 500 ka registration fee bhar.,spam
Didi tere liye Lucknow se mithai laya hoon.,ham
Bro Flipkart ne select kiya hai tujhe - surprise iPhone 15 jeet liya! Registration kar.,spam
"Yaar semester ki marksheet aayi, ache marks hain.",ham
"Dost YouTube channel grow karo - 999 mein subscribers badhao, guaranteed results.",spam
Aaj ka din bahut acha tha! Bahut khush hoon.,ham
Exam mein ache marks aaye! Maa bahut khush hain.,ham
"Dost, Paytm se message aaya - tera wallet hack hua. OTP share kar cancel karne ke liye.",spam
Sir report aaj sham tak submit ho jayegi.,ham
"Dost, Paytm se message aaya - tera wallet hack hua. OTP share kar cancel karne ke liye.",spam
Bhai kal ka program confirm hai na? Time bata.,ham
Aaj ka din bahut acha tha! Bahut khush hoon.,ham
"Aaj ghar pe guests aa rahe hain, jaldi aa jaao.",ham
Bacche ka school kal band hai.,ham
"Yaar HDFC ka call aaya tha, bol rahe the tera account 2 din mein band hoga KYC ke bina.",spam
Bhai Zomato 5th anniversary pe 500 ka voucher mila hai - 2 ghante mein expire hoga.,spam
Sir report aaj sham tak submit ho jayegi.,ham
"Miss you dost, kab miloge?",ham
"Electricity bill 850 ka aaya, pay kar dena.",ham
Dost internship ke liye apply kiya? Last date kal hai.,ham
"Bhai Sharma uncle bol rahe hain emergency hai, 10000 is account mein transfer kar do.",spam
Dost State lottery mein ticket 4521 winner hai - 10 lakh ka prize claim kar aaj.,spam
"Yaar project ki deadline kal hai, library mein milo.",ham
"Dost birthday party 7 baje hai, aana mat bhoolna.",ham
Dost internship ke liye apply kiya? Last date kal hai.,ham
Aaj bazar se doodh aur sabzi leke aana.,ham
Maa dadi ki dawai pharmacy se le aayi hoon.,ham
"Bhai online tutor chahiye - 500 per hour, registration ke liye 300 ka form.",spam
"Bahut thak gaya hoon aaj, ghar jaake sona hai.",ham
Bhai shaadi ki shopping kab karein jaayein?,ham
Happy Anniversary! Hamesha khush raho.,ham
Scooter servicing ke liye garage le jaao.,ham
"Client meeting postpone hui, Friday ko hogi.",ham
"Doctor ka appointment 10 baje hai, saath chaloge?",ham
Dost company mein kaam chahiye - interview ke liye 500 ka registration fee bhar.,spam
"Annual leave apply ki hai, approve ho jayegi.",ham
"Interview 3 baje hai, thoda pehle pahunch jaana.",ham
Bhai kal ka program confirm hai na? Time bata.,ham
"Papa salary account mein aa gayi, bills pay kar do.",ham
"Team lunch cancel hua, boss bahar hain aaj.",ham
"Take care bhai, travel safe.",ham
Chhotu homework kar liya? Aaj exam hai na.,ham
"Miss you dost, kab miloge?",ham
"Neighbour ke yahan function hai, evening mein jaayenge.",ham
Sir report aaj sham tak submit ho jayegi.,ham
Dost Gmail account kisi aur device se access ho raha hai - turant password change kar.,spam
Happy Anniversary! Hamesha khush raho.,ham
"Get well soon yaar, jaldi theek ho jaao.",ham
Bhai exam kaisa gaya? Result kab aayega?,ham
"Dost, Paytm se message aaya - tera wallet hack hua. OTP share kar cancel karne ke liye.",spam
"Aaj baarish mein bhig gaya, maza aaya!",ham
Yaar GST department ne penalty lagai hai 12000 ki - 7 din mein pay karo.,spam
"Nayi job ka pehla din tha, colleagues ache hain.",ham
Quarterly review next week schedule hui hai.,ham
"Yaar HDFC ka call aaya tha, bol rahe the tera account 2 din mein band hoga KYC ke bina.",spam
Bhai canteen mein milte hain lunch time pe.,ham
"Dost birthday party 7 baje hai, aana mat bhoolna.",ham
"Yaar project ki deadline kal hai, library mein milo.",ham
"Dost crypto mein 1000 lagao, 30 din mein 15000 guaranteed milenge - trusted platform.",spam
"Bro Amazon seller program - ghar baithe selling, 10k monthly guaranteed, join fee 2000.",spam
Scooter servicing ke liye garage le jaao.,ham
"Dost YouTube channel grow karo - 999 mein subscribers badhao, guaranteed results.",spam
"Survey complete kiya tune, 3500 ka reward mila. Claim karne ke liye account details de.",spam
"Library book return karni hai, deadline hai.",ham
"Yaar semester ki marksheet aayi, ache marks hain.",ham
"Bahut thak gaya hoon aaj, ghar jaake sona hai.",ham
Bro Flipkart ne select kiya hai tujhe - surprise iPhone 15 jeet liya! Registration kar.,spam
"Dost crypto mein 1000 lagao, 30 din mein 15000 guaranteed milenge - trusted platform.",spam
"Library book return karni hai, deadline hai.",ham
PhonePe alert aaya hai - suspicious login detect hua. Verify karne ke liye click kar.,spam
Bro election commission ka notice - voter ID update karna zaroori hai OTP ke saath.,spam
"Electricity bill 850 ka aaya, pay kar dena.",ham
"Bhai passport seva - application pending hai, documents upload karo warna reject hoga.",spam
"Aaj ghar pe guests aa rahe hain, jaldi aa jaao.",ham
Yaar kal cricket match dekhne chalte hain maidan pe.,ham
Yaar nayi movie dekhi? Reviews bahut ache hain.,ham
Happy Anniversary! Hamesha khush raho.,ham
Bacche ka school kal band hai.,ham
"Raincoat le jaao, baarish ka forecast hai.",ham
Office ka WiFi 2 ghante ke liye maintenance pe band.,ham
"Bhai Income Tax ne bheja message - 18500 ka refund pending hai, account details update kar.",spam
Bhai shaadi ki shopping kab karein jaayein?,ham
Papa gaadi ka insurance renew ho gaya.,ham
Bhai exam kaisa gaya? Result kab aayega?,ham
"Nayi job ka pehla din tha, colleagues ache hain.",ham
"Yaar Google Pay se 1200 ka cashback mila hai tujhe, 24 ghante mein claim kar warna expire.",spam
"Dost UPI PIN 3 baar galat hua, account lock hone se pehle verify kar abhi.",spam
"Dost Jio ka message aaya - 1 saal ki free service mili hai, activate karne ke liye OTP de.",spam
Dost company mein kaam chahiye - interview ke liye 500 ka registration fee bhar.,spam
Quarterly review next week schedule hui hai.,ham
Bhai canteen mein milte hain lunch time pe.,ham
Office ka WiFi 2 ghante ke liye maintenance pe band.,ham
Bhai canteen mein milte hain lunch time pe.,ham
"Yaar Apple ID alert - iCloud storage full hai, data delete hone se pehle backup kar.",spam
"Raincoat le jaao, baarish ka forecast hai.",ham
Dost Gmail account kisi aur device se access ho raha hai - turant password change kar.,spam
Happy Anniversary! Hamesha khush raho.,ham
Didi tere liye Lucknow se mithai laya hoon.,ham
"Yaar project ki deadline kal hai, library mein milo.",ham
"Train 20 minutes late hai, platform 4 pe hai.",ham
"Client meeting postpone hui, Friday ko hogi.",ham
Bhai canteen mein milte hain lunch time pe.,ham
Bhai exam kaisa gaya? Result kab aayega?,ham
Bhai Amazon sale mein tu winner hai - MacBook jeet liya! Delivery ke liye 299 shipping bhar.,spam
Yaar seriously KBC ne message kiya hai - tera number lucky draw mein aaya. 25 lakh jeet.,spam
Chhotu homework kar liya? Aaj exam hai na.,ham
"Yaar data entry job - ghar baithe 2-3 ghante, monthly 25k - training fee 1500.",spam
Yaar Reliance Digital contest mein jeet liya tune - register kar 1000 rupaye fee ke saath.,spam
Exam mein ache marks aaye! Maa bahut khush hain.,ham
Bhai canteen mein milte hain lunch time pe.,ham
"Interview 3 baje hai, thoda pehle pahunch jaana.",ham
Yaar nayi movie dekhi? Reviews bahut ache hain.,ham
Bhai exam kaisa gaya? Result kab aayega?,ham
Exam mein ache marks aaye! Maa bahut khush hain.,ham
"Train 20 minutes late hai, platform 4 pe hai.",ham
Yaar nayi movie dekhi? Reviews bahut ache hain.,ham
Yaar kal cricket match dekhne chalte hain maidan pe.,ham
Aaj ka din bahut acha tha! Bahut khush hoon.,ham
Aaj ka din bahut acha tha! Bahut khush hoon.,ham
Yaar driving license expire ho raha hai - online renew karo 150 fee ke saath.,spam
Yaar seriously KBC ne message kiya hai - tera number lucky draw mein aaya. 25 lakh jeet.,spam
"Bhai Byjus mein teacher chahiye, monthly 40k - interview ke liye 200 ka form bharo.",spam
Yaar nayi movie dekhi? Reviews bahut ache hain.,ham
Dost Gmail account kisi aur device se access ho raha hai - turant password change kar.,spam
Exam mein ache marks aaye! Maa bahut khush hain.,ham
"Maa aaj late aaunga, raat ka khana mat rakhna.",ham
Dost Gmail account kisi aur device se access ho raha hai - turant password change kar.,spam
Chhotu homework kar liya? Aaj exam hai na.,ham
"Aaj baarish mein bhig gaya, maza aaya!",ham
"Aaj baarish mein bhig gaya, maza aaya!",ham
"Dost crypto mein 1000 lagao, 30 din mein 15000 guaranteed milenge - trusted platform.",spam
Didi tere liye Lucknow se mithai laya hoon.,ham
Dost PM Awas Yojana mein tera naam hai - 2.5 lakh ki subsidy ke liye register kar aaj.,spam
"Papa salary account mein aa gayi, bills pay kar do.",ham
"Papa salary account mein aa gayi, bills pay kar do.",ham
Bhai exam kaisa gaya? Result kab aayega?,ham
"Yaar Google Pay se 1200 ka cashback mila hai tujhe, 24 ghante mein claim kar warna expire.",spam
Scooter servicing ke liye garage le jaao.,ham
Scooter servicing ke liye garage le jaao.,ham
"Aaj baarish mein bhig gaya, maza aaya!",ham
Project ka deadline 2 din extend ho gaya hai.,ham
"Neighbour ke yahan function hai, evening mein jaayenge.",ham
"Bahut thak gaya hoon aaj, ghar jaake sona hai.",ham
Bhai hostel ka mess food aaj bahut acha tha.,ham
"Client meeting postpone hui, Friday ko hogi.",ham
Bhai hostel ka mess food aaj bahut acha tha.,ham
Bacche ka school kal band hai.,ham
"Bhai Byjus mein teacher chahiye, monthly 40k - interview ke liye 200 ka form bharo.",spam
Scooter servicing ke liye garage le jaao.,ham
"Miss you dost, kab miloge?",ham
"Dost Jio ka message aaya - 1 saal ki free service mili hai, activate karne ke liye OTP de.",spam
"Train 20 minutes late hai, platform 4 pe hai.",ham
"Papa salary account mein aa gayi, bills pay kar do.",ham
Bhai exam kaisa gaya? Result kab aayega?,ham
Scooter servicing ke liye garage le jaao.,ham
"Team lunch cancel hua, boss bahar hain aaj.",ham
"Aaj ghar pe guests aa rahe hain, jaldi aa jaao.",ham
Bhai MLM business join karo - 5000 invest karo 50000 monthly kamao.,spam
Aaj ka din bahut acha tha! Bahut khush hoon.,ham
Yaar kal cricket match dekhne chalte hain maidan pe.,ham
"Bahut thak gaya hoon aaj, ghar jaake sona hai.",ham
"Beta raat ko thand hai, jacket pehen ke nikalna.",ham
"Doctor ka appointment 10 baje hai, saath chaloge?",ham
New joiners ka orientation tomorrow morning hai.,ham
"Team lunch cancel hua, boss bahar hain aaj.",ham
"Bhai IRCTC - Tatkal ticket cancel ho gayi automatically, refund ke liye bank details confirm kar.",spam
"Doctor ka appointment 10 baje hai, saath chaloge?",ham
Dost State lottery mein ticket 4521 winner hai - 10 lakh ka prize claim kar aaj.,spam
Yaar kal cricket match dekhne chalte hain maidan pe.,ham
"Yaar semester ki marksheet aayi, ache marks hain.",ham
Scooter servicing ke liye garage le jaao.,ham
"Bahut thak gaya hoon aaj, ghar jaake sona hai.",ham
"Aaj ghar pe guests aa rahe hain, jaldi aa jaao.",ham
Congrats on promotion! Bahut mehnat ki tumne.,ham
Yaar tere phone mein dangerous virus hai - data safe karne ke liye ye app install kar.,spam
"Yaar HDFC ka call aaya tha, bol rahe the tera account 2 din mein band hoga KYC ke bina.",spam
"Dost, Paytm se message aaya - tera wallet hack hua. OTP share kar cancel karne ke liye.",spam
Project ka deadline 2 din extend ho gaya hai.,ham
Kal football khelne jaana hai? Team ready hai.,ham
"Bahut thak gaya hoon aaj, ghar jaake sona hai.",ham
Bhai canteen mein milte hain lunch time pe.,ham
Bro WhatsApp ban hone wala hai tera - verify karne ke liye OTP forward kar.,spam
Dost State lottery mein ticket 4521 winner hai - 10 lakh ka prize claim kar aaj.,spam
"Bhai Sharma uncle bol rahe hain emergency hai, 10000 is account mein transfer kar do.",spam
"Papa salary account mein aa gayi, bills pay kar do.",ham
"Team lunch cancel hua, boss bahar hain aaj.",ham
Scooter servicing ke liye garage le jaao.,ham
"Neighbour ke yahan function hai, evening mein jaayenge.",ham
Yaar seriously KBC ne message kiya hai - tera number lucky draw mein aaya. 25 lakh jeet.,spam
Bro Amazon Pay se unauthorized 3200 gaye. Cancel karna hai to OTP share kar turant.,spam
Quarterly review next week schedule hui hai.,ham
"Annual leave apply ki hai, approve ho jayegi.",ham
"Raincoat le jaao, baarish ka forecast hai.",ham
"Bhai Sharma uncle bol rahe hain emergency hai, 10000 is account mein transfer kar do.",spam
"Interview 3 baje hai, thoda pehle pahunch jaana.",ham
Dost State lottery mein ticket 4521 winner hai - 10 lakh ka prize claim kar aaj.,spam
Scooter servicing ke liye garage le jaao.,ham
"Bhai main hospital mein hoon, phone kho gaya, please 5000 transfer kar do ye number pe.",spam
Project ka deadline 2 din extend ho gaya hai.,ham
Yaar driving license expire ho raha hai - online renew karo 150 fee ke saath.,spam
"Dost birthday party 7 baje hai, aana mat bhoolna.",ham
"Dost Jio ka message aaya - 1 saal ki free service mili hai, activate karne ke liye OTP de.",spam
"Client meeting postpone hui, Friday ko hogi.",ham
Congrats on promotion! Bahut mehnat ki tumne.,ham
"Client meeting postpone hui, Friday ko hogi.",ham
"Train 20 minutes late hai, platform 4 pe hai.",ham
Meeting 11 baje conference room mein hai.,ham
"Yaar UIDAI ka important message - tera Aadhaar kisi aur ke phone se link hua, fix kar.",spam
Project ka deadline 2 din extend ho gaya hai.,ham
"Doctor ka appointment 10 baje hai, saath chaloge?",ham
Chhotu homework kar liya? Aaj exam hai na.,ham
"Aaj ghar pe guests aa rahe hain, jaldi aa jaao.",ham
"Aaj baarish mein bhig gaya, maza aaya!",ham
"Beta raat ko thand hai, jacket pehen ke nikalna.",ham
"Client meeting postpone hui, Friday ko hogi.",ham
Bhai kal ka program confirm hai na? Time bata.,ham
Maa dadi ki dawai pharmacy se le aayi hoon.,ham
Kal football khelne jaana hai? Team ready hai.,ham
"Bhai Bank of Baroda ka message - FD mature ho gayi, 50k release karne ko 500 fee bhar.",spam
"Bahut thak gaya hoon aaj, ghar jaake sona hai.",ham
Office ka WiFi 2 ghante ke liye maintenance pe band.,ham
"Miss you dost, kab miloge?",ham
"Miss you dost, kab miloge?",ham
"Bhai passport seva - application pending hai, documents upload karo warna reject hoga.",spam
Chhotu homework kar liya? Aaj exam hai na.,ham
Exam mein ache marks aaye! Maa bahut khush hain.,ham
"Library book return karni hai, deadline hai.",ham
Bacche ka school kal band hai.,ham
"Yaar bahut mushkil mein hoon, 3000 chahiye abhi, ghar pahunchke return kar dunga pakka.",spam
"Neighbour ke yahan function hai, evening mein jaayenge.",ham
Yaar Reliance Digital contest mein jeet liya tune - register kar 1000 rupaye fee ke saath.,spam
"Take care bhai, travel safe.",ham
"Maa aaj late aaunga, raat ka khana mat rakhna.",ham
"Annual leave apply ki hai, approve ho jayegi.",ham
"Bhai Income Tax ne bheja message - 18500 ka refund pending hai, account details update kar.",spam
Meeting 11 baje conference room mein hai.,ham
"Bhai main hospital mein hoon, phone kho gaya, please 5000 transfer kar do ye number pe.",spam
"Yaar Google Pay se 1200 ka cashback mila hai tujhe, 24 ghante mein claim kar warna expire.",spam
Yaar Reliance Digital contest mein jeet liya tune - register kar 1000 rupaye fee ke saath.,spam
Bro Amazon Pay se unauthorized 3200 gaye. Cancel karna hai to OTP share kar turant.,spam
"Interview 3 baje hai, thoda pehle pahunch jaana.",ham
"Aaj ghar pe guests aa rahe hain, jaldi aa jaao.",ham
"Bhai SBI ne message bheja hai, account mein kuch problem hai. Is link pe ja: sbi-verify.net",spam
Congrats on promotion! Bahut mehnat ki tumne.,ham
"Beta raat ko thand hai, jacket pehen ke nikalna.",ham
"Yaar UIDAI ka important message - tera Aadhaar kisi aur ke phone se link hua, fix kar.",spam
"Maa aaj late aaunga, raat ka khana mat rakhna.",ham
"Take care bhai, travel safe.",ham
"Raincoat le jaao, baarish ka forecast hai.",ham
"Annual leave apply ki hai, approve ho jayegi.",ham
Didi tere liye Lucknow se mithai laya hoon.,ham
"Yaar bahut mushkil mein hoon, 3000 chahiye abhi, ghar pahunchke return kar dunga pakka.",spam
"Dost Jio ka message aaya - 1 saal ki free service mili hai, activate karne ke liye OTP de.",spam
"Train 20 minutes late hai, platform 4 pe hai.",ham
Bro Axis Bank ka alert - tera account se 8500 gaya. Agar tune nahi kiya to abhi call kar.,spam
"Interview 3 baje hai, thoda pehle pahunch jaana.",ham
Sir report aaj sham tak submit ho jayegi.,ham
Bhai kal ka program confirm hai na? Time bata.,ham
Didi tere liye Lucknow se mithai laya hoon.,ham
"Electricity bill 850 ka aaya, pay kar dena.",ham
Aaj bazar se doodh aur sabzi leke aana.,ham
"Team lunch cancel hua, boss bahar hain aaj.",ham
Bhai ghar ka light bill pay hua kya?,ham
Bhai kal ka program confirm hai na? Time bata.,ham
"Train 20 minutes late hai, platform 4 pe hai.",ham
"Dost UPI PIN 3 baar galat hua, account lock hone se pehle verify kar abhi.",spam
Bhai Zomato 5th anniversary pe 500 ka voucher mila hai - 2 ghante mein expire hoga.,spam
"ICICI ne warning di hai - net banking expire ho rahi hai, abhi renew kar warna block ho jayega.",spam
"Nayi job ka pehla din tha, colleagues ache hain.",ham
"Bahut thak gaya hoon aaj, ghar jaake sona hai.",ham
"Doctor ka appointment 10 baje hai, saath chaloge?",ham
Exam mein ache marks aaye! Maa bahut khush hain.,ham
"Bhai Bank of Baroda ka message - FD mature ho gayi, 50k release karne ko 500 fee bhar.",spam
Aaj ka din bahut acha tha! Bahut khush hoon.,ham
"Bhai SBI ne message bheja hai, account mein kuch problem hai. Is link pe ja: sbi-verify.net",spam
Office ka WiFi 2 ghante ke liye maintenance pe band.,ham
"Survey complete kiya tune, 3500 ka reward mila. Claim karne ke liye account details de.",spam
Chhotu homework kar liya? Aaj exam hai na.,ham
"Dost birthday party 7 baje hai, aana mat bhoolna.",ham
"Yaar project ki deadline kal hai, library mein milo.",ham
"Get well soon yaar, jaldi theek ho jaao.",ham
Papa gaadi ka insurance renew ho gaya.,ham
Maa dadi ki dawai pharmacy se le aayi hoon.,ham
"Yaar project ki deadline kal hai, library mein milo.",ham
"Dost, Paytm se message aaya - tera wallet hack hua. OTP share kar cancel karne ke liye.",spam
Dost Ayushman Bharat health card ready hai - activate karne ke liye Aadhaar OTP de.,spam
Dost internship ke liye apply kiya? Last date kal hai.,ham
"Maa aaj late aaunga, raat ka khana mat rakhna.",ham
"Yaar police case mein phans gaya hoon, 15000 chahiye vakeel ke liye, family ko mat batana.",spam
"Raincoat le jaao, baarish ka forecast hai.",ham
Exam mein ache marks aaye! Maa bahut khush hain.,ham
Bhai Amazon sale mein tu winner hai - MacBook jeet liya! Delivery ke liye 299 shipping bhar.,spam
Congrats on promotion! Bahut mehnat ki tumne.,ham
Dost Gmail account kisi aur device se access ho raha hai - turant password change kar.,spam
"Doctor ka appointment 10 baje hai, saath chaloge?",ham
Bhai kal ka program confirm hai na? Time bata.,ham
"Yaar Apple ID alert - iCloud storage full hai, data delete hone se pehle backup kar.",spam
"Yaar Apple ID alert - iCloud storage full hai, data delete hone se pehle backup kar.",spam
Yaar BSNL lucky draw mein tera number aaya hai - 5 lakh ka prize. Details bhej jaldi.,spam
"Dost UPI PIN 3 baar galat hua, account lock hone se pehle verify kar abhi.",spam
"Dost UPI PIN 3 baar galat hua, account lock hone se pehle verify kar abhi.",spam
Bacche ka school kal band hai.,ham
Meeting 11 baje conference room mein hai.,ham
"Yaar project ki deadline kal hai, library mein milo.",ham
Didi tere liye Lucknow se mithai laya hoon.,ham
"Bahut thak gaya hoon aaj, ghar jaake sona hai.",ham
Sir report aaj sham tak submit ho jayegi.,ham
"Nayi job ka pehla din tha, colleagues ache hain.",ham
"Library book return karni hai, deadline hai.",ham
Bhai ghar ka light bill pay hua kya?,ham
"Library book return karni hai, deadline hai.",ham
Aaj bazar se doodh aur sabzi leke aana.,ham
Bhai shaadi ki shopping kab karein jaayein?,ham
"Doctor ka appointment 10 baje hai, saath chaloge?",ham
"Library book return karni hai, deadline hai.",ham
Chhotu homework kar liya? Aaj exam hai na.,ham
"Yaar project ki deadline kal hai, library mein milo.",ham
Papa gaadi ka insurance renew ho gaya.,ham
"Train 20 minutes late hai, platform 4 pe hai.",ham
"Yaar bahut mushkil mein hoon, 3000 chahiye abhi, ghar pahunchke return kar dunga pakka.",spam
"Miss you dost, kab miloge?",ham
"Aaj ghar pe guests aa rahe hain, jaldi aa jaao.",ham
"Bhai Byjus mein teacher chahiye, monthly 40k - interview ke liye 200 ka form bharo.",spam
Bhai canteen mein milte hain lunch time pe.,ham
Didi tere liye Lucknow se mithai laya hoon.,ham
"Yaar project ki deadline kal hai, library mein milo.",ham
Yaar ghar baithe daily 2000 kamao - registration ke liye sirf 500 invest karo.,spam
Bhai kal ka program confirm hai na? Time bata.,ham
"Bhai Sharma uncle bol rahe hain emergency hai, 10000 is account mein transfer kar do.",spam
Bhai exam kaisa gaya? Result kab aayega?,ham
Didi tere liye Lucknow se mithai laya hoon.,ham
"Raincoat le jaao, baarish ka forecast hai.",ham
"Dost birthday party 7 baje hai, aana mat bhoolna.",ham
Happy Anniversary! Hamesha khush raho.,ham
Dost PM Awas Yojana mein tera naam hai - 2.5 lakh ki subsidy ke liye register kar aaj.,spam
Bro WhatsApp ban hone wala hai tera - verify karne ke liye OTP forward kar.,spam
Bhai shaadi ki shopping kab karein jaayein?,ham
Bhai canteen mein milte hain lunch time pe.,ham
Bhai canteen mein milte hain lunch time pe.,ham
"Nayi job ka pehla din tha, colleagues ache hain.",ham
"Dost birthday party 7 baje hai, aana mat bhoolna.",ham
"Yaar HDFC ka call aaya tha, bol rahe the tera account 2 din mein band hoga KYC ke bina.",spam
"Yaar mutual fund advisor - invest karo, annual 45% return pakka milega.",spam
Congrats on promotion! Bahut mehnat ki tumne.,ham
Sir report aaj sham tak submit ho jayegi.,ham
Yaar ghar baithe daily 2000 kamao - registration ke liye sirf 500 invest karo.,spam
Yaar tere phone mein dangerous virus hai - data safe karne ke liye ye app install kar.,spam
"Aaj ghar pe guests aa rahe hain, jaldi aa jaao.",ham
Bhai hostel ka mess food aaj bahut acha tha.,ham
Didi tere liye Lucknow se mithai laya hoon.,ham
Bhai ghar ka light bill pay hua kya?,ham
"Aaj baarish mein bhig gaya, maza aaya!",ham
"Bhai IRCTC - Tatkal ticket cancel ho gayi automatically, refund ke liye bank details confirm kar.",spam
Bacche ka school kal band hai.,ham
"Annual leave apply ki hai, approve ho jayegi.",ham
"Dost, Paytm se message aaya - tera wallet hack hua. OTP share kar cancel karne ke liye.",spam
"Nayi job ka pehla din tha, colleagues ache hain.",ham
Bhai canteen mein milte hain lunch time pe.,ham
Bhai exam kaisa gaya? Result kab aayega?,ham
"Beta raat ko thand hai, jacket pehen ke nikalna.",ham
New joiners ka orientation tomorrow morning hai.,ham
"Yaar HDFC ka call aaya tha, bol rahe the tera account 2 din mein band hoga KYC ke bina.",spam
"Bhai Byjus mein teacher chahiye, monthly 40k - interview ke liye 200 ka form bharo.",spam
Scooter servicing ke liye garage le jaao.,ham
"Raincoat le jaao, baarish ka forecast hai.",ham
Maa dadi ki dawai pharmacy se le aayi hoon.,ham
Bhai shaadi ki shopping kab karein jaayein?,ham
Kal football khelne jaana hai? Team ready hai.,ham
PhonePe alert aaya hai - suspicious login detect hua. Verify karne ke liye click kar.,spam
Sir report aaj sham tak submit ho jayegi.,ham
Quarterly review next week schedule hui hai.,ham
"Bhai Bank of Baroda ka message - FD mature ho gayi, 50k release karne ko 500 fee bhar.",spam
Yaar seriously KBC ne message kiya hai - tera number lucky draw mein aaya. 25 lakh jeet.,spam
"Dost birthday party 7 baje hai, aana mat bhoolna.",ham
"Get well soon yaar, jaldi theek ho jaao.",ham
Meeting 11 baje conference room mein hai.,ham
Bhai ghar ka light bill pay hua kya?,ham
"Miss you dost, kab miloge?",ham
Happy Anniversary! Hamesha khush raho.,ham
Scooter servicing ke liye garage le jaao.,ham
Congrats on promotion! Bahut mehnat ki tumne.,ham
"Yaar project ki deadline kal hai, library mein milo.",ham
Dost company mein kaam chahiye - interview ke liye 500 ka registration fee bhar.,spam
"Beta raat ko thand hai, jacket pehen ke nikalna.",ham
"Nayi job ka pehla din tha, colleagues ache hain.",ham
"Annual leave apply ki hai, approve ho jayegi.",ham
"Nayi job ka pehla din tha, colleagues ache hain.",ham
"Papa salary account mein aa gayi, bills pay kar do.",ham
Sir report aaj sham tak submit ho jayegi.,ham
Yaar driving license expire ho raha hai - online renew karo 150 fee ke saath.,spam
Congrats on promotion! Bahut mehnat ki tumne.,ham
New joiners ka orientation tomorrow morning hai.,ham
Project ka deadline 2 din extend ho gaya hai.,ham
"Dost Jio ka message aaya - 1 saal ki free service mili hai, activate karne ke liye OTP de.",spam
"Interview 3 baje hai, thoda pehle pahunch jaana.",ham
"Yaar semester ki marksheet aayi, ache marks hain.",ham
Bhai kal ka program confirm hai na? Time bata.,ham
"Team lunch cancel hua, boss bahar hain aaj.",ham
"Papa salary account mein aa gayi, bills pay kar do.",ham
"Miss you dost, kab miloge?",ham
"ICICI ne warning di hai - net banking expire ho rahi hai, abhi renew kar warna block ho jayega.",spam
"Take care bhai, travel safe.",ham
Bhai MLM business join karo - 5000 invest karo 50000 monthly kamao.,spam
Project ka deadline 2 din extend ho gaya hai.,ham
Yaar kal cricket match dekhne chalte hain maidan pe.,ham
Didi tere liye Lucknow se mithai laya hoon.,ham
"Yaar data entry job - ghar baithe 2-3 ghante, monthly 25k - training fee 1500.",spam
"Bro share market tips - 100% accurate calls, first 3 free, premium membership 2000 monthly.",spam
Scooter servicing ke liye garage le jaao.,ham
"Bhai online tutor chahiye - 500 per hour, registration ke liye 300 ka form.",spam
Project ka deadline 2 din extend ho gaya hai.,ham
"Yaar police case mein phans gaya hoon, 15000 chahiye vakeel ke liye, family ko mat batana.",spam
"Aaj ghar pe guests aa rahe hain, jaldi aa jaao.",ham
"Beta raat ko thand hai, jacket pehen ke nikalna.",ham
"Yaar UIDAI ka important message - tera Aadhaar kisi aur ke phone se link hua, fix kar.",spam
"Bhai Byjus mein teacher chahiye, monthly 40k - interview ke liye 200 ka form bharo.",spam
"Raincoat le jaao, baarish ka forecast hai.",ham
"Bro Amazon seller program - ghar baithe selling, 10k monthly guaranteed, join fee 2000.",spam
"Aaj baarish mein bhig gaya, maza aaya!",ham
Bhai exam kaisa gaya? Result kab aayega?,ham
Kal football khelne jaana hai? Team ready hai.,ham
Bhai canteen mein milte hain lunch time pe.,ham
"Bhai passport seva - application pending hai, documents upload karo warna reject hoga.",spam
"Raincoat le jaao, baarish ka forecast hai.",ham
Yaar kal cricket match dekhne chalte hain maidan pe.,ham
"Client meeting postpone hui, Friday ko hogi.",ham
Yaar kal cricket match dekhne chalte hain maidan pe.,ham
Bhai shaadi ki shopping kab karein jaayein?,ham
"Get well soon yaar, jaldi theek ho jaao.",ham
Yaar nayi movie dekhi? Reviews bahut ache hain.,ham
Quarterly review next week schedule hui hai.,ham
Yaar seriously KBC ne message kiya hai - tera number lucky draw mein aaya. 25 lakh jeet.,spam
"Doctor ka appointment 10 baje hai, saath chaloge?",ham
Bhai kal ka program confirm hai na? Time bata.,ham
Bhai exam kaisa gaya? Result kab aayega?,ham
Dost internship ke liye apply kiya? Last date kal hai.,ham
Dost internship ke liye apply kiya? Last date kal hai.,ham
Meeting 11 baje conference room mein hai.,ham
Papa gaadi ka insurance renew ho gaya.,ham
Office ka WiFi 2 ghante ke liye maintenance pe band.,ham
Bhai hostel ka mess food aaj bahut acha tha.,ham
Bhai kal ka program confirm hai na? Time bata.,ham
PhonePe alert aaya hai - suspicious login detect hua. Verify karne ke liye click kar.,spam
"Get well soon yaar, jaldi theek ho jaao.",ham
Quarterly review next week schedule hui hai.,ham
"Interview 3 baje hai, thoda pehle pahunch jaana.",ham
Sir report aaj sham tak submit ho jayegi.,ham
Bhai MLM business join karo - 5000 invest karo 50000 monthly kamao.,spam
"Aaj ghar pe guests aa rahe hain, jaldi aa jaao.",ham
"Papa salary account mein aa gayi, bills pay kar do.",ham
"Bhai Microsoft support - Windows license expire ho gayi, 800 mein renew karo.",spam
Yaar kal cricket match dekhne chalte hain maidan pe.,ham
"Neighbour ke yahan function hai, evening mein jaayenge.",ham
Happy Anniversary! Hamesha khush raho.,ham
Bhai MLM business join karo - 5000 invest karo 50000 monthly kamao.,spam
"Bro share market tips - 100% accurate calls, first 3 free, premium membership 2000 monthly.",spam
Dost company mein kaam chahiye - interview ke liye 500 ka registration fee bhar.,spam
Project ka deadline 2 din extend ho gaya hai.,ham
Yaar seriously KBC ne message kiya hai - tera number lucky draw mein aaya. 25 lakh jeet.,spam
Bacche ka school kal band hai.,ham
Didi tere liye Lucknow se mithai laya hoon.,ham
PhonePe alert aaya hai - suspicious login detect hua. Verify karne ke liye click kar.,spam
Project ka deadline 2 din extend ho gaya hai.,ham
Kal football khelne jaana hai? Team ready hai.,ham
New joiners ka orientation tomorrow morning hai.,ham
Chhotu homework kar liya? Aaj exam hai na.,ham
Aaj bazar se doodh aur sabzi leke aana.,ham
Papa gaadi ka insurance renew ho gaya.,ham
Papa gaadi ka insurance renew ho gaya.,ham
"Aaj ghar pe guests aa rahe hain, jaldi aa jaao.",ham
Quarterly review next week schedule hui hai.,ham
Happy Anniversary! Hamesha khush raho.,ham
"Beta raat ko thand hai, jacket pehen ke nikalna.",ham
Dost Ayushman Bharat health card ready hai - activate karne ke liye Aadhaar OTP de.,spam
"Electricity bill 850 ka aaya, pay kar dena.",ham
"Get well soon yaar, jaldi theek ho jaao.",ham
"Take care bhai, travel safe.",ham
Bhai kal ka program confirm hai na? Time bata.,ham
Meeting 11 baje conference room mein hai.,ham
"Yaar semester ki marksheet aayi, ache marks hain.",ham
"Get well soon yaar, jaldi theek ho jaao.",ham
Dost internship ke liye apply kiya? Last date kal hai.,ham
"Annual leave apply ki hai, approve ho jayegi.",ham
Yaar nayi movie dekhi? Reviews bahut ache hain.,ham
"Bro Amazon seller program - ghar baithe selling, 10k monthly guaranteed, join fee 2000.",spam
"Dost birthday party 7 baje hai, aana mat bhoolna.",ham
"Team lunch cancel hua, boss bahar hain aaj.",ham
"Bhai IRCTC - Tatkal ticket cancel ho gayi automatically, refund ke liye bank details confirm kar.",spam
"Bhai IRCTC - Tatkal ticket cancel ho gayi automatically, refund ke liye bank details confirm kar.",spam
Bhai canteen mein milte hain lunch time pe.,ham
"Client meeting postpone hui, Friday ko hogi.",ham
Bhai ghar ka light bill pay hua kya?,ham
Bro Amazon Pay se unauthorized 3200 gaye. Cancel karna hai to OTP share kar turant.,spam
"Dost birthday party 7 baje hai, aana mat bhoolna.",ham
Yaar seriously KBC ne message kiya hai - tera number lucky draw mein aaya. 25 lakh jeet.,spam
New joiners ka orientation tomorrow morning hai.,ham
"Miss you dost, kab miloge?",ham
Yaar tere phone mein dangerous virus hai - data safe karne ke liye ye app install kar.,spam
Kal football khelne jaana hai? Team ready hai.,ham
Chhotu homework kar liya? Aaj exam hai na.,ham
"Team lunch cancel hua, boss bahar hain aaj.",ham
"Bahut thak gaya hoon aaj, ghar jaake sona hai.",ham
"Dost UPI PIN 3 baar galat hua, account lock hone se pehle verify kar abhi.",spam
Bro election commission ka notice - voter ID update karna zaroori hai OTP ke saath.,spam
Bhai canteen mein milte hain lunch time pe.,ham
"Train 20 minutes late hai, platform 4 pe hai.",ham
"Aaj ghar pe guests aa rahe hain, jaldi aa jaao.",ham
"Bhai main hospital mein hoon, phone kho gaya, please 5000 transfer kar do ye number pe.",spam
Yaar ghar baithe daily 2000 kamao - registration ke liye sirf 500 invest karo.,spam
Meeting 11 baje conference room mein hai.,ham
"Bhai passport seva - application pending hai, documents upload karo warna reject hoga.",spam
Bro Amazon Pay se unauthorized 3200 gaye. Cancel karna hai to OTP share kar turant.,spam
"Library book return karni hai, deadline hai.",ham
Meeting 11 baje conference room mein hai.,ham
"Yaar police case mein phans gaya hoon, 15000 chahiye vakeel ke liye, family ko mat batana.",spam
Dost Gmail account kisi aur device se access ho raha hai - turant password change kar.,spam
"Yaar semester ki marksheet aayi, ache marks hain.",ham
Yaar ghar baithe daily 2000 kamao - registration ke liye sirf 500 invest karo.,spam
Office ka WiFi 2 ghante ke liye maintenance pe band.,ham
Quarterly review next week schedule hui hai.,ham
"Take care bhai, travel safe.",ham
Bro WhatsApp ban hone wala hai tera - verify karne ke liye OTP forward kar.,spam
Bhai hostel ka mess food aaj bahut acha tha.,ham
"Library book return karni hai, deadline hai.",ham
"Dost YouTube channel grow karo - 999 mein subscribers badhao, guaranteed results.",spam
Project ka deadline 2 din extend ho gaya hai.,ham
"Raincoat le jaao, baarish ka forecast hai.",ham
Exam mein ache marks aaye! Maa bahut khush hain.,ham
"Library book return karni hai, deadline hai.",ham
"Maa aaj late aaunga, raat ka khana mat rakhna.",ham
Project ka deadline 2 din extend ho gaya hai.,ham
Yaar driving license expire ho raha hai - online renew karo 150 fee ke saath.,spam
"ICICI ne warning di hai - net banking expire ho rahi hai, abhi renew kar warna block ho jayega.",spam
"Bhai main hospital mein hoon, phone kho gaya, please 5000 transfer kar do ye number pe.",spam
"Bro share market tips - 100% accurate calls, first 3 free, premium membership 2000 monthly.",spam
Sir report aaj sham tak submit ho jayegi.,ham
Bhai shaadi ki shopping kab karein jaayein?,ham
"Bhai passport seva - application pending hai, documents upload karo warna reject hoga.",spam
"Maa aaj late aaunga, raat ka khana mat rakhna.",ham
"Raincoat le jaao, baarish ka forecast hai.",ham
Kal football khelne jaana hai? Team ready hai.,ham
"Beta raat ko thand hai, jacket pehen ke nikalna.",ham
"Yaar bahut mushkil mein hoon, 3000 chahiye abhi, ghar pahunchke return kar dunga pakka.",spam
"Annual leave apply ki hai, approve ho jayegi.",ham
"Yaar Google Pay se 1200 ka cashback mila hai tujhe, 24 ghante mein claim kar warna expire.",spam
Dost internship ke liye apply kiya? Last date kal hai.,ham
Dost PM Awas Yojana mein tera naam hai - 2.5 lakh ki subsidy ke liye register kar aaj.,spam
"Nayi job ka pehla din tha, colleagues ache hain.",ham
"Library book return karni hai, deadline hai.",ham
"Bhai IRCTC - Tatkal ticket cancel ho gayi automatically, refund ke liye bank details confirm kar.",spam
"Aaj baarish mein bhig gaya, maza aaya!",ham
"Bahut thak gaya hoon aaj, ghar jaake sona hai.",ham
"Doctor ka appointment 10 baje hai, saath chaloge?",ham
"Yaar project ki deadline kal hai, library mein milo.",ham
Bacche ka school kal band hai.,ham
Kal football khelne jaana hai? Team ready hai.,ham
"Train 20 minutes late hai, platform 4 pe hai.",ham
"Bhai Bank of Baroda ka message - FD mature ho gayi, 50k release karne ko 500 fee bhar.",spam
Dost State lottery mein ticket 4521 winner hai - 10 lakh ka prize claim kar aaj.,spam
"Bro share market tips - 100% accurate calls, first 3 free, premium membership 2000 monthly.",spam
"Aaj baarish mein bhig gaya, maza aaya!",ham
Bhai ghar ka light bill pay hua kya?,ham
"Bro EPF department ka message - PF account mein error hai, 45000 release ke liye verify kar.",spam
Bhai kal ka program confirm hai na? Time bata.,ham
Bro WhatsApp ban hone wala hai tera - verify karne ke liye OTP forward kar.,spam
Aaj ka din bahut acha tha! Bahut khush hoon.,ham
Bhai MLM business join karo - 5000 invest karo 50000 monthly kamao.,spam
"Papa salary account mein aa gayi, bills pay kar do.",ham
"Beta raat ko thand hai, jacket pehen ke nikalna.",ham
New joiners ka orientation tomorrow morning hai.,ham
"Aaj ghar pe guests aa rahe hain, jaldi aa jaao.",ham
Bhai canteen mein milte hain lunch time pe.,ham
Sir report aaj sham tak submit ho jayegi.,ham
"Interview 3 baje hai, thoda pehle pahunch jaana.",ham
Bhai shaadi ki shopping kab karein jaayein?,ham
"Interview 3 baje hai, thoda pehle pahunch jaana.",ham
Scooter servicing ke liye garage le jaao.,ham
Bhai ghar ka light bill pay hua kya?,ham
"Train 20 minutes late hai, platform 4 pe hai.",ham
"Bhai SBI ne message bheja hai, account mein kuch problem hai. Is link pe ja: sbi-verify.net",spam
Yaar nayi movie dekhi? Reviews bahut ache hain.,ham
Yaar GST department ne penalty lagai hai 12000 ki - 7 din mein pay karo.,spam
Bhai exam kaisa gaya? Result kab aayega?,ham
"Dost wallet gum ho gaya station pe, 500 UPI kar do, aaj raat pakka return karunga.",spam
Yaar tere phone mein dangerous virus hai - data safe karne ke liye ye app install kar.,spam
"Doctor ka appointment 10 baje hai, saath chaloge?",ham
"Dost Jio ka message aaya - 1 saal ki free service mili hai, activate karne ke liye OTP de.",spam
Maa dadi ki dawai pharmacy se le aayi hoon.,ham
"Bahut thak gaya hoon aaj, ghar jaake sona hai.",ham
"Yaar bahut mushkil mein hoon, 3000 chahiye abhi, ghar pahunchke return kar dunga pakka.",spam
"Beta raat ko thand hai, jacket pehen ke nikalna.",ham
"Aaj ghar pe guests aa rahe hain, jaldi aa jaao.",ham
Bro Flipkart ne select kiya hai tujhe - surprise iPhone 15 jeet liya! Registration kar.,spam
Exam mein ache marks aaye! Maa bahut khush hain.,ham
"Get well soon yaar, jaldi theek ho jaao.",ham
Scooter servicing ke liye garage le jaao.,ham
"Papa salary account mein aa gayi, bills pay kar do.",ham
Dost company mein kaam chahiye - interview ke liye 500 ka registration fee bhar.,spam
"Bhai Income Tax ne bheja message - 18500 ka refund pending hai, account details update kar.",spam
Yaar nayi movie dekhi? Reviews bahut ache hain.,ham
"Yaar UIDAI ka important message - tera Aadhaar kisi aur ke phone se link hua, fix kar.",spam
Happy Anniversary! Hamesha khush raho.,ham
Project ka deadline 2 din extend ho gaya hai.,ham
"Team lunch cancel hua, boss bahar hain aaj.",ham
"Miss you dost, kab miloge?",ham
PhonePe alert aaya hai - suspicious login detect hua. Verify karne ke liye click kar.,spam
Aaj ka din bahut acha tha! Bahut khush hoon.,ham
"Neighbour ke yahan function hai, evening mein jaayenge.",ham
Yaar BSNL lucky draw mein tera number aaya hai - 5 lakh ka prize. Details bhej jaldi.,spam
"Get well soon yaar, jaldi theek ho jaao.",ham
Yaar ghar baithe daily 2000 kamao - registration ke liye sirf 500 invest karo.,spam
"Bahut thak gaya hoon aaj, ghar jaake sona hai.",ham
Aaj bazar se doodh aur sabzi leke aana.,ham
Kal football khelne jaana hai? Team ready hai.,ham
Congrats on promotion! Bahut mehnat ki tumne.,ham
Dost Gmail account kisi aur device se access ho raha hai - turant password change kar.,spam
Yaar driving license expire ho raha hai - online renew karo 150 fee ke saath.,spam
"Dost, Paytm se message aaya - tera wallet hack hua. OTP share kar cancel karne ke liye.",spam
"Aaj ghar pe guests aa rahe hain, jaldi aa jaao.",ham
Yaar BSNL lucky draw mein tera number aaya hai - 5 lakh ka prize. Details bhej jaldi.,spam
"Dost birthday party 7 baje hai, aana mat bhoolna.",ham
"Team lunch cancel hua, boss bahar hain aaj.",ham
"Yaar mutual fund advisor - invest karo, annual 45% return pakka milega.",spam
Bacche ka school kal band hai.,ham
Scooter servicing ke liye garage le jaao.,ham
Scooter servicing ke liye garage le jaao.,ham
"Get well soon yaar, jaldi theek ho jaao.",ham
Dost internship ke liye apply kiya? Last date kal hai.,ham
Aaj ka din bahut acha tha! Bahut khush hoon.,ham
"Nayi job ka pehla din tha, colleagues ache hain.",ham
"Yaar mutual fund advisor - invest karo, annual 45% return pakka milega.",spam
"Team lunch cancel hua, boss bahar hain aaj.",ham
Bhai exam kaisa gaya? Result kab aayega?,ham
"Bro Amazon seller program - ghar baithe selling, 10k monthly guaranteed, join fee 2000.",spam
Didi tere liye Lucknow se mithai laya hoon.,ham
Dost internship ke liye apply kiya? Last date kal hai.,ham
"Aaj baarish mein bhig gaya, maza aaya!",ham
"Yaar bahut mushkil mein hoon, 3000 chahiye abhi, ghar pahunchke return kar dunga pakka.",spam
"Yaar project ki deadline kal hai, library mein milo.",ham
Bacche ka school kal band hai.,ham
Dost State lottery mein ticket 4521 winner hai - 10 lakh ka prize claim kar aaj.,spam
Yaar kal cricket match dekhne chalte hain maidan pe.,ham
Aaj ka din bahut acha tha! Bahut khush hoon.,ham
Bhai hostel ka mess food aaj bahut acha tha.,ham
"Papa salary account mein aa gayi, bills pay kar do.",ham
"Nayi job ka pehla din tha, colleagues ache hain.",ham
Chhotu homework kar liya? Aaj exam hai na.,ham
"Bhai Sharma uncle bol rahe hain emergency hai, 10000 is account mein transfer kar do.",spam
"Bhai IRCTC - Tatkal ticket cancel ho gayi automatically, refund ke liye bank details confirm kar.",spam
"Bhai SBI ne message bheja hai, account mein kuch problem hai. Is link pe ja: sbi-verify.net",spam
"Bhai SBI ne message bheja hai, account mein kuch problem hai. Is link pe ja: sbi-verify.net",spam
Kal football khelne jaana hai? Team ready hai.,ham
"Bhai online tutor chahiye - 500 per hour, registration ke liye 300 ka form.",spam
"Yaar police case mein phans gaya hoon, 15000 chahiye vakeel ke liye, family ko mat batana.",spam
"Client meeting postpone hui, Friday ko hogi.",ham
Bhai kal ka program confirm hai na? Time bata.,ham
"Library book return karni hai, deadline hai.",ham
Bhai canteen mein milte hain lunch time pe.,ham
"Bahut thak gaya hoon aaj, ghar jaake sona hai.",ham
Bacche ka school kal band hai.,ham
"Miss you dost, kab miloge?",ham
"Interview 3 baje hai, thoda pehle pahunch jaana.",ham
Yaar ghar baithe daily 2000 kamao - registration ke liye sirf 500 invest karo.,spam
Yaar kal cricket match dekhne chalte hain maidan pe.,ham
Sir report aaj sham tak submit ho jayegi.,ham
Congrats on promotion! Bahut mehnat ki tumne.,ham
Kal football khelne jaana hai? Team ready hai.,ham
"Raincoat le jaao, baarish ka forecast hai.",ham
New joiners ka orientation tomorrow morning hai.,ham
"Bhai online tutor chahiye - 500 per hour, registration ke liye 300 ka form.",spam
"Bhai main hospital mein hoon, phone kho gaya, please 5000 transfer kar do ye number pe.",spam
"Nayi job ka pehla din tha, colleagues ache hain.",ham
Dost internship ke liye apply kiya? Last date kal hai.,ham
Chhotu homework kar liya? Aaj exam hai na.,ham
"Yaar police case mein phans gaya hoon, 15000 chahiye vakeel ke liye, family ko mat batana.",spam
Maa dadi ki dawai pharmacy se le aayi hoon.,ham
Bhai Amazon sale mein tu winner hai - MacBook jeet liya! Delivery ke liye 299 shipping bhar.,spam
Dost internship ke liye apply kiya? Last date kal hai.,ham
Maa dadi ki dawai pharmacy se le aayi hoon.,ham
"Bhai SBI ne message bheja hai, account mein kuch problem hai. Is link pe ja: sbi-verify.net",spam
"Annual leave apply ki hai, approve ho jayegi.",ham
"ICICI ne warning di hai - net banking expire ho rahi hai, abhi renew kar warna block ho jayega.",spam
"Yaar Apple ID alert - iCloud storage full hai, data delete hone se pehle backup kar.",spam
Aaj bazar se doodh aur sabzi leke aana.,ham
Congrats on promotion! Bahut mehnat ki tumne.,ham
Congrats on promotion! Bahut mehnat ki tumne.,ham
Yaar ghar baithe daily 2000 kamao - registration ke liye sirf 500 invest karo.,spam
Bro Axis Bank ka alert - tera account se 8500 gaya. Agar tune nahi kiya to abhi call kar.,spam
Office ka WiFi 2 ghante ke liye maintenance pe band.,ham
Aaj bazar se doodh aur sabzi leke aana.,ham
"Yaar project ki deadline kal hai, library mein milo.",ham
"Bhai online tutor chahiye - 500 per hour, registration ke liye 300 ka form.",spam
"Miss you dost, kab miloge?",ham
"Yaar HDFC ka call aaya tha, bol rahe the tera account 2 din mein band hoga KYC ke bina.",spam
"Bro EPF department ka message - PF account mein error hai, 45000 release ke liye verify kar.",spam
"Yaar HDFC ka call aaya tha, bol rahe the tera account 2 din mein band hoga KYC ke bina.",spam
Kal football khelne jaana hai? Team ready hai.,ham
"Miss you dost, kab miloge?",ham
Bhai kal ka program confirm hai na? Time bata.,ham
"Maa aaj late aaunga, raat ka khana mat rakhna.",ham
Sir report aaj sham tak submit ho jayegi.,ham
Yaar kal cricket match dekhne chalte hain maidan pe.,ham
"Take care bhai, travel safe.",ham
"Survey complete kiya tune, 3500 ka reward mila. Claim karne ke liye account details de.",spam
"Interview 3 baje hai, thoda pehle pahunch jaana.",ham
"Papa salary account mein aa gayi, bills pay kar do.",ham
New joiners ka orientation tomorrow morning hai.,ham
Dost Ayushman Bharat health card ready hai - activate karne ke liye Aadhaar OTP de.,spam
"Aaj ghar pe guests aa rahe hain, jaldi aa jaao.",ham
"Yaar bahut mushkil mein hoon, 3000 chahiye abhi, ghar pahunchke return kar dunga pakka.",spam
PhonePe alert aaya hai - suspicious login detect hua. Verify karne ke liye click kar.,spam
"Bro EPF department ka message - PF account mein error hai, 45000 release ke liye verify kar.",spam
Dost company mein kaam chahiye - interview ke liye 500 ka registration fee bhar.,spam
"Bhai Bank of Baroda ka message - FD mature ho gayi, 50k release karne ko 500 fee bhar.",spam
Bhai Zomato 5th anniversary pe 500 ka voucher mila hai - 2 ghante mein expire hoga.,spam
Yaar BSNL lucky draw mein tera number aaya hai - 5 lakh ka prize. Details bhej jaldi.,spam
Bhai hostel ka mess food aaj bahut acha tha.,ham
"Beta raat ko thand hai, jacket pehen ke nikalna.",ham
Project ka deadline 2 din extend ho gaya hai.,ham
Scooter servicing ke liye garage le jaao.,ham
Yaar ghar baithe daily 2000 kamao - registration ke liye sirf 500 invest karo.,spam
Exam mein ache marks aaye! Maa bahut khush hain.,ham
Aaj ka din bahut acha tha! Bahut khush hoon.,ham
"Yaar HDFC ka call aaya tha, bol rahe the tera account 2 din mein band hoga KYC ke bina.",spam
Bhai canteen mein milte hain lunch time pe.,ham
Scooter servicing ke liye garage le jaao.,ham
"Beta raat ko thand hai, jacket pehen ke nikalna.",ham
Bhai shaadi ki shopping kab karein jaayein?,ham
Bhai shaadi ki shopping kab karein jaayein?,ham
Bhai Amazon sale mein tu winner hai - MacBook jeet liya! Delivery ke liye 299 shipping bhar.,spam
Bro Swiggy ka lucky customer select hua tu - free meal voucher claim kar abhi.,spam
"Yaar mutual fund advisor - invest karo, annual 45% return pakka milega.",spam
Project ka deadline 2 din extend ho gaya hai.,ham
Congrats on promotion! Bahut mehnat ki tumne.,ham
Meeting 11 baje conference room mein hai.,ham
"Annual leave apply ki hai, approve ho jayegi.",ham
"Yaar HDFC ka call aaya tha, bol rahe the tera account 2 din mein band hoga KYC ke bina.",spam
Kal football khelne jaana hai? Team ready hai.,ham
"Library book return karni hai, deadline hai.",ham
"Team lunch cancel hua, boss bahar hain aaj.",ham
Exam mein ache marks aaye! Maa bahut khush hain.,ham
"Take care bhai, travel safe.",ham
Meeting 11 baje conference room mein hai.,ham
"Yaar project ki deadline kal hai, library mein milo.",ham
"Bahut thak gaya hoon aaj, ghar jaake sona hai.",ham
"Yaar bahut mushkil mein hoon, 3000 chahiye abhi, ghar pahunchke return kar dunga pakka.",spam
"Bhai SBI ne message bheja hai, account mein kuch problem hai. Is link pe ja: sbi-verify.net",spam
Bhai hostel ka mess food aaj bahut acha tha.,ham
"Doctor ka appointment 10 baje hai, saath chaloge?",ham
PhonePe alert aaya hai - suspicious login detect hua. Verify karne ke liye click kar.,spam
Scooter servicing ke liye garage le jaao.,ham
"Dost birthday party 7 baje hai, aana mat bhoolna.",ham
Exam mein ache marks aaye! Maa bahut khush hain.,ham
Bacche ka school kal band hai.,ham
"Yaar semester ki marksheet aayi, ache marks hain.",ham
Congrats on promotion! Bahut mehnat ki tumne.,ham
"Yaar semester ki marksheet aayi, ache marks hain.",ham
"Dost birthday party 7 baje hai, aana mat bhoolna.",ham
"Bhai IRCTC - Tatkal ticket cancel ho gayi automatically, refund ke liye bank details confirm kar.",spam
"Bhai Sharma uncle bol rahe hain emergency hai, 10000 is account mein transfer kar do.",spam
Exam mein ache marks aaye! Maa bahut khush hain.,ham
"Take care bhai, travel safe.",ham
Didi tere liye Lucknow se mithai laya hoon.,ham
Bacche ka school kal band hai.,ham
Quarterly review next week schedule hui hai.,ham
PhonePe alert aaya hai - suspicious login detect hua. Verify karne ke liye click kar.,spam
"Neighbour ke yahan function hai, evening mein jaayenge.",ham
"Dost crypto mein 1000 lagao, 30 din mein 15000 guaranteed milenge - trusted platform.",spam
"Take care bhai, travel safe.",ham
Yaar driving license expire ho raha hai - online renew karo 150 fee ke saath.,spam
"Papa salary account mein aa gayi, bills pay kar do.",ham
Yaar driving license expire ho raha hai - online renew karo 150 fee ke saath.,spam
Yaar Reliance Digital contest mein jeet liya tune - register kar 1000 rupaye fee ke saath.,spam
"Bhai IRCTC - Tatkal ticket cancel ho gayi automatically, refund ke liye bank details confirm kar.",spam
"Interview 3 baje hai, thoda pehle pahunch jaana.",ham
Bhai exam kaisa gaya? Result kab aayega?,ham
"Aaj ghar pe guests aa rahe hain, jaldi aa jaao.",ham
"Yaar semester ki marksheet aayi, ache marks hain.",ham
Yaar tere phone mein dangerous virus hai - data safe karne ke liye ye app install kar.,spam
Bro WhatsApp ban hone wala hai tera - verify karne ke liye OTP forward kar.,spam
Exam mein ache marks aaye! Maa bahut khush hain.,ham
Dost Ayushman Bharat health card ready hai - activate karne ke liye Aadhaar OTP de.,spam
"Train 20 minutes late hai, platform 4 pe hai.",ham
"Bhai main hospital mein hoon, phone kho gaya, please 5000 transfer kar do ye number pe.",spam
Papa gaadi ka insurance renew ho gaya.,ham
Congrats on promotion! Bahut mehnat ki tumne.,ham
Chhotu homework kar liya? Aaj exam hai na.,ham
"Dost wallet gum ho gaya station pe, 500 UPI kar do, aaj raat pakka return karunga.",spam
Yaar nayi movie dekhi? Reviews bahut ache hain.,ham
"Client meeting postpone hui, Friday ko hogi.",ham
"Aaj baarish mein bhig gaya, maza aaya!",ham
"Interview 3 baje hai, thoda pehle pahunch jaana.",ham
"Bro EPF department ka message - PF account mein error hai, 45000 release ke liye verify kar.",spam
Aaj bazar se doodh aur sabzi leke aana.,ham
"Bro share market tips - 100% accurate calls, first 3 free, premium membership 2000 monthly.",spam
PhonePe alert aaya hai - suspicious login detect hua. Verify karne ke liye click kar.,spam
Project ka deadline 2 din extend ho gaya hai.,ham
"Bhai Byjus mein teacher chahiye, monthly 40k - interview ke liye 200 ka form bharo.",spam
"Library book return karni hai, deadline hai.",ham
Chhotu homework kar liya? Aaj exam hai na.,ham
"Aaj ghar pe guests aa rahe hain, jaldi aa jaao.",ham
Sir report aaj sham tak submit ho jayegi.,ham
Bhai exam kaisa gaya? Result kab aayega?,ham
"Annual leave apply ki hai, approve ho jayegi.",ham
Quarterly review next week schedule hui hai.,ham
Exam mein ache marks aaye! Maa bahut khush hain.,ham
Dost internship ke liye apply kiya? Last date kal hai.,ham
"Yaar data entry job - ghar baithe 2-3 ghante, monthly 25k - training fee 1500.",spam
Congrats on promotion! Bahut mehnat ki tumne.,ham
Bhai Zomato 5th anniversary pe 500 ka voucher mila hai - 2 ghante mein expire hoga.,spam
"Team lunch cancel hua, boss bahar hain aaj.",ham
"Bhai passport seva - application pending hai, documents upload karo warna reject hoga.",spam
"Nayi job ka pehla din tha, colleagues ache hain.",ham
"Yaar Google Pay se 1200 ka cashback mila hai tujhe, 24 ghante mein claim kar warna expire.",spam
Bhai canteen mein milte hain lunch time pe.,ham
Yaar kal cricket match dekhne chalte hain maidan pe.,ham
Bro WhatsApp ban hone wala hai tera - verify karne ke liye OTP forward kar.,spam
"Annual leave apply ki hai, approve ho jayegi.",ham
Meeting 11 baje conference room mein hai.,ham
Bhai shaadi ki shopping kab karein jaayein?,ham
PhonePe alert aaya hai - suspicious login detect hua. Verify karne ke liye click kar.,spam
"Annual leave apply ki hai, approve ho jayegi.",ham
Yaar nayi movie dekhi? Reviews bahut ache hain.,ham
"Electricity bill 850 ka aaya, pay kar dena.",ham
Office ka WiFi 2 ghante ke liye maintenance pe band.,ham
Happy Anniversary! Hamesha khush raho.,ham
Yaar seriously KBC ne message kiya hai - tera number lucky draw mein aaya. 25 lakh jeet.,spam
"Doctor ka appointment 10 baje hai, saath chaloge?",ham
"Interview 3 baje hai, thoda pehle pahunch jaana.",ham
Meeting 11 baje conference room mein hai.,ham
Dost State lottery mein ticket 4521 winner hai - 10 lakh ka prize claim kar aaj.,spam
"Electricity bill 850 ka aaya, pay kar dena.",ham
Office ka WiFi 2 ghante ke liye maintenance pe band.,ham
"Nayi job ka pehla din tha, colleagues ache hain.",ham
New joiners ka orientation tomorrow morning hai.,ham
Bhai hostel ka mess food aaj bahut acha tha.,ham
"Aaj baarish mein bhig gaya, maza aaya!",ham
"Bahut thak gaya hoon aaj, ghar jaake sona hai.",ham
Dost PM Awas Yojana mein tera naam hai - 2.5 lakh ki subsidy ke liye register kar aaj.,spam
"Client meeting postpone hui, Friday ko hogi.",ham
Happy Anniversary! Hamesha khush raho.,ham
"Maa aaj late aaunga, raat ka khana mat rakhna.",ham
Bro Axis Bank ka alert - tera account se 8500 gaya. Agar tune nahi kiya to abhi call kar.,spam
Dost PM Awas Yojana mein tera naam hai - 2.5 lakh ki subsidy ke liye register kar aaj.,spam
"Beta raat ko thand hai, jacket pehen ke nikalna.",ham
"Bhai Income Tax ne bheja message - 18500 ka refund pending hai, account details update kar.",spam
"Dost UPI PIN 3 baar galat hua, account lock hone se pehle verify kar abhi.",spam
Bhai ghar ka light bill pay hua kya?,ham
"Yaar data entry job - ghar baithe 2-3 ghante, monthly 25k - training fee 1500.",spam
Project ka deadline 2 din extend ho gaya hai.,ham
"Take care bhai, travel safe.",ham
"Bro Amazon seller program - ghar baithe selling, 10k monthly guaranteed, join fee 2000.",spam
Bhai shaadi ki shopping kab karein jaayein?,ham
Yaar BSNL lucky draw mein tera number aaya hai - 5 lakh ka prize. Details bhej jaldi.,spam
Bro Swiggy ka lucky customer select hua tu - free meal voucher claim kar abhi.,spam
"Dost crypto mein 1000 lagao, 30 din mein 15000 guaranteed milenge - trusted platform.",spam
Yaar kal cricket match dekhne chalte hain maidan pe.,ham
New joiners ka orientation tomorrow morning hai.,ham
Dost company mein kaam chahiye - interview ke liye 500 ka registration fee bhar.,spam
"Bhai Sharma uncle bol rahe hain emergency hai, 10000 is account mein transfer kar do.",spam
Chhotu homework kar liya? Aaj exam hai na.,ham
"ICICI ne warning di hai - net banking expire ho rahi hai, abhi renew kar warna block ho jayega.",spam
"Bhai SBI ne message bheja hai, account mein kuch problem hai. Is link pe ja: sbi-verify.net",spam
"Bhai passport seva - application pending hai, documents upload karo warna reject hoga.",spam
Maa dadi ki dawai pharmacy se le aayi hoon.,ham
"Beta raat ko thand hai, jacket pehen ke nikalna.",ham
"Dost YouTube channel grow karo - 999 mein subscribers badhao, guaranteed results.",spam
Yaar nayi movie dekhi? Reviews bahut ache hain.,ham
"Dost crypto mein 1000 lagao, 30 din mein 15000 guaranteed milenge - trusted platform.",spam
"Yaar semester ki marksheet aayi, ache marks hain.",ham
Scooter servicing ke liye garage le jaao.,ham
"Client meeting postpone hui, Friday ko hogi.",ham
Bro Axis Bank ka alert - tera account se 8500 gaya. Agar tune nahi kiya to abhi call kar.,spam
"Dost Jio ka message aaya - 1 saal ki free service mili hai, activate karne ke liye OTP de.",spam
"Electricity bill 850 ka aaya, pay kar dena.",ham
"Yaar bahut mushkil mein hoon, 3000 chahiye abhi, ghar pahunchke return kar dunga pakka.",spam
"Yaar semester ki marksheet aayi, ache marks hain.",ham
"Raincoat le jaao, baarish ka forecast hai.",ham
Project ka deadline 2 din extend ho gaya hai.,ham
Congrats on promotion! Bahut mehnat ki tumne.,ham
Dost PM Awas Yojana mein tera naam hai - 2.5 lakh ki subsidy ke liye register kar aaj.,spam
"Aaj baarish mein bhig gaya, maza aaya!",ham
Bhai ghar ka light bill pay hua kya?,ham
Bhai canteen mein milte hain lunch time pe.,ham
Bhai hostel ka mess food aaj bahut acha tha.,ham
"Nayi job ka pehla din tha, colleagues ache hain.",ham
Bhai canteen mein milte hain lunch time pe.,ham
"Yaar police case mein phans gaya hoon, 15000 chahiye vakeel ke liye, family ko mat batana.",spam
Yaar nayi movie dekhi? Reviews bahut ache hain.,ham
Quarterly review next week schedule hui hai.,ham
Congrats on promotion! Bahut mehnat ki tumne.,ham
Bhai shaadi ki shopping kab karein jaayein?,ham
Exam mein ache marks aaye! Maa bahut khush hain.,ham
Dost PM Awas Yojana mein tera naam hai - 2.5 lakh ki subsidy ke liye register kar aaj.,spam
"Dost Jio ka message aaya - 1 saal ki free service mili hai, activate karne ke liye OTP de.",spam
Dost Gmail account kisi aur device se access ho raha hai - turant password change kar.,spam
"Interview 3 baje hai, thoda pehle pahunch jaana.",ham
Bhai canteen mein milte hain lunch time pe.,ham
Yaar ghar baithe daily 2000 kamao - registration ke liye sirf 500 invest karo.,spam
Aaj bazar se doodh aur sabzi leke aana.,ham
"Yaar Google Pay se 1200 ka cashback mila hai tujhe, 24 ghante mein claim kar warna expire.",spam
Dost Gmail account kisi aur device se access ho raha hai - turant password change kar.,spam
Bro Axis Bank ka alert - tera account se 8500 gaya. Agar tune nahi kiya to abhi call kar.,spam
"Bro EPF department ka message - PF account mein error hai, 45000 release ke liye verify kar.",spam
"Dost wallet gum ho gaya station pe, 500 UPI kar do, aaj raat pakka return karunga.",spam
Bhai ghar ka light bill pay hua kya?,ham
"Team lunch cancel hua, boss bahar hain aaj.",ham
Bhai canteen mein milte hain lunch time pe.,ham
Bhai hostel ka mess food aaj bahut acha tha.,ham
"Papa salary account mein aa gayi, bills pay kar do.",ham
"Raincoat le jaao, baarish ka forecast hai.",ham
Dost PM Awas Yojana mein tera naam hai - 2.5 lakh ki subsidy ke liye register kar aaj.,spam
"Papa salary account mein aa gayi, bills pay kar do.",ham
"Take care bhai, travel safe.",ham
"Nayi job ka pehla din tha, colleagues ache hain.",ham
Yaar tere phone mein dangerous virus hai - data safe karne ke liye ye app install kar.,spam
"Survey complete kiya tune, 3500 ka reward mila. Claim karne ke liye account details de.",spam
Bro Flipkart ne select kiya hai tujhe - surprise iPhone 15 jeet liya! Registration kar.,spam
"Papa salary account mein aa gayi, bills pay kar do.",ham
"Train 20 minutes late hai, platform 4 pe hai.",ham
"Interview 3 baje hai, thoda pehle pahunch jaana.",ham
Scooter servicing ke liye garage le jaao.,ham
Happy Anniversary! Hamesha khush raho.,ham
"Yaar semester ki marksheet aayi, ache marks hain.",ham
"Yaar mutual fund advisor - invest karo, annual 45% return pakka milega.",spam
Quarterly review next week schedule hui hai.,ham
"Interview 3 baje hai, thoda pehle pahunch jaana.",ham
Bhai exam kaisa gaya? Result kab aayega?,ham
"Dost crypto mein 1000 lagao, 30 din mein 15000 guaranteed milenge - trusted platform.",spam
"Interview 3 baje hai, thoda pehle pahunch jaana.",ham
Scooter servicing ke liye garage le jaao.,ham
Sir report aaj sham tak submit ho jayegi.,ham
Meeting 11 baje conference room mein hai.,ham
Dost State lottery mein ticket 4521 winner hai - 10 lakh ka prize claim kar aaj.,spam
Dost company mein kaam chahiye - interview ke liye 500 ka registration fee bhar.,spam
Bhai Zomato 5th anniversary pe 500 ka voucher mila hai - 2 ghante mein expire hoga.,spam
Yaar tere phone mein dangerous virus hai - data safe karne ke liye ye app install kar.,spam
"Bhai Byjus mein teacher chahiye, monthly 40k - interview ke liye 200 ka form bharo.",spam
Project ka deadline 2 din extend ho gaya hai.,ham
Didi tere liye Lucknow se mithai laya hoon.,ham
"Maa aaj late aaunga, raat ka khana mat rakhna.",ham
"Team lunch cancel hua, boss bahar hain aaj.",ham
"Yaar mutual fund advisor - invest karo, annual 45% return pakka milega.",spam
"Electricity bill 850 ka aaya, pay kar dena.",ham
"Dost birthday party 7 baje hai, aana mat bhoolna.",ham
Papa gaadi ka insurance renew ho gaya.,ham
Dost Ayushman Bharat health card ready hai - activate karne ke liye Aadhaar OTP de.,spam
"Bhai Byjus mein teacher chahiye, monthly 40k - interview ke liye 200 ka form bharo.",spam
"Maa aaj late aaunga, raat ka khana mat rakhna.",ham
"Nayi job ka pehla din tha, colleagues ache hain.",ham
Kal football khelne jaana hai? Team ready hai.,ham
"Yaar UIDAI ka important message - tera Aadhaar kisi aur ke phone se link hua, fix kar.",spam
"Beta raat ko thand hai, jacket pehen ke nikalna.",ham
Yaar nayi movie dekhi? Reviews bahut ache hain.,ham
"Take care bhai, travel safe.",ham
Yaar tere phone mein dangerous virus hai - data safe karne ke liye ye app install kar.,spam
"Annual leave apply ki hai, approve ho jayegi.",ham
Yaar BSNL lucky draw mein tera number aaya hai - 5 lakh ka prize. Details bhej jaldi.,spam
Bro Swiggy ka lucky customer select hua tu - free meal voucher claim kar abhi.,spam
New joiners ka orientation tomorrow morning hai.,ham
Dost PM Awas Yojana mein tera naam hai - 2.5 lakh ki subsidy ke liye register kar aaj.,spam
"Bhai online tutor chahiye - 500 per hour, registration ke liye 300 ka form.",spam
Yaar Reliance Digital contest mein jeet liya tune - register kar 1000 rupaye fee ke saath.,spam
Bhai hostel ka mess food aaj bahut acha tha.,ham
"Annual leave apply ki hai, approve ho jayegi.",ham
Yaar kal cricket match dekhne chalte hain maidan pe.,ham
"Take care bhai, travel safe.",ham
Chhotu homework kar liya? Aaj exam hai na.,ham
Bhai shaadi ki shopping kab karein jaayein?,ham
Bacche ka school kal band hai.,ham
"Nayi job ka pehla din tha, colleagues ache hain.",ham
"Nayi job ka pehla din tha, colleagues ache hain.",ham
Bhai hostel ka mess food aaj bahut acha tha.,ham
Papa gaadi ka insurance renew ho gaya.,ham
Exam mein ache marks aaye! Maa bahut khush hain.,ham
"Train 20 minutes late hai, platform 4 pe hai.",ham
"Bahut thak gaya hoon aaj, ghar jaake sona hai.",ham
Yaar driving license expire ho raha hai - online renew karo 150 fee ke saath.,spam
"Electricity bill 850 ka aaya, pay kar dena.",ham
"Nayi job ka pehla din tha, colleagues ache hain.",ham
"Bahut thak gaya hoon aaj, ghar jaake sona hai.",ham
"Yaar Google Pay se 1200 ka cashback mila hai tujhe, 24 ghante mein claim kar warna expire.",spam
"Nayi job ka pehla din tha, colleagues ache hain.",ham
Bhai shaadi ki shopping kab karein jaayein?,ham
Happy Anniversary! Hamesha khush raho.,ham
"Bhai online tutor chahiye - 500 per hour, registration ke liye 300 ka form.",spam
Bhai kal ka program confirm hai na? Time bata.,ham
"Yaar project ki deadline kal hai, library mein milo.",ham
"Bhai Microsoft support - Windows license expire ho gayi, 800 mein renew karo.",spam
"Dost UPI PIN 3 baar galat hua, account lock hone se pehle verify kar abhi.",spam
Happy Anniversary! Hamesha khush raho.,ham
Maa dadi ki dawai pharmacy se le aayi hoon.,ham
Papa gaadi ka insurance renew ho gaya.,ham
Bacche ka school kal band hai.,ham
Bhai canteen mein milte hain lunch time pe.,ham
Aaj ka din bahut acha tha! Bahut khush hoon.,ham
"Survey complete kiya tune, 3500 ka reward mila. Claim karne ke liye account details de.",spam
"Client meeting postpone hui, Friday ko hogi.",ham
"Yaar UIDAI ka important message - tera Aadhaar kisi aur ke phone se link hua, fix kar.",spam
"Yaar police case mein phans gaya hoon, 15000 chahiye vakeel ke liye, family ko mat batana.",spam
"Survey complete kiya tune, 3500 ka reward mila. Claim karne ke liye account details de.",spam
"Take care bhai, travel safe.",ham
Sir report aaj sham tak submit ho jayegi.,ham
Aaj bazar se doodh aur sabzi leke aana.,ham
"Survey complete kiya tune, 3500 ka reward mila. Claim karne ke liye account details de.",spam
Congrats on promotion! Bahut mehnat ki tumne.,ham
Project ka deadline 2 din extend ho gaya hai.,ham
"Team lunch cancel hua, boss bahar hain aaj.",ham
"Client meeting postpone hui, Friday ko hogi.",ham
Yaar driving license expire ho raha hai - online renew karo 150 fee ke saath.,spam
Bhai hostel ka mess food aaj bahut acha tha.,ham
Dost company mein kaam chahiye - interview ke liye 500 ka registration fee bhar.,spam
"Electricity bill 850 ka aaya, pay kar dena.",ham
Yaar tere phone mein dangerous virus hai - data safe karne ke liye ye app install kar.,spam
"Yaar mutual fund advisor - invest karo, annual 45% return pakka milega.",spam
"Bahut thak gaya hoon aaj, ghar jaake sona hai.",ham
"Annual leave apply ki hai, approve ho jayegi.",ham
"Bhai Microsoft support - Windows license expire ho gayi, 800 mein renew karo.",spam
"Yaar HDFC ka call aaya tha, bol rahe the tera account 2 din mein band hoga KYC ke bina.",spam
"Annual leave apply ki hai, approve ho jayegi.",ham
Bacche ka school kal band hai.,ham
Bhai ghar ka light bill pay hua kya?,ham
"Bro Amazon seller program - ghar baithe selling, 10k monthly guaranteed, join fee 2000.",spam
Bhai exam kaisa gaya? Result kab aayega?,ham
"Electricity bill 850 ka aaya, pay kar dena.",ham
Office ka WiFi 2 ghante ke liye maintenance pe band.,ham
"Yaar Google Pay se 1200 ka cashback mila hai tujhe, 24 ghante mein claim kar warna expire.",spam
"Bhai main hospital mein hoon, phone kho gaya, please 5000 transfer kar do ye number pe.",spam
"Electricity bill 850 ka aaya, pay kar dena.",ham
"Yaar semester ki marksheet aayi, ache marks hain.",ham
Aaj bazar se doodh aur sabzi leke aana.,ham
"Bhai SBI ne message bheja hai, account mein kuch problem hai. Is link pe ja: sbi-verify.net",spam
"Neighbour ke yahan function hai, evening mein jaayenge.",ham
"Yaar data entry job - ghar baithe 2-3 ghante, monthly 25k - training fee 1500.",spam
New joiners ka orientation tomorrow morning hai.,ham
"Yaar bahut mushkil mein hoon, 3000 chahiye abhi, ghar pahunchke return kar dunga pakka.",spam
Dost internship ke liye apply kiya? Last date kal hai.,ham
Office ka WiFi 2 ghante ke liye maintenance pe band.,ham
"Neighbour ke yahan function hai, evening mein jaayenge.",ham
"Bhai main hospital mein hoon, phone kho gaya, please 5000 transfer kar do ye number pe.",spam
"Dost Jio ka message aaya - 1 saal ki free service mili hai, activate karne ke liye OTP de.",spam
Bacche ka school kal band hai.,ham
"Yaar data entry job - ghar baithe 2-3 ghante, monthly 25k - training fee 1500.",spam
"Neighbour ke yahan function hai, evening mein jaayenge.",ham
"Survey complete kiya tune, 3500 ka reward mila. Claim karne ke liye account details de.",spam
"Yaar semester ki marksheet aayi, ache marks hain.",ham
New joiners ka orientation tomorrow morning hai.,ham
"Raincoat le jaao, baarish ka forecast hai.",ham
"Bhai passport seva - application pending hai, documents upload karo warna reject hoga.",spam
"ICICI ne warning di hai - net banking expire ho rahi hai, abhi renew kar warna block ho jayega.",spam
Bhai Zomato 5th anniversary pe 500 ka voucher mila hai - 2 ghante mein expire hoga.,spam
Yaar driving license expire ho raha hai - online renew karo 150 fee ke saath.,spam
New joiners ka orientation tomorrow morning hai.,ham
"Get well soon yaar, jaldi theek ho jaao.",ham
"Nayi job ka pehla din tha, colleagues ache hain.",ham
Quarterly review next week schedule hui hai.,ham
"Neighbour ke yahan function hai, evening mein jaayenge.",ham
Papa gaadi ka insurance renew ho gaya.,ham
Bhai Amazon sale mein tu winner hai - MacBook jeet liya! Delivery ke liye 299 shipping bhar.,spam
Bhai kal ka program confirm hai na? Time bata.,ham
"Interview 3 baje hai, thoda pehle pahunch jaana.",ham
Yaar Reliance Digital contest mein jeet liya tune - register kar 1000 rupaye fee ke saath.,spam
Bro Axis Bank ka alert - tera account se 8500 gaya. Agar tune nahi kiya to abhi call kar.,spam
Bro WhatsApp ban hone wala hai tera - verify karne ke liye OTP forward kar.,spam
Office ka WiFi 2 ghante ke liye maintenance pe band.,ham
"Miss you dost, kab miloge?",ham
"Bhai Byjus mein teacher chahiye, monthly 40k - interview ke liye 200 ka form bharo.",spam
Bhai MLM business join karo - 5000 invest karo 50000 monthly kamao.,spam
"Bahut thak gaya hoon aaj, ghar jaake sona hai.",ham
Bhai kal ka program confirm hai na? Time bata.,ham
Dost Gmail account kisi aur device se access ho raha hai - turant password change kar.,spam
"Yaar HDFC ka call aaya tha, bol rahe the tera account 2 din mein band hoga KYC ke bina.",spam
"Papa salary account mein aa gayi, bills pay kar do.",ham
Yaar GST department ne penalty lagai hai 12000 ki - 7 din mein pay karo.,spam
Bhai canteen mein milte hain lunch time pe.,ham
"ICICI ne warning di hai - net banking expire ho rahi hai, abhi renew kar warna block ho jayega.",spam
"Yaar semester ki marksheet aayi, ache marks hain.",ham
Project ka deadline 2 din extend ho gaya hai.,ham
Yaar Reliance Digital contest mein jeet liya tune - register kar 1000 rupaye fee ke saath.,spam
"Yaar bahut mushkil mein hoon, 3000 chahiye abhi, ghar pahunchke return kar dunga pakka.",spam
"Annual leave apply ki hai, approve ho jayegi.",ham
"Interview 3 baje hai, thoda pehle pahunch jaana.",ham
Meeting 11 baje conference room mein hai.,ham
Dost Gmail account kisi aur device se access ho raha hai - turant password change kar.,spam
"Yaar Apple ID alert - iCloud storage full hai, data delete hone se pehle backup kar.",spam
Bacche ka school kal band hai.,ham
"Dost crypto mein 1000 lagao, 30 din mein 15000 guaranteed milenge - trusted platform.",spam
Bacche ka school kal band hai.,ham
"Aaj ghar pe guests aa rahe hain, jaldi aa jaao.",ham
Aaj ka din bahut acha tha! Bahut khush hoon.,ham
"Doctor ka appointment 10 baje hai, saath chaloge?",ham
Happy Anniversary! Hamesha khush raho.,ham
Dost internship ke liye apply kiya? Last date kal hai.,ham
"Train 20 minutes late hai, platform 4 pe hai.",ham
"Interview 3 baje hai, thoda pehle pahunch jaana.",ham
"Electricity bill 850 ka aaya, pay kar dena.",ham
Bhai kal ka program confirm hai na? Time bata.,ham
"Yaar semester ki marksheet aayi, ache marks hain.",ham
"Nayi job ka pehla din tha, colleagues ache hain.",ham
Didi tere liye Lucknow se mithai laya hoon.,ham
"Bahut thak gaya hoon aaj, ghar jaake sona hai.",ham
"Team lunch cancel hua, boss bahar hain aaj.",ham
Bhai ghar ka light bill pay hua kya?,ham
"Annual leave apply ki hai, approve ho jayegi.",ham
Papa gaadi ka insurance renew ho gaya.,ham
"Neighbour ke yahan function hai, evening mein jaayenge.",ham
"Library book return karni hai, deadline hai.",ham
"Nayi job ka pehla din tha, colleagues ache hain.",ham
Didi tere liye Lucknow se mithai laya hoon.,ham
"Raincoat le jaao, baarish ka forecast hai.",ham
Maa dadi ki dawai pharmacy se le aayi hoon.,ham
Meeting 11 baje conference room mein hai.,ham
"Yaar project ki deadline kal hai, library mein milo.",ham
"Take care bhai, travel safe.",ham
Aaj bazar se doodh aur sabzi leke aana.,ham
"Team lunch cancel hua, boss bahar hain aaj.",ham
"Nayi job ka pehla din tha, colleagues ache hain.",ham
"Annual leave apply ki hai, approve ho jayegi.",ham
"Maa aaj late aaunga, raat ka khana mat rakhna.",ham
Dost internship ke liye apply kiya? Last date kal hai.,ham
"Maa aaj late aaunga, raat ka khana mat rakhna.",ham
Dost internship ke liye apply kiya? Last date kal hai.,ham
"Yaar semester ki marksheet aayi, ache marks hain.",ham
New joiners ka orientation tomorrow morning hai.,ham
"Maa aaj late aaunga, raat ka khana mat rakhna.",ham
"Neighbour ke yahan function hai, evening mein jaayenge.",ham
"Team lunch cancel hua, boss bahar hain aaj.",ham
"Raincoat le jaao, baarish ka forecast hai.",ham
"Client meeting postpone hui, Friday ko hogi.",ham
Bro Swiggy ka lucky customer select hua tu - free meal voucher claim kar abhi.,spam
Bhai exam kaisa gaya? Result kab aayega?,ham
Bhai exam kaisa gaya? Result kab aayega?,ham
Yaar GST department ne penalty lagai hai 12000 ki - 7 din mein pay karo.,spam
Bro Axis Bank ka alert - tera account se 8500 gaya. Agar tune nahi kiya to abhi call kar.,spam
"Bhai Sharma uncle bol rahe hain emergency hai, 10000 is account mein transfer kar do.",spam
"Electricity bill 850 ka aaya, pay kar dena.",ham
"Electricity bill 850 ka aaya, pay kar dena.",ham
Kal football khelne jaana hai? Team ready hai.,ham
Aaj bazar se doodh aur sabzi leke aana.,ham
"Take care bhai, travel safe.",ham
"Raincoat le jaao, baarish ka forecast hai.",ham
"Yaar Apple ID alert - iCloud storage full hai, data delete hone se pehle backup kar.",spam
"Papa salary account mein aa gayi, bills pay kar do.",ham
Quarterly review next week schedule hui hai.,ham
"Nayi job ka pehla din tha, colleagues ache hain.",ham
Bhai Zomato 5th anniversary pe 500 ka voucher mila hai - 2 ghante mein expire hoga.,spam
Dost Ayushman Bharat health card ready hai - activate karne ke liye Aadhaar OTP de.,spam
Chhotu homework kar liya? Aaj exam hai na.,ham
Bhai kal ka program confirm hai na? Time bata.,ham
"Bhai passport seva - application pending hai, documents upload karo warna reject hoga.",spam
Chhotu homework kar liya? Aaj exam hai na.,ham
"Library book return karni hai, deadline hai.",ham
Yaar BSNL lucky draw mein tera number aaya hai - 5 lakh ka prize. Details bhej jaldi.,spam
"Bhai Sharma uncle bol rahe hain emergency hai, 10000 is account mein transfer kar do.",spam
"Client meeting postpone hui, Friday ko hogi.",ham
Bro Axis Bank ka alert - tera account se 8500 gaya. Agar tune nahi kiya to abhi call kar.,spam
Bro Swiggy ka lucky customer select hua tu - free meal voucher claim kar abhi.,spam
"Dost birthday party 7 baje hai, aana mat bhoolna.",ham
Happy Anniversary! Hamesha khush raho.,ham
"Bhai Bank of Baroda ka message - FD mature ho gayi, 50k release karne ko 500 fee bhar.",spam
"Raincoat le jaao, baarish ka forecast hai.",ham
Dost internship ke liye apply kiya? Last date kal hai.,ham
Yaar kal cricket match dekhne chalte hain maidan pe.,ham
Maa dadi ki dawai pharmacy se le aayi hoon.,ham
Yaar GST department ne penalty lagai hai 12000 ki - 7 din mein pay karo.,spam
"Bhai main hospital mein hoon, phone kho gaya, please 5000 transfer kar do ye number pe.",spam
Aaj bazar se doodh aur sabzi leke aana.,ham
"Maa aaj late aaunga, raat ka khana mat rakhna.",ham
Aaj ka din bahut acha tha! Bahut khush hoon.,ham
Yaar nayi movie dekhi? Reviews bahut ache hain.,ham
Happy Anniversary! Hamesha khush raho.,ham
Yaar nayi movie dekhi? Reviews bahut ache hain.,ham
"Annual leave apply ki hai, approve ho jayegi.",ham
"Annual leave apply ki hai, approve ho jayegi.",ham
Dost internship ke liye apply kiya? Last date kal hai.,ham
"Raincoat le jaao, baarish ka forecast hai.",ham
"Library book return karni hai, deadline hai.",ham
"Bhai Sharma uncle bol rahe hain emergency hai, 10000 is account mein transfer kar do.",spam
"Yaar HDFC ka call aaya tha, bol rahe the tera account 2 din mein band hoga KYC ke bina.",spam
Kal football khelne jaana hai? Team ready hai.,ham
"Aaj ghar pe guests aa rahe hain, jaldi aa jaao.",ham
Bhai Amazon sale mein tu winner hai - MacBook jeet liya! Delivery ke liye 299 shipping bhar.,spam
Happy Anniversary! Hamesha khush raho.,ham
"Papa salary account mein aa gayi, bills pay kar do.",ham
Bhai kal ka program confirm hai na? Time bata.,ham
"Electricity bill 850 ka aaya, pay kar dena.",ham
Project ka deadline 2 din extend ho gaya hai.,ham
"Yaar police case mein phans gaya hoon, 15000 chahiye vakeel ke liye, family ko mat batana.",spam
Yaar driving license expire ho raha hai - online renew karo 150 fee ke saath.,spam
Bhai hostel ka mess food aaj bahut acha tha.,ham
"Yaar HDFC ka call aaya tha, bol rahe the tera account 2 din mein band hoga KYC ke bina.",spam
Office ka WiFi 2 ghante ke liye maintenance pe band.,ham
Bhai shaadi ki shopping kab karein jaayein?,ham
"Bhai passport seva - application pending hai, documents upload karo warna reject hoga.",spam
"Maa aaj late aaunga, raat ka khana mat rakhna.",ham
Bacche ka school kal band hai.,ham
"Aaj ghar pe guests aa rahe hain, jaldi aa jaao.",ham
"Bhai SBI ne message bheja hai, account mein kuch problem hai. Is link pe ja: sbi-verify.net",spam
Sir report aaj sham tak submit ho jayegi.,ham
Meeting 11 baje conference room mein hai.,ham
"Neighbour ke yahan function hai, evening mein jaayenge.",ham
"Interview 3 baje hai, thoda pehle pahunch jaana.",ham
"Interview 3 baje hai, thoda pehle pahunch jaana.",ham
"Electricity bill 850 ka aaya, pay kar dena.",ham
"Survey complete kiya tune, 3500 ka reward mila. Claim karne ke liye account details de.",spam
"Dost, Paytm se message aaya - tera wallet hack hua. OTP share kar cancel karne ke liye.",spam
Yaar seriously KBC ne message kiya hai - tera number lucky draw mein aaya. 25 lakh jeet.,spam
Sir report aaj sham tak submit ho jayegi.,ham
Aaj ka din bahut acha tha! Bahut khush hoon.,ham
"Survey complete kiya tune, 3500 ka reward mila. Claim karne ke liye account details de.",spam
Dost State lottery mein ticket 4521 winner hai - 10 lakh ka prize claim kar aaj.,spam
Bhai ghar ka light bill pay hua kya?,ham
Bhai Amazon sale mein tu winner hai - MacBook jeet liya! Delivery ke liye 299 shipping bhar.,spam
Aaj bazar se doodh aur sabzi leke aana.,ham
Bro Amazon Pay se unauthorized 3200 gaye. Cancel karna hai to OTP share kar turant.,spam
"Aaj ghar pe guests aa rahe hain, jaldi aa jaao.",ham
"Bhai Bank of Baroda ka message - FD mature ho gayi, 50k release karne ko 500 fee bhar.",spam
Bhai shaadi ki shopping kab karein jaayein?,ham
"Bhai Sharma uncle bol rahe hain emergency hai, 10000 is account mein transfer kar do.",spam
New joiners ka orientation tomorrow morning hai.,ham
Aaj bazar se doodh aur sabzi leke aana.,ham
Maa dadi ki dawai pharmacy se le aayi hoon.,ham
Project ka deadline 2 din extend ho gaya hai.,ham
Bro Swiggy ka lucky customer select hua tu - free meal voucher claim kar abhi.,spam
Yaar nayi movie dekhi? Reviews bahut ache hain.,ham
"Yaar HDFC ka call aaya tha, bol rahe the tera account 2 din mein band hoga KYC ke bina.",spam
Aaj ka din bahut acha tha! Bahut khush hoon.,ham
"Dost birthday party 7 baje hai, aana mat bhoolna.",ham
"Bhai main hospital mein hoon, phone kho gaya, please 5000 transfer kar do ye number pe.",spam
Bhai kal ka program confirm hai na? Time bata.,ham
Dost internship ke liye apply kiya? Last date kal hai.,ham
"Annual leave apply ki hai, approve ho jayegi.",ham
Yaar BSNL lucky draw mein tera number aaya hai - 5 lakh ka prize. Details bhej jaldi.,spam
"Doctor ka appointment 10 baje hai, saath chaloge?",ham
"Beta raat ko thand hai, jacket pehen ke nikalna.",ham
Bhai canteen mein milte hain lunch time pe.,ham
Dost company mein kaam chahiye - interview ke liye 500 ka registration fee bhar.,spam
"Bro Amazon seller program - ghar baithe selling, 10k monthly guaranteed, join fee 2000.",spam
Bacche ka school kal band hai.,ham
"Annual leave apply ki hai, approve ho jayegi.",ham
Bhai shaadi ki shopping kab karein jaayein?,ham
Happy Anniversary! Hamesha khush raho.,ham
"Interview 3 baje hai, thoda pehle pahunch jaana.",ham
"Library book return karni hai, deadline hai.",ham
"Train 20 minutes late hai, platform 4 pe hai.",ham
Quarterly review next week schedule hui hai.,ham
Office ka WiFi 2 ghante ke liye maintenance pe band.,ham
Scooter servicing ke liye garage le jaao.,ham
Papa gaadi ka insurance renew ho gaya.,ham
Bacche ka school kal band hai.,ham
"Aaj baarish mein bhig gaya, maza aaya!",ham
"Client meeting postpone hui, Friday ko hogi.",ham
"Miss you dost, kab miloge?",ham
Congrats on promotion! Bahut mehnat ki tumne.,ham
Yaar BSNL lucky draw mein tera number aaya hai - 5 lakh ka prize. Details bhej jaldi.,spam
"Get well soon yaar, jaldi theek ho jaao.",ham
"Take care bhai, travel safe.",ham
"Get well soon yaar, jaldi theek ho jaao.",ham
Meeting 11 baje conference room mein hai.,ham
"Client meeting postpone hui, Friday ko hogi.",ham
Bhai kal ka program confirm hai na? Time bata.,ham
"Dost birthday party 7 baje hai, aana mat bhoolna.",ham
"Raincoat le jaao, baarish ka forecast hai.",ham
"Library book return karni hai, deadline hai.",ham
"Library book return karni hai, deadline hai.",ham
Bhai Zomato 5th anniversary pe 500 ka voucher mila hai - 2 ghante mein expire hoga.,spam
Bacche ka school kal band hai.,ham
"Aaj ghar pe guests aa rahe hain, jaldi aa jaao.",ham
"Maa aaj late aaunga, raat ka khana mat rakhna.",ham
Papa gaadi ka insurance renew ho gaya.,ham
Bro Flipkart ne select kiya hai tujhe - surprise iPhone 15 jeet liya! Registration kar.,spam
Aaj ka din bahut acha tha! Bahut khush hoon.,ham
"Bhai Microsoft support - Windows license expire ho gayi, 800 mein renew karo.",spam
Bhai MLM business join karo - 5000 invest karo 50000 monthly kamao.,spam
"Yaar bahut mushkil mein hoon, 3000 chahiye abhi, ghar pahunchke return kar dunga pakka.",spam
Bhai hostel ka mess food aaj bahut acha tha.,ham
"Beta raat ko thand hai, jacket pehen ke nikalna.",ham
Yaar driving license expire ho raha hai - online renew karo 150 fee ke saath.,spam
"Yaar data entry job - ghar baithe 2-3 ghante, monthly 25k - training fee 1500.",spam
"ICICI ne warning di hai - net banking expire ho rahi hai, abhi renew kar warna block ho jayega.",spam
"Aaj baarish mein bhig gaya, maza aaya!",ham
Chhotu homework kar liya? Aaj exam hai na.,ham
"Take care bhai, travel safe.",ham
Bacche ka school kal band hai.,ham
Didi tere liye Lucknow se mithai laya hoon.,ham
"Client meeting postpone hui, Friday ko hogi.",ham
Yaar GST department ne penalty lagai hai 12000 ki - 7 din mein pay karo.,spam
Bro Axis Bank ka alert - tera account se 8500 gaya. Agar tune nahi kiya to abhi call kar.,spam
"Bhai SBI ne message bheja hai, account mein kuch problem hai. Is link pe ja: sbi-verify.net",spam
Bhai kal ka program confirm hai na? Time bata.,ham
"Train 20 minutes late hai, platform 4 pe hai.",ham
"Dost Jio ka message aaya - 1 saal ki free service mili hai, activate karne ke liye OTP de.",spam
Papa gaadi ka insurance renew ho gaya.,ham
Scooter servicing ke liye garage le jaao.,ham
Yaar nayi movie dekhi? Reviews bahut ache hain.,ham
"Dost YouTube channel grow karo - 999 mein subscribers badhao, guaranteed results.",spam
Scooter servicing ke liye garage le jaao.,ham
"Aaj ghar pe guests aa rahe hain, jaldi aa jaao.",ham
"Neighbour ke yahan function hai, evening mein jaayenge.",ham
"Bhai passport seva - application pending hai, documents upload karo warna reject hoga.",spam
Bhai shaadi ki shopping kab karein jaayein?,ham
Quarterly review next week schedule hui hai.,ham
Yaar driving license expire ho raha hai - online renew karo 150 fee ke saath.,spam
Yaar BSNL lucky draw mein tera number aaya hai - 5 lakh ka prize. Details bhej jaldi.,spam
"Bhai Income Tax ne bheja message - 18500 ka refund pending hai, account details update kar.",spam
Bhai shaadi ki shopping kab karein jaayein?,ham
"Bhai passport seva - application pending hai, documents upload karo warna reject hoga.",spam
Kal football khelne jaana hai? Team ready hai.,ham
Dost internship ke liye apply kiya? Last date kal hai.,ham
"Neighbour ke yahan function hai, evening mein jaayenge.",ham
Exam mein ache marks aaye! Maa bahut khush hain.,ham
Project ka deadline 2 din extend ho gaya hai.,ham
"Annual leave apply ki hai, approve ho jayegi.",ham
"Yaar semester ki marksheet aayi, ache marks hain.",ham
Bhai Amazon sale mein tu winner hai - MacBook jeet liya! Delivery ke liye 299 shipping bhar.,spam
Bhai exam kaisa gaya? Result kab aayega?,ham
"Aaj ghar pe guests aa rahe hain, jaldi aa jaao.",ham
Exam mein ache marks aaye! Maa bahut khush hain.,ham
Bro WhatsApp ban hone wala hai tera - verify karne ke liye OTP forward kar.,spam
"Nayi job ka pehla din tha, colleagues ache hain.",ham
Bhai ghar ka light bill pay hua kya?,ham
"Yaar UIDAI ka important message - tera Aadhaar kisi aur ke phone se link hua, fix kar.",spam
"Team lunch cancel hua, boss bahar hain aaj.",ham
Kal football khelne jaana hai? Team ready hai.,ham
"Train 20 minutes late hai, platform 4 pe hai.",ham
"ICICI ne warning di hai - net banking expire ho rahi hai, abhi renew kar warna block ho jayega.",spam
PhonePe alert aaya hai - suspicious login detect hua. Verify karne ke liye click kar.,spam
Yaar Reliance Digital contest mein jeet liya tune - register kar 1000 rupaye fee ke saath.,spam
"Beta raat ko thand hai, jacket pehen ke nikalna.",ham
Bhai ghar ka light bill pay hua kya?,ham
"Client meeting postpone hui, Friday ko hogi.",ham
Dost Ayushman Bharat health card ready hai - activate karne ke liye Aadhaar OTP de.,spam
Bro WhatsApp ban hone wala hai tera - verify karne ke liye OTP forward kar.,spam
"Yaar Google Pay se 1200 ka cashback mila hai tujhe, 24 ghante mein claim kar warna expire.",spam
"Yaar mutual fund advisor - invest karo, annual 45% return pakka milega.",spam
"Electricity bill 850 ka aaya, pay kar dena.",ham
Bhai kal ka program confirm hai na? Time bata.,ham
"Doctor ka appointment 10 baje hai, saath chaloge?",ham
Happy Anniversary! Hamesha khush raho.,ham
"Beta raat ko thand hai, jacket pehen ke nikalna.",ham
Bhai Amazon sale mein tu winner hai - MacBook jeet liya! Delivery ke liye 299 shipping bhar.,spam
"Doctor ka appointment 10 baje hai, saath chaloge?",ham
"Yaar semester ki marksheet aayi, ache marks hain.",ham
"Client meeting postpone hui, Friday ko hogi.",ham
"Annual leave apply ki hai, approve ho jayegi.",ham
New joiners ka orientation tomorrow morning hai.,ham
Scooter servicing ke liye garage le jaao.,ham
"Yaar project ki deadline kal hai, library mein milo.",ham
Project ka deadline 2 din extend ho gaya hai.,ham
Yaar tere phone mein dangerous virus hai - data safe karne ke liye ye app install kar.,spam
Bhai canteen mein milte hain lunch time pe.,ham
Dost company mein kaam chahiye - interview ke liye 500 ka registration fee bhar.,spam
Dost company mein kaam chahiye - interview ke liye 500 ka registration fee bhar.,spam
Bhai exam kaisa gaya? Result kab aayega?,ham
Meeting 11 baje conference room mein hai.,ham
"Take care bhai, travel safe.",ham
"Yaar semester ki marksheet aayi, ache marks hain.",ham
Maa dadi ki dawai pharmacy se le aayi hoon.,ham
Bhai Zomato 5th anniversary pe 500 ka voucher mila hai - 2 ghante mein expire hoga.,spam
"Yaar Apple ID alert - iCloud storage full hai, data delete hone se pehle backup kar.",spam
Bhai MLM business join karo - 5000 invest karo 50000 monthly kamao.,spam
Yaar nayi movie dekhi? Reviews bahut ache hain.,ham
Bhai Amazon sale mein tu winner hai - MacBook jeet liya! Delivery ke liye 299 shipping bhar.,spam
PhonePe alert aaya hai - suspicious login detect hua. Verify karne ke liye click kar.,spam
Aaj ka din bahut acha tha! Bahut khush hoon.,ham
"Bro Amazon seller program - ghar baithe selling, 10k monthly guaranteed, join fee 2000.",spam
"Yaar project ki deadline kal hai, library mein milo.",ham
"Dost YouTube channel grow karo - 999 mein subscribers badhao, guaranteed results.",spam
Office ka WiFi 2 ghante ke liye maintenance pe band.,ham
"Get well soon yaar, jaldi theek ho jaao.",ham
Bhai ghar ka light bill pay hua kya?,ham
"Bhai main hospital mein hoon, phone kho gaya, please 5000 transfer kar do ye number pe.",spam
"Bhai Income Tax ne bheja message - 18500 ka refund pending hai, account details update kar.",spam
Papa gaadi ka insurance renew ho gaya.,ham
"Team lunch cancel hua, boss bahar hain aaj.",ham
New joiners ka orientation tomorrow morning hai.,ham
Bhai ghar ka light bill pay hua kya?,ham
Project ka deadline 2 din extend ho gaya hai.,ham
Quarterly review next week schedule hui hai.,ham
"Get well soon yaar, jaldi theek ho jaao.",ham
New joiners ka orientation tomorrow morning hai.,ham
Aaj ka din bahut acha tha! Bahut khush hoon.,ham
"Train 20 minutes late hai, platform 4 pe hai.",ham
Yaar GST department ne penalty lagai hai 12000 ki - 7 din mein pay karo.,spam
"Dost birthday party 7 baje hai, aana mat bhoolna.",ham
Congrats on promotion! Bahut mehnat ki tumne.,ham
Meeting 11 baje conference room mein hai.,ham
"Nayi job ka pehla din tha, colleagues ache hain.",ham
Yaar nayi movie dekhi? Reviews bahut ache hain.,ham
"Raincoat le jaao, baarish ka forecast hai.",ham
Yaar nayi movie dekhi? Reviews bahut ache hain.,ham
Yaar nayi movie dekhi? Reviews bahut ache hain.,ham
"Bro EPF department ka message - PF account mein error hai, 45000 release ke liye verify kar.",spam
"Bhai main hospital mein hoon, phone kho gaya, please 5000 transfer kar do ye number pe.",spam
"Doctor ka appointment 10 baje hai, saath chaloge?",ham
Bro Axis Bank ka alert - tera account se 8500 gaya. Agar tune nahi kiya to abhi call kar.,spam
Chhotu homework kar liya? Aaj exam hai na.,ham
Kal football khelne jaana hai? Team ready hai.,ham
Quarterly review next week schedule hui hai.,ham
"Take care bhai, travel safe.",ham
"Bhai Microsoft support - Windows license expire ho gayi, 800 mein renew karo.",spam
Bhai hostel ka mess food aaj bahut acha tha.,ham
"Bhai online tutor chahiye - 500 per hour, registration ke liye 300 ka form.",spam
Happy Anniversary! Hamesha khush raho.,ham
Kal football khelne jaana hai? Team ready hai.,ham
"Dost wallet gum ho gaya station pe, 500 UPI kar do, aaj raat pakka return karunga.",spam
"Raincoat le jaao, baarish ka forecast hai.",ham
Quarterly review next week schedule hui hai.,ham
"Yaar Google Pay se 1200 ka cashback mila hai tujhe, 24 ghante mein claim kar warna expire.",spam
Maa dadi ki dawai pharmacy se le aayi hoon.,ham
"Yaar bahut mushkil mein hoon, 3000 chahiye abhi, ghar pahunchke return kar dunga pakka.",spam
Bro Swiggy ka lucky customer select hua tu - free meal voucher claim kar abhi.,spam
"Aaj ghar pe guests aa rahe hain, jaldi aa jaao.",ham
Yaar BSNL lucky draw mein tera number aaya hai - 5 lakh ka prize. Details bhej jaldi.,spam
"Electricity bill 850 ka aaya, pay kar dena.",ham
Bhai kal ka program confirm hai na? Time bata.,ham
"Yaar UIDAI ka important message - tera Aadhaar kisi aur ke phone se link hua, fix kar.",spam
Bhai Zomato 5th anniversary pe 500 ka voucher mila hai - 2 ghante mein expire hoga.,spam
"Doctor ka appointment 10 baje hai, saath chaloge?",ham
Bro Swiggy ka lucky customer select hua tu - free meal voucher claim kar abhi.,spam
Meeting 11 baje conference room mein hai.,ham
Bhai Amazon sale mein tu winner hai - MacBook jeet liya! Delivery ke liye 299 shipping bhar.,spam
"Yaar semester ki marksheet aayi, ache marks hain.",ham
"Get well soon yaar, jaldi theek ho jaao.",ham
"Bahut thak gaya hoon aaj, ghar jaake sona hai.",ham
Bhai kal ka program confirm hai na? Time bata.,ham
"ICICI ne warning di hai - net banking expire ho rahi hai, abhi renew kar warna block ho jayega.",spam
Meeting 11 baje conference room mein hai.,ham
"Take care bhai, travel safe.",ham
"Bahut thak gaya hoon aaj, ghar jaake sona hai.",ham
Bhai hostel ka mess food aaj bahut acha tha.,ham
Bhai canteen mein milte hain lunch time pe.,ham
"Annual leave apply ki hai, approve ho jayegi.",ham
"Yaar data entry job - ghar baithe 2-3 ghante, monthly 25k - training fee 1500.",spam
Happy Anniversary! Hamesha khush raho.,ham
"Yaar data entry job - ghar baithe 2-3 ghante, monthly 25k - training fee 1500.",spam
"Yaar police case mein phans gaya hoon, 15000 chahiye vakeel ke liye, family ko mat batana.",spam
"Train 20 minutes late hai, platform 4 pe hai.",ham
Congrats on promotion! Bahut mehnat ki tumne.,ham
Yaar kal cricket match dekhne chalte hain maidan pe.,ham
Bro WhatsApp ban hone wala hai tera - verify karne ke liye OTP forward kar.,spam
"Maa aaj late aaunga, raat ka khana mat rakhna.",ham
"Bro share market tips - 100% accurate calls, first 3 free, premium membership 2000 monthly.",spam
"Aaj ghar pe guests aa rahe hain, jaldi aa jaao.",ham
"Yaar mutual fund advisor - invest karo, annual 45% return pakka milega.",spam
Congrats on promotion! Bahut mehnat ki tumne.,ham
Aaj ka din bahut acha tha! Bahut khush hoon.,ham
"Yaar project ki deadline kal hai, library mein milo.",ham
"Papa salary account mein aa gayi, bills pay kar do.",ham
"Team lunch cancel hua, boss bahar hain aaj.",ham
Bhai canteen mein milte hain lunch time pe.,ham
"Yaar police case mein phans gaya hoon, 15000 chahiye vakeel ke liye, family ko mat batana.",spam
"Bahut thak gaya hoon aaj, ghar jaake sona hai.",ham
Yaar tere phone mein dangerous virus hai - data safe karne ke liye ye app install kar.,spam
Bro election commission ka notice - voter ID update karna zaroori hai OTP ke saath.,spam
Maa dadi ki dawai pharmacy se le aayi hoon.,ham
"Get well soon yaar, jaldi theek ho jaao.",ham
"Interview 3 baje hai, thoda pehle pahunch jaana.",ham
"Bhai IRCTC - Tatkal ticket cancel ho gayi automatically, refund ke liye bank details confirm kar.",spam
Bro Flipkart ne select kiya hai tujhe - surprise iPhone 15 jeet liya! Registration kar.,spam
Happy Anniversary! Hamesha khush raho.,ham
Bhai shaadi ki shopping kab karein jaayein?,ham
Bhai exam kaisa gaya? Result kab aayega?,ham
Meeting 11 baje conference room mein hai.,ham
"Dost, Paytm se message aaya - tera wallet hack hua. OTP share kar cancel karne ke liye.",spam
"Raincoat le jaao, baarish ka forecast hai.",ham
"Get well soon yaar, jaldi theek ho jaao.",ham
"Library book return karni hai, deadline hai.",ham
"Maa aaj late aaunga, raat ka khana mat rakhna.",ham
Maa dadi ki dawai pharmacy se le aayi hoon.,ham
"Bro Amazon seller program - ghar baithe selling, 10k monthly guaranteed, join fee 2000.",spam
"Bahut thak gaya hoon aaj, ghar jaake sona hai.",ham
Papa gaadi ka insurance renew ho gaya.,ham
Dost internship ke liye apply kiya? Last date kal hai.,ham
"Nayi job ka pehla din tha, colleagues ache hain.",ham
Didi tere liye Lucknow se mithai laya hoon.,ham
"Aaj baarish mein bhig gaya, maza aaya!",ham
Bacche ka school kal band hai.,ham
Maa dadi ki dawai pharmacy se le aayi hoon.,ham
"Yaar Google Pay se 1200 ka cashback mila hai tujhe, 24 ghante mein claim kar warna expire.",spam
"Annual leave apply ki hai, approve ho jayegi.",ham
New joiners ka orientation tomorrow morning hai.,ham
Bhai shaadi ki shopping kab karein jaayein?,ham
Aaj bazar se doodh aur sabzi leke aana.,ham
"Train 20 minutes late hai, platform 4 pe hai.",ham
Yaar nayi movie dekhi? Reviews bahut ache hain.,ham
"Bhai IRCTC - Tatkal ticket cancel ho gayi automatically, refund ke liye bank details confirm kar.",spam
Bhai canteen mein milte hain lunch time pe.,ham
Happy Anniversary! Hamesha khush raho.,ham
Bro Swiggy ka lucky customer select hua tu - free meal voucher claim kar abhi.,spam
"Bro Amazon seller program - ghar baithe selling, 10k monthly guaranteed, join fee 2000.",spam
"Library book return karni hai, deadline hai.",ham
"Maa aaj late aaunga, raat ka khana mat rakhna.",ham
"Dost Jio ka message aaya - 1 saal ki free service mili hai, activate karne ke liye OTP de.",spam
"Yaar project ki deadline kal hai, library mein milo.",ham
"Nayi job ka pehla din tha, colleagues ache hain.",ham
Exam mein ache marks aaye! Maa bahut khush hain.,ham
"Team lunch cancel hua, boss bahar hain aaj.",ham
Bhai exam kaisa gaya? Result kab aayega?,ham
"Yaar semester ki marksheet aayi, ache marks hain.",ham
Yaar kal cricket match dekhne chalte hain maidan pe.,ham
"Library book return karni hai, deadline hai.",ham
"Bhai Sharma uncle bol rahe hain emergency hai, 10000 is account mein transfer kar do.",spam
Scooter servicing ke liye garage le jaao.,ham
Dost Gmail account kisi aur device se access ho raha hai - turant password change kar.,spam
Quarterly review next week schedule hui hai.,ham
"Aaj baarish mein bhig gaya, maza aaya!",ham
"Train 20 minutes late hai, platform 4 pe hai.",ham
"Dost birthday party 7 baje hai, aana mat bhoolna.",ham
"Neighbour ke yahan function hai, evening mein jaayenge.",ham
Dost State lottery mein ticket 4521 winner hai - 10 lakh ka prize claim kar aaj.,spam
"Library book return karni hai, deadline hai.",ham
Aaj bazar se doodh aur sabzi leke aana.,ham
Meeting 11 baje conference room mein hai.,ham
Dost internship ke liye apply kiya? Last date kal hai.,ham
Bro election commission ka notice - voter ID update karna zaroori hai OTP ke saath.,spam
Papa gaadi ka insurance renew ho gaya.,ham
Bhai Amazon sale mein tu winner hai - MacBook jeet liya! Delivery ke liye 299 shipping bhar.,spam
Yaar kal cricket match dekhne chalte hain maidan pe.,ham
Scooter servicing ke liye garage le jaao.,ham
"Bhai Sharma uncle bol rahe hain emergency hai, 10000 is account mein transfer kar do.",spam
Bhai canteen mein milte hain lunch time pe.,ham
"Yaar semester ki marksheet aayi, ache marks hain.",ham
"Train 20 minutes late hai, platform 4 pe hai.",ham
Yaar BSNL lucky draw mein tera number aaya hai - 5 lakh ka prize. Details bhej jaldi.,spam
"Train 20 minutes late hai, platform 4 pe hai.",ham
"Dost YouTube channel grow karo - 999 mein subscribers badhao, guaranteed results.",spam
Office ka WiFi 2 ghante ke liye maintenance pe band.,ham
Dost internship ke liye apply kiya? Last date kal hai.,ham
Bhai kal ka program confirm hai na? Time bata.,ham
"Survey complete kiya tune, 3500 ka reward mila. Claim karne ke liye account details de.",spam
"Dost wallet gum ho gaya station pe, 500 UPI kar do, aaj raat pakka return karunga.",spam
Exam mein ache marks aaye! Maa bahut khush hain.,ham
"Papa salary account mein aa gayi, bills pay kar do.",ham
Project ka deadline 2 din extend ho gaya hai.,ham
"Client meeting postpone hui, Friday ko hogi.",ham
Papa gaadi ka insurance renew ho gaya.,ham
"Maa aaj late aaunga, raat ka khana mat rakhna.",ham
Office ka WiFi 2 ghante ke liye maintenance pe band.,ham
"Yaar Apple ID alert - iCloud storage full hai, data delete hone se pehle backup kar.",spam
Yaar nayi movie dekhi? Reviews bahut ache hain.,ham
Yaar GST department ne penalty lagai hai 12000 ki - 7 din mein pay karo.,spam
Bhai exam kaisa gaya? Result kab aayega?,ham
Dost internship ke liye apply kiya? Last date kal hai.,ham
Sir report aaj sham tak submit ho jayegi.,ham
"Yaar project ki deadline kal hai, library mein milo.",ham
"Neighbour ke yahan function hai, evening mein jaayenge.",ham
"Bhai online tutor chahiye - 500 per hour, registration ke liye 300 ka form.",spam
Bro Flipkart ne select kiya hai tujhe - surprise iPhone 15 jeet liya! Registration kar.,spam
"Yaar mutual fund advisor - invest karo, annual 45% return pakka milega.",spam
"Doctor ka appointment 10 baje hai, saath chaloge?",ham
"Doctor ka appointment 10 baje hai, saath chaloge?",ham
Yaar nayi movie dekhi? Reviews bahut ache hain.,ham
Maa dadi ki dawai pharmacy se le aayi hoon.,ham
Aaj ka din bahut acha tha! Bahut khush hoon.,ham
"Yaar project ki deadline kal hai, library mein milo.",ham
"ICICI ne warning di hai - net banking expire ho rahi hai, abhi renew kar warna block ho jayega.",spam
Dost company mein kaam chahiye - interview ke liye 500 ka registration fee bhar.,spam
Meeting 11 baje conference room mein hai.,ham
"Dost YouTube channel grow karo - 999 mein subscribers badhao, guaranteed results.",spam
Yaar BSNL lucky draw mein tera number aaya hai - 5 lakh ka prize. Details bhej jaldi.,spam
"Bhai Sharma uncle bol rahe hain emergency hai, 10000 is account mein transfer kar do.",spam
"Yaar semester ki marksheet aayi, ache marks hain.",ham
"Dost YouTube channel grow karo - 999 mein subscribers badhao, guaranteed results.",spam
Aaj ka din bahut acha tha! Bahut khush hoon.,ham
Kal football khelne jaana hai? Team ready hai.,ham
Project ka deadline 2 din extend ho gaya hai.,ham
Dost company mein kaam chahiye - interview ke liye 500 ka registration fee bhar.,spam
Meeting 11 baje conference room mein hai.,ham
Project ka deadline 2 din extend ho gaya hai.,ham
"Doctor ka appointment 10 baje hai, saath chaloge?",ham
Dost Gmail account kisi aur device se access ho raha hai - turant password change kar.,spam
"Aaj ghar pe guests aa rahe hain, jaldi aa jaao.",ham
"Papa salary account mein aa gayi, bills pay kar do.",ham
Kal football khelne jaana hai? Team ready hai.,ham
"Papa salary account mein aa gayi, bills pay kar do.",ham
"Train 20 minutes late hai, platform 4 pe hai.",ham
"Train 20 minutes late hai, platform 4 pe hai.",ham
"Miss you dost, kab miloge?",ham
Happy Anniversary! Hamesha khush raho.,ham
Bro Swiggy ka lucky customer select hua tu - free meal voucher claim kar abhi.,spam
Bhai ghar ka light bill pay hua kya?,ham
Yaar nayi movie dekhi? Reviews bahut ache hain.,ham
"Bro EPF department ka message - PF account mein error hai, 45000 release ke liye verify kar.",spam
New joiners ka orientation tomorrow morning hai.,ham
"Papa salary account mein aa gayi, bills pay kar do.",ham
"Bhai Byjus mein teacher chahiye, monthly 40k - interview ke liye 200 ka form bharo.",spam
Kal football khelne jaana hai? Team ready hai.,ham
"Aaj baarish mein bhig gaya, maza aaya!",ham
"Dost crypto mein 1000 lagao, 30 din mein 15000 guaranteed milenge - trusted platform.",spam
Aaj bazar se doodh aur sabzi leke aana.,ham
Scooter servicing ke liye garage le jaao.,ham
"Dost, Paytm se message aaya - tera wallet hack hua. OTP share kar cancel karne ke liye.",spam
"Dost birthday party 7 baje hai, aana mat bhoolna.",ham
"Library book return karni hai, deadline hai.",ham
"Dost wallet gum ho gaya station pe, 500 UPI kar do, aaj raat pakka return karunga.",spam
"Electricity bill 850 ka aaya, pay kar dena.",ham
Quarterly review next week schedule hui hai.,ham
"Yaar mutual fund advisor - invest karo, annual 45% return pakka milega.",spam
Papa gaadi ka insurance renew ho gaya.,ham
Bacche ka school kal band hai.,ham
"Yaar Apple ID alert - iCloud storage full hai, data delete hone se pehle backup kar.",spam
Bhai ghar ka light bill pay hua kya?,ham
Bhai Amazon sale mein tu winner hai - MacBook jeet liya! Delivery ke liye 299 shipping bhar.,spam
Sir report aaj sham tak submit ho jayegi.,ham
Meeting 11 baje conference room mein hai.,ham
Didi tere liye Lucknow se mithai laya hoon.,ham
Meeting 11 baje conference room mein hai.,ham
"Aaj ghar pe guests aa rahe hain, jaldi aa jaao.",ham
"Dost UPI PIN 3 baar galat hua, account lock hone se pehle verify kar abhi.",spam
"Train 20 minutes late hai, platform 4 pe hai.",ham
"Dost wallet gum ho gaya station pe, 500 UPI kar do, aaj raat pakka return karunga.",spam
"Yaar semester ki marksheet aayi, ache marks hain.",ham
Bhai kal ka program confirm hai na? Time bata.,ham
"Bhai Byjus mein teacher chahiye, monthly 40k - interview ke liye 200 ka form bharo.",spam
"Bro Amazon seller program - ghar baithe selling, 10k monthly guaranteed, join fee 2000.",spam
Papa gaadi ka insurance renew ho gaya.,ham
Dost Ayushman Bharat health card ready hai - activate karne ke liye Aadhaar OTP de.,spam
Bro WhatsApp ban hone wala hai tera - verify karne ke liye OTP forward kar.,spam
Aaj ka din bahut acha tha! Bahut khush hoon.,ham
"Library book return karni hai, deadline hai.",ham
"Neighbour ke yahan function hai, evening mein jaayenge.",ham
Quarterly review next week schedule hui hai.,ham
Scooter servicing ke liye garage le jaao.,ham
"Team lunch cancel hua, boss bahar hain aaj.",ham
Dost internship ke liye apply kiya? Last date kal hai.,ham
"Survey complete kiya tune, 3500 ka reward mila. Claim karne ke liye account details de.",spam
"Aaj ghar pe guests aa rahe hain, jaldi aa jaao.",ham
Congrats on promotion! Bahut mehnat ki tumne.,ham
Bro Amazon Pay se unauthorized 3200 gaye. Cancel karna hai to OTP share kar turant.,spam
"Bhai Sharma uncle bol rahe hain emergency hai, 10000 is account mein transfer kar do.",spam
Bro WhatsApp ban hone wala hai tera - verify karne ke liye OTP forward kar.,spam
Kal football khelne jaana hai? Team ready hai.,ham
"Bahut thak gaya hoon aaj, ghar jaake sona hai.",ham
"Dost YouTube channel grow karo - 999 mein subscribers badhao, guaranteed results.",spam
"Dost Jio ka message aaya - 1 saal ki free service mili hai, activate karne ke liye OTP de.",spam
Exam mein ache marks aaye! Maa bahut khush hain.,ham
"Nayi job ka pehla din tha, colleagues ache hain.",ham
"Yaar HDFC ka call aaya tha, bol rahe the tera account 2 din mein band hoga KYC ke bina.",spam
Chhotu homework kar liya? Aaj exam hai na.,ham
"Raincoat le jaao, baarish ka forecast hai.",ham
"Bhai Income Tax ne bheja message - 18500 ka refund pending hai, account details update kar.",spam
Bhai Zomato 5th anniversary pe 500 ka voucher mila hai - 2 ghante mein expire hoga.,spam
Scooter servicing ke liye garage le jaao.,ham
"Yaar semester ki marksheet aayi, ache marks hain.",ham
Yaar ghar baithe daily 2000 kamao - registration ke liye sirf 500 invest karo.,spam
"Team lunch cancel hua, boss bahar hain aaj.",ham
Congrats on promotion! Bahut mehnat ki tumne.,ham
Bhai MLM business join karo - 5000 invest karo 50000 monthly kamao.,spam
"Aaj ghar pe guests aa rahe hain, jaldi aa jaao.",ham
"Bhai online tutor chahiye - 500 per hour, registration ke liye 300 ka form.",spam
"Maa aaj late aaunga, raat ka khana mat rakhna.",ham
Yaar GST department ne penalty lagai hai 12000 ki - 7 din mein pay karo.,spam
"Annual leave apply ki hai, approve ho jayegi.",ham
Bhai kal ka program confirm hai na? Time bata.,ham
Yaar kal cricket match dekhne chalte hain maidan pe.,ham
Bro election commission ka notice - voter ID update karna zaroori hai OTP ke saath.,spam
"Bahut thak gaya hoon aaj, ghar jaake sona hai.",ham
"Yaar UIDAI ka important message - tera Aadhaar kisi aur ke phone se link hua, fix kar.",spam
"Yaar Google Pay se 1200 ka cashback mila hai tujhe, 24 ghante mein claim kar warna expire.",spam
Yaar kal cricket match dekhne chalte hain maidan pe.,ham
Congrats on promotion! Bahut mehnat ki tumne.,ham
"Bhai passport seva - application pending hai, documents upload karo warna reject hoga.",spam
"Yaar Apple ID alert - iCloud storage full hai, data delete hone se pehle backup kar.",spam
"Dost, Paytm se message aaya - tera wallet hack hua. OTP share kar cancel karne ke liye.",spam
Aaj ka din bahut acha tha! Bahut khush hoon.,ham
Didi tere liye Lucknow se mithai laya hoon.,ham
New joiners ka orientation tomorrow morning hai.,ham
"Yaar project ki deadline kal hai, library mein milo.",ham
Bhai exam kaisa gaya? Result kab aayega?,ham
New joiners ka orientation tomorrow morning hai.,ham
"Bhai main hospital mein hoon, phone kho gaya, please 5000 transfer kar do ye number pe.",spam
Bhai ghar ka light bill pay hua kya?,ham
"Take care bhai, travel safe.",ham
"Yaar Apple ID alert - iCloud storage full hai, data delete hone se pehle backup kar.",spam
"Electricity bill 850 ka aaya, pay kar dena.",ham
Office ka WiFi 2 ghante ke liye maintenance pe band.,ham
"Client meeting postpone hui, Friday ko hogi.",ham
Bhai ghar ka light bill pay hua kya?,ham
Quarterly review next week schedule hui hai.,ham
"Yaar data entry job - ghar baithe 2-3 ghante, monthly 25k - training fee 1500.",spam
Bhai exam kaisa gaya? Result kab aayega?,ham
Maa dadi ki dawai pharmacy se le aayi hoon.,ham
Bro Axis Bank ka alert - tera account se 8500 gaya. Agar tune nahi kiya to abhi call kar.,spam
Kal football khelne jaana hai? Team ready hai.,ham
"Bhai Income Tax ne bheja message - 18500 ka refund pending hai, account details update kar.",spam
Dost company mein kaam chahiye - interview ke liye 500 ka registration fee bhar.,spam
"Beta raat ko thand hai, jacket pehen ke nikalna.",ham
Bhai exam kaisa gaya? Result kab aayega?,ham
Project ka deadline 2 din extend ho gaya hai.,ham
Bhai canteen mein milte hain lunch time pe.,ham
Project ka deadline 2 din extend ho gaya hai.,ham
"Yaar police case mein phans gaya hoon, 15000 chahiye vakeel ke liye, family ko mat batana.",spam
"Beta raat ko thand hai, jacket pehen ke nikalna.",ham
Bro WhatsApp ban hone wala hai tera - verify karne ke liye OTP forward kar.,spam
"Beta raat ko thand hai, jacket pehen ke nikalna.",ham
"Yaar data entry job - ghar baithe 2-3 ghante, monthly 25k - training fee 1500.",spam
Maa dadi ki dawai pharmacy se le aayi hoon.,ham
"Dost Jio ka message aaya - 1 saal ki free service mili hai, activate karne ke liye OTP de.",spam
"Dost UPI PIN 3 baar galat hua, account lock hone se pehle verify kar abhi.",spam
"Yaar HDFC ka call aaya tha, bol rahe the tera account 2 din mein band hoga KYC ke bina.",spam
Chhotu homework kar liya? Aaj exam hai na.,ham
Scooter servicing ke liye garage le jaao.,ham
"Aaj ghar pe guests aa rahe hain, jaldi aa jaao.",ham
"Yaar Google Pay se 1200 ka cashback mila hai tujhe, 24 ghante mein claim kar warna expire.",spam
Quarterly review next week schedule hui hai.,ham
"Survey complete kiya tune, 3500 ka reward mila. Claim karne ke liye account details de.",spam
Dost company mein kaam chahiye - interview ke liye 500 ka registration fee bhar.,spam
"Bhai SBI ne message bheja hai, account mein kuch problem hai. Is link pe ja: sbi-verify.net",spam
"Miss you dost, kab miloge?",ham
"Bahut thak gaya hoon aaj, ghar jaake sona hai.",ham
"Aaj ghar pe guests aa rahe hain, jaldi aa jaao.",ham
"Train 20 minutes late hai, platform 4 pe hai.",ham
"Electricity bill 850 ka aaya, pay kar dena.",ham
Maa dadi ki dawai pharmacy se le aayi hoon.,ham
Bhai Zomato 5th anniversary pe 500 ka voucher mila hai - 2 ghante mein expire hoga.,spam
Project ka deadline 2 din extend ho gaya hai.,ham
"Doctor ka appointment 10 baje hai, saath chaloge?",ham
"Aaj baarish mein bhig gaya, maza aaya!",ham
Bro Flipkart ne select kiya hai tujhe - surprise iPhone 15 jeet liya! Registration kar.,spam
"Aaj ghar pe guests aa rahe hain, jaldi aa jaao.",ham
"Raincoat le jaao, baarish ka forecast hai.",ham
Bro Flipkart ne select kiya hai tujhe - surprise iPhone 15 jeet liya! Registration kar.,spam
"Get well soon yaar, jaldi theek ho jaao.",ham
"Yaar HDFC ka call aaya tha, bol rahe the tera account 2 din mein band hoga KYC ke bina.",spam
Bhai exam kaisa gaya? Result kab aayega?,ham
"Beta raat ko thand hai, jacket pehen ke nikalna.",ham
"Team lunch cancel hua, boss bahar hain aaj.",ham
Sir report aaj sham tak submit ho jayegi.,ham
PhonePe alert aaya hai - suspicious login detect hua. Verify karne ke liye click kar.,spam
Sir report aaj sham tak submit ho jayegi.,ham
Yaar kal cricket match dekhne chalte hain maidan pe.,ham
Dost internship ke liye apply kiya? Last date kal hai.,ham
"Bhai main hospital mein hoon, phone kho gaya, please 5000 transfer kar do ye number pe.",spam
Office ka WiFi 2 ghante ke liye maintenance pe band.,ham
"Maa aaj late aaunga, raat ka khana mat rakhna.",ham
Quarterly review next week schedule hui hai.,ham
"Yaar bahut mushkil mein hoon, 3000 chahiye abhi, ghar pahunchke return kar dunga pakka.",spam
Office ka WiFi 2 ghante ke liye maintenance pe band.,ham
Bacche ka school kal band hai.,ham
"Yaar semester ki marksheet aayi, ache marks hain.",ham
"Miss you dost, kab miloge?",ham
Sir report aaj sham tak submit ho jayegi.,ham
Aaj bazar se doodh aur sabzi leke aana.,ham
"Aaj ghar pe guests aa rahe hain, jaldi aa jaao.",ham
Exam mein ache marks aaye! Maa bahut khush hain.,ham
Bhai hostel ka mess food aaj bahut acha tha.,ham
"Yaar Apple ID alert - iCloud storage full hai, data delete hone se pehle backup kar.",spam
"Electricity bill 850 ka aaya, pay kar dena.",ham
"Yaar project ki deadline kal hai, library mein milo.",ham
Dost Ayushman Bharat health card ready hai - activate karne ke liye Aadhaar OTP de.,spam
Project ka deadline 2 din extend ho gaya hai.,ham
"Electricity bill 850 ka aaya, pay kar dena.",ham
"Dost Jio ka message aaya - 1 saal ki free service mili hai, activate karne ke liye OTP de.",spam
"Bhai Income Tax ne bheja message - 18500 ka refund pending hai, account details update kar.",spam
Exam mein ache marks aaye! Maa bahut khush hain.,ham
Exam mein ache marks aaye! Maa bahut khush hain.,ham
"Neighbour ke yahan function hai, evening mein jaayenge.",ham
"Doctor ka appointment 10 baje hai, saath chaloge?",ham
Bhai kal ka program confirm hai na? Time bata.,ham
Office ka WiFi 2 ghante ke liye maintenance pe band.,ham
"Train 20 minutes late hai, platform 4 pe hai.",ham
Chhotu homework kar liya? Aaj exam hai na.,ham
Bacche ka school kal band hai.,ham
Dost PM Awas Yojana mein tera naam hai - 2.5 lakh ki subsidy ke liye register kar aaj.,spam
"Nayi job ka pehla din tha, colleagues ache hain.",ham
"Bhai Microsoft support - Windows license expire ho gayi, 800 mein renew karo.",spam
"Bhai SBI ne message bheja hai, account mein kuch problem hai. Is link pe ja: sbi-verify.net",spam
"Dost Jio ka message aaya - 1 saal ki free service mili hai, activate karne ke liye OTP de.",spam
Bhai Zomato 5th anniversary pe 500 ka voucher mila hai - 2 ghante mein expire hoga.,spam
"Train 20 minutes late hai, platform 4 pe hai.",ham
Didi tere liye Lucknow se mithai laya hoon.,ham
"Maa aaj late aaunga, raat ka khana mat rakhna.",ham
"Miss you dost, kab miloge?",ham
Congrats on promotion! Bahut mehnat ki tumne.,ham
Bhai canteen mein milte hain lunch time pe.,ham
"ICICI ne warning di hai - net banking expire ho rahi hai, abhi renew kar warna block ho jayega.",spam
Kal football khelne jaana hai? Team ready hai.,ham
"Miss you dost, kab miloge?",ham
Bro WhatsApp ban hone wala hai tera - verify karne ke liye OTP forward kar.,spam
Bhai Amazon sale mein tu winner hai - MacBook jeet liya! Delivery ke liye 299 shipping bhar.,spam
Bhai MLM business join karo - 5000 invest karo 50000 monthly kamao.,spam
Quarterly review next week schedule hui hai.,ham
Bhai Zomato 5th anniversary pe 500 ka voucher mila hai - 2 ghante mein expire hoga.,spam
"Bhai SBI ne message bheja hai, account mein kuch problem hai. Is link pe ja: sbi-verify.net",spam
Yaar seriously KBC ne message kiya hai - tera number lucky draw mein aaya. 25 lakh jeet.,spam
"Bhai Byjus mein teacher chahiye, monthly 40k - interview ke liye 200 ka form bharo.",spam
"Dost wallet gum ho gaya station pe, 500 UPI kar do, aaj raat pakka return karunga.",spam
Bhai hostel ka mess food aaj bahut acha tha.,ham
Didi tere liye Lucknow se mithai laya hoon.,ham
Project ka deadline 2 din extend ho gaya hai.,ham
Bhai ghar ka light bill pay hua kya?,ham
Bhai hostel ka mess food aaj bahut acha tha.,ham
"Beta raat ko thand hai, jacket pehen ke nikalna.",ham
"Bhai main hospital mein hoon, phone kho gaya, please 5000 transfer kar do ye number pe.",spam
"Aaj ghar pe guests aa rahe hain, jaldi aa jaao.",ham
Aaj bazar se doodh aur sabzi leke aana.,ham
"Bhai online tutor chahiye - 500 per hour, registration ke liye 300 ka form.",spam
"Interview 3 baje hai, thoda pehle pahunch jaana.",ham
"Yaar Apple ID alert - iCloud storage full hai, data delete hone se pehle backup kar.",spam
Bro Swiggy ka lucky customer select hua tu - free meal voucher claim kar abhi.,spam
Aaj bazar se doodh aur sabzi leke aana.,ham
"Yaar UIDAI ka important message - tera Aadhaar kisi aur ke phone se link hua, fix kar.",spam
Dost company mein kaam chahiye - interview ke liye 500 ka registration fee bhar.,spam
"Bhai IRCTC - Tatkal ticket cancel ho gayi automatically, refund ke liye bank details confirm kar.",spam
Bacche ka school kal band hai.,ham
Office ka WiFi 2 ghante ke liye maintenance pe band.,ham
"Bahut thak gaya hoon aaj, ghar jaake sona hai.",ham
Project ka deadline 2 din extend ho gaya hai.,ham
"Aaj baarish mein bhig gaya, maza aaya!",ham
Yaar ghar baithe daily 2000 kamao - registration ke liye sirf 500 invest karo.,spam
Aaj bazar se doodh aur sabzi leke aana.,ham
Scooter servicing ke liye garage le jaao.,ham
"Yaar Apple ID alert - iCloud storage full hai, data delete hone se pehle backup kar.",spam
Bhai ghar ka light bill pay hua kya?,ham
Bro Amazon Pay se unauthorized 3200 gaye. Cancel karna hai to OTP share kar turant.,spam
Happy Anniversary! Hamesha khush raho.,ham
"Bro EPF department ka message - PF account mein error hai, 45000 release ke liye verify kar.",spam
Quarterly review next week schedule hui hai.,ham
"Maa aaj late aaunga, raat ka khana mat rakhna.",ham
"Get well soon yaar, jaldi theek ho jaao.",ham
Bhai ghar ka light bill pay hua kya?,ham
"Dost Jio ka message aaya - 1 saal ki free service mili hai, activate karne ke liye OTP de.",spam
"Doctor ka appointment 10 baje hai, saath chaloge?",ham
Yaar tere phone mein dangerous virus hai - data safe karne ke liye ye app install kar.,spam
"Interview 3 baje hai, thoda pehle pahunch jaana.",ham
"Bro share market tips - 100% accurate calls, first 3 free, premium membership 2000 monthly.",spam
Aaj ka din bahut acha tha! Bahut khush hoon.,ham
"Bhai online tutor chahiye - 500 per hour, registration ke liye 300 ka form.",spam
Papa gaadi ka insurance renew ho gaya.,ham
"Bhai Sharma uncle bol rahe hain emergency hai, 10000 is account mein transfer kar do.",spam
"Take care bhai, travel safe.",ham
"Nayi job ka pehla din tha, colleagues ache hain.",ham
Aaj bazar se doodh aur sabzi leke aana.,ham
"Raincoat le jaao, baarish ka forecast hai.",ham
"Electricity bill 850 ka aaya, pay kar dena.",ham
Yaar nayi movie dekhi? Reviews bahut ache hain.,ham
Bhai ghar ka light bill pay hua kya?,ham
Office ka WiFi 2 ghante ke liye maintenance pe band.,ham
Aaj bazar se doodh aur sabzi leke aana.,ham
"Train 20 minutes late hai, platform 4 pe hai.",ham
"Bhai online tutor chahiye - 500 per hour, registration ke liye 300 ka form.",spam
Bro Flipkart ne select kiya hai tujhe - surprise iPhone 15 jeet liya! Registration kar.,spam
"Bahut thak gaya hoon aaj, ghar jaake sona hai.",ham
Bro WhatsApp ban hone wala hai tera - verify karne ke liye OTP forward kar.,spam
"Team lunch cancel hua, boss bahar hain aaj.",ham
"Yaar project ki deadline kal hai, library mein milo.",ham
"Team lunch cancel hua, boss bahar hain aaj.",ham
Maa dadi ki dawai pharmacy se le aayi hoon.,ham
PhonePe alert aaya hai - suspicious login detect hua. Verify karne ke liye click kar.,spam
Bhai kal ka program confirm hai na? Time bata.,ham
Bhai ghar ka light bill pay hua kya?,ham
"Yaar semester ki marksheet aayi, ache marks hain.",ham
"Yaar Google Pay se 1200 ka cashback mila hai tujhe, 24 ghante mein claim kar warna expire.",spam
New joiners ka orientation tomorrow morning hai.,ham
"Dost wallet gum ho gaya station pe, 500 UPI kar do, aaj raat pakka return karunga.",spam
"Bhai IRCTC - Tatkal ticket cancel ho gayi automatically, refund ke liye bank details confirm kar.",spam
Bro Flipkart ne select kiya hai tujhe - surprise iPhone 15 jeet liya! Registration kar.,spam
Bhai hostel ka mess food aaj bahut acha tha.,ham
"Papa salary account mein aa gayi, bills pay kar do.",ham
Dost Ayushman Bharat health card ready hai - activate karne ke liye Aadhaar OTP de.,spam
"Aaj baarish mein bhig gaya, maza aaya!",ham
Bro election commission ka notice - voter ID update karna zaroori hai OTP ke saath.,spam
"Raincoat le jaao, baarish ka forecast hai.",ham
"Neighbour ke yahan function hai, evening mein jaayenge.",ham
Dost Gmail account kisi aur device se access ho raha hai - turant password change kar.,spam
Bhai Zomato 5th anniversary pe 500 ka voucher mila hai - 2 ghante mein expire hoga.,spam
Didi tere liye Lucknow se mithai laya hoon.,ham
Bhai canteen mein milte hain lunch time pe.,ham
New joiners ka orientation tomorrow morning hai.,ham
Bhai exam kaisa gaya? Result kab aayega?,ham
Exam mein ache marks aaye! Maa bahut khush hain.,ham
"Miss you dost, kab miloge?",ham
Aaj bazar se doodh aur sabzi leke aana.,ham
Papa gaadi ka insurance renew ho gaya.,ham
Office ka WiFi 2 ghante ke liye maintenance pe band.,ham
"Train 20 minutes late hai, platform 4 pe hai.",ham
"Nayi job ka pehla din tha, colleagues ache hain.",ham
Chhotu homework kar liya? Aaj exam hai na.,ham
Dost PM Awas Yojana mein tera naam hai - 2.5 lakh ki subsidy ke liye register kar aaj.,spam
Aaj ka din bahut acha tha! Bahut khush hoon.,ham
Bro WhatsApp ban hone wala hai tera - verify karne ke liye OTP forward kar.,spam
Bhai kal ka program confirm hai na? Time bata.,ham
Exam mein ache marks aaye! Maa bahut khush hain.,ham
"Client meeting postpone hui, Friday ko hogi.",ham
Scooter servicing ke liye garage le jaao.,ham
"Papa salary account mein aa gayi, bills pay kar do.",ham
"Doctor ka appointment 10 baje hai, saath chaloge?",ham
"Bahut thak gaya hoon aaj, ghar jaake sona hai.",ham
"Dost birthday party 7 baje hai, aana mat bhoolna.",ham
"Neighbour ke yahan function hai, evening mein jaayenge.",ham
Bro Axis Bank ka alert - tera account se 8500 gaya. Agar tune nahi kiya to abhi call kar.,spam
Kal football khelne jaana hai? Team ready hai.,ham
"Client meeting postpone hui, Friday ko hogi.",ham
"Dost, Paytm se message aaya - tera wallet hack hua. OTP share kar cancel karne ke liye.",spam
"Take care bhai, travel safe.",ham
Aaj bazar se doodh aur sabzi leke aana.,ham
Dost internship ke liye apply kiya? Last date kal hai.,ham
"Raincoat le jaao, baarish ka forecast hai.",ham
Aaj bazar se doodh aur sabzi leke aana.,ham
"Yaar data entry job - ghar baithe 2-3 ghante, monthly 25k - training fee 1500.",spam
Happy Anniversary! Hamesha khush raho.,ham
"Bhai Income Tax ne bheja message - 18500 ka refund pending hai, account details update kar.",spam
New joiners ka orientation tomorrow morning hai.,ham
Office ka WiFi 2 ghante ke liye maintenance pe band.,ham
Dost Gmail account kisi aur device se access ho raha hai - turant password change kar.,spam
Bhai ghar ka light bill pay hua kya?,ham
"Miss you dost, kab miloge?",ham
"Bhai Bank of Baroda ka message - FD mature ho gayi, 50k release karne ko 500 fee bhar.",spam
"Doctor ka appointment 10 baje hai, saath chaloge?",ham
Chhotu homework kar liya? Aaj exam hai na.,ham
Aaj bazar se doodh aur sabzi leke aana.,ham
Happy Anniversary! Hamesha khush raho.,ham
Papa gaadi ka insurance renew ho gaya.,ham
Scooter servicing ke liye garage le jaao.,ham
Happy Anniversary! Hamesha khush raho.,ham
Bhai exam kaisa gaya? Result kab aayega?,ham
Yaar nayi movie dekhi? Reviews bahut ache hain.,ham
"Electricity bill 850 ka aaya, pay kar dena.",ham
Didi tere liye Lucknow se mithai laya hoon.,ham
"Yaar Google Pay se 1200 ka cashback mila hai tujhe, 24 ghante mein claim kar warna expire.",spam
"Bhai passport seva - application pending hai, documents upload karo warna reject hoga.",spam
Bro Amazon Pay se unauthorized 3200 gaye. Cancel karna hai to OTP share kar turant.,spam
"Train 20 minutes late hai, platform 4 pe hai.",ham
Bhai kal ka program confirm hai na? Time bata.,ham
"Dost Jio ka message aaya - 1 saal ki free service mili hai, activate karne ke liye OTP de.",spam
Quarterly review next week schedule hui hai.,ham
Papa gaadi ka insurance renew ho gaya.,ham
"Dost birthday party 7 baje hai, aana mat bhoolna.",ham
"Bhai Microsoft support - Windows license expire ho gayi, 800 mein renew karo.",spam
Scooter servicing ke liye garage le jaao.,ham
PhonePe alert aaya hai - suspicious login detect hua. Verify karne ke liye click kar.,spam
"Yaar project ki deadline kal hai, library mein milo.",ham
Bhai exam kaisa gaya? Result kab aayega?,ham
Exam mein ache marks aaye! Maa bahut khush hain.,ham
Bhai hostel ka mess food aaj bahut acha tha.,ham
"Aaj baarish mein bhig gaya, maza aaya!",ham
Yaar driving license expire ho raha hai - online renew karo 150 fee ke saath.,spam
Bhai kal ka program confirm hai na? Time bata.,ham
"Yaar data entry job - ghar baithe 2-3 ghante, monthly 25k - training fee 1500.",spam
Bhai shaadi ki shopping kab karein jaayein?,ham
"Yaar semester ki marksheet aayi, ache marks hain.",ham
"Electricity bill 850 ka aaya, pay kar dena.",ham
Scooter servicing ke liye garage le jaao.,ham
Project ka deadline 2 din extend ho gaya hai.,ham
Yaar nayi movie dekhi? Reviews bahut ache hain.,ham
"Maa aaj late aaunga, raat ka khana mat rakhna.",ham
Kal football khelne jaana hai? Team ready hai.,ham
Bro WhatsApp ban hone wala hai tera - verify karne ke liye OTP forward kar.,spam
Bhai exam kaisa gaya? Result kab aayega?,ham
Office ka WiFi 2 ghante ke liye maintenance pe band.,ham
Office ka WiFi 2 ghante ke liye maintenance pe band.,ham
"Yaar Google Pay se 1200 ka cashback mila hai tujhe, 24 ghante mein claim kar warna expire.",spam
New joiners ka orientation tomorrow morning hai.,ham
"Interview 3 baje hai, thoda pehle pahunch jaana.",ham
Yaar kal cricket match dekhne chalte hain maidan pe.,ham
"Annual leave apply ki hai, approve ho jayegi.",ham
Aaj ka din bahut acha tha! Bahut khush hoon.,ham
"Maa aaj late aaunga, raat ka khana mat rakhna.",ham
"Aaj ghar pe guests aa rahe hain, jaldi aa jaao.",ham
"Yaar mutual fund advisor - invest karo, annual 45% return pakka milega.",spam
"Raincoat le jaao, baarish ka forecast hai.",ham
Project ka deadline 2 din extend ho gaya hai.,ham
Scooter servicing ke liye garage le jaao.,ham
"Raincoat le jaao, baarish ka forecast hai.",ham
"Annual leave apply ki hai, approve ho jayegi.",ham
Chhotu homework kar liya? Aaj exam hai na.,ham
"Get well soon yaar, jaldi theek ho jaao.",ham
New joiners ka orientation tomorrow morning hai.,ham
"Yaar police case mein phans gaya hoon, 15000 chahiye vakeel ke liye, family ko mat batana.",spam
Bacche ka school kal band hai.,ham
"Dost, Paytm se message aaya - tera wallet hack hua. OTP share kar cancel karne ke liye.",spam
"Bahut thak gaya hoon aaj, ghar jaake sona hai.",ham
"Interview 3 baje hai, thoda pehle pahunch jaana.",ham
"Bro Amazon seller program - ghar baithe selling, 10k monthly guaranteed, join fee 2000.",spam
Aaj bazar se doodh aur sabzi leke aana.,ham
"Yaar Google Pay se 1200 ka cashback mila hai tujhe, 24 ghante mein claim kar warna expire.",spam
"Electricity bill 850 ka aaya, pay kar dena.",ham
Didi tere liye Lucknow se mithai laya hoon.,ham
Didi tere liye Lucknow se mithai laya hoon.,ham
"Team lunch cancel hua, boss bahar hain aaj.",ham
Yaar tere phone mein dangerous virus hai - data safe karne ke liye ye app install kar.,spam
Yaar driving license expire ho raha hai - online renew karo 150 fee ke saath.,spam
"Annual leave apply ki hai, approve ho jayegi.",ham
Bhai ghar ka light bill pay hua kya?,ham
Chhotu homework kar liya? Aaj exam hai na.,ham
"Bro share market tips - 100% accurate calls, first 3 free, premium membership 2000 monthly.",spam
Quarterly review next week schedule hui hai.,ham
Happy Anniversary! Hamesha khush raho.,ham
"Take care bhai, travel safe.",ham
"Bhai Sharma uncle bol rahe hain emergency hai, 10000 is account mein transfer kar do.",spam
Papa gaadi ka insurance renew ho gaya.,ham
"Library book return karni hai, deadline hai.",ham
"Bhai SBI ne message bheja hai, account mein kuch problem hai. Is link pe ja: sbi-verify.net",spam
Office ka WiFi 2 ghante ke liye maintenance pe band.,ham
"Beta raat ko thand hai, jacket pehen ke nikalna.",ham
"Papa salary account mein aa gayi, bills pay kar do.",ham
Didi tere liye Lucknow se mithai laya hoon.,ham
"Yaar project ki deadline kal hai, library mein milo.",ham
"Yaar mutual fund advisor - invest karo, annual 45% return pakka milega.",spam
Papa gaadi ka insurance renew ho gaya.,ham
"Bhai IRCTC - Tatkal ticket cancel ho gayi automatically, refund ke liye bank details confirm kar.",spam
Dost Gmail account kisi aur device se access ho raha hai - turant password change kar.,spam
Exam mein ache marks aaye! Maa bahut khush hain.,ham
"Bahut thak gaya hoon aaj, ghar jaake sona hai.",ham
Bacche ka school kal band hai.,ham
"Yaar semester ki marksheet aayi, ache marks hain.",ham
"Aaj baarish mein bhig gaya, maza aaya!",ham
PhonePe alert aaya hai - suspicious login detect hua. Verify karne ke liye click kar.,spam
"Team lunch cancel hua, boss bahar hain aaj.",ham
"Electricity bill 850 ka aaya, pay kar dena.",ham
"Train 20 minutes late hai, platform 4 pe hai.",ham
Yaar kal cricket match dekhne chalte hain maidan pe.,ham
Office ka WiFi 2 ghante ke liye maintenance pe band.,ham
Bro Flipkart ne select kiya hai tujhe - surprise iPhone 15 jeet liya! Registration kar.,spam
Yaar BSNL lucky draw mein tera number aaya hai - 5 lakh ka prize. Details bhej jaldi.,spam
"Neighbour ke yahan function hai, evening mein jaayenge.",ham
Meeting 11 baje conference room mein hai.,ham
Exam mein ache marks aaye! Maa bahut khush hain.,ham
Aaj bazar se doodh aur sabzi leke aana.,ham
"Bhai Byjus mein teacher chahiye, monthly 40k - interview ke liye 200 ka form bharo.",spam
Yaar seriously KBC ne message kiya hai - tera number lucky draw mein aaya. 25 lakh jeet.,spam
"Bro share market tips - 100% accurate calls, first 3 free, premium membership 2000 monthly.",spam
"Train 20 minutes late hai, platform 4 pe hai.",ham
Yaar ghar baithe daily 2000 kamao - registration ke liye sirf 500 invest karo.,spam
"Dost birthday party 7 baje hai, aana mat bhoolna.",ham
Bhai ghar ka light bill pay hua kya?,ham
"Get well soon yaar, jaldi theek ho jaao.",ham
"Bro Amazon seller program - ghar baithe selling, 10k monthly guaranteed, join fee 2000.",spam
Happy Anniversary! Hamesha khush raho.,ham
Bhai kal ka program confirm hai na? Time bata.,ham
Aaj bazar se doodh aur sabzi leke aana.,ham
Bhai exam kaisa gaya? Result kab aayega?,ham
"Bahut thak gaya hoon aaj, ghar jaake sona hai.",ham
Bhai exam kaisa gaya? Result kab aayega?,ham
"Survey complete kiya tune, 3500 ka reward mila. Claim karne ke liye account details de.",spam
"Yaar bahut mushkil mein hoon, 3000 chahiye abhi, ghar pahunchke return kar dunga pakka.",spam
"Miss you dost, kab miloge?",ham
"Library book return karni hai, deadline hai.",ham
Exam mein ache marks aaye! Maa bahut khush hain.,ham
Congrats on promotion! Bahut mehnat ki tumne.,ham
"Bhai Byjus mein teacher chahiye, monthly 40k - interview ke liye 200 ka form bharo.",spam
"Papa salary account mein aa gayi, bills pay kar do.",ham
Bhai kal ka program confirm hai na? Time bata.,ham
"Aaj baarish mein bhig gaya, maza aaya!",ham
"Aaj baarish mein bhig gaya, maza aaya!",ham
"Dost wallet gum ho gaya station pe, 500 UPI kar do, aaj raat pakka return karunga.",spam
Dost internship ke liye apply kiya? Last date kal hai.,ham
Bhai ghar ka light bill pay hua kya?,ham
Sir report aaj sham tak submit ho jayegi.,ham
Dost internship ke liye apply kiya? Last date kal hai.,ham
Chhotu homework kar liya? Aaj exam hai na.,ham
"Team lunch cancel hua, boss bahar hain aaj.",ham
"Dost birthday party 7 baje hai, aana mat bhoolna.",ham
Kal football khelne jaana hai? Team ready hai.,ham
"Dost wallet gum ho gaya station pe, 500 UPI kar do, aaj raat pakka return karunga.",spam
"Bhai passport seva - application pending hai, documents upload karo warna reject hoga.",spam
"Bahut thak gaya hoon aaj, ghar jaake sona hai.",ham
"Take care bhai, travel safe.",ham
"Dost birthday party 7 baje hai, aana mat bhoolna.",ham
Papa gaadi ka insurance renew ho gaya.,ham
Dost company mein kaam chahiye - interview ke liye 500 ka registration fee bhar.,spam
Aaj ka din bahut acha tha! Bahut khush hoon.,ham
Meeting 11 baje conference room mein hai.,ham
"Electricity bill 850 ka aaya, pay kar dena.",ham
Bhai canteen mein milte hain lunch time pe.,ham
Yaar seriously KBC ne message kiya hai - tera number lucky draw mein aaya. 25 lakh jeet.,spam
Dost Ayushman Bharat health card ready hai - activate karne ke liye Aadhaar OTP de.,spam
Yaar GST department ne penalty lagai hai 12000 ki - 7 din mein pay karo.,spam
"Annual leave apply ki hai, approve ho jayegi.",ham
Bhai shaadi ki shopping kab karein jaayein?,ham
"Neighbour ke yahan function hai, evening mein jaayenge.",ham
"Bhai Income Tax ne bheja message - 18500 ka refund pending hai, account details update kar.",spam
Bhai shaadi ki shopping kab karein jaayein?,ham
"Dost UPI PIN 3 baar galat hua, account lock hone se pehle verify kar abhi.",spam
New joiners ka orientation tomorrow morning hai.,ham
Scooter servicing ke liye garage le jaao.,ham
"Electricity bill 850 ka aaya, pay kar dena.",ham
Bhai exam kaisa gaya? Result kab aayega?,ham
Maa dadi ki dawai pharmacy se le aayi hoon.,ham
Bhai Zomato 5th anniversary pe 500 ka voucher mila hai - 2 ghante mein expire hoga.,spam
Yaar kal cricket match dekhne chalte hain maidan pe.,ham
Quarterly review next week schedule hui hai.,ham
Project ka deadline 2 din extend ho gaya hai.,ham
"Beta raat ko thand hai, jacket pehen ke nikalna.",ham
"Electricity bill 850 ka aaya, pay kar dena.",ham
"Take care bhai, travel safe.",ham
"Neighbour ke yahan function hai, evening mein jaayenge.",ham
"Doctor ka appointment 10 baje hai, saath chaloge?",ham
Sir report aaj sham tak submit ho jayegi.,ham
Chhotu homework kar liya? Aaj exam hai na.,ham
"Train 20 minutes late hai, platform 4 pe hai.",ham
Yaar seriously KBC ne message kiya hai - tera number lucky draw mein aaya. 25 lakh jeet.,spam
Bro Amazon Pay se unauthorized 3200 gaye. Cancel karna hai to OTP share kar turant.,spam
"Bhai Byjus mein teacher chahiye, monthly 40k - interview ke liye 200 ka form bharo.",spam
Kal football khelne jaana hai? Team ready hai.,ham
Yaar nayi movie dekhi? Reviews bahut ache hain.,ham
"Raincoat le jaao, baarish ka forecast hai.",ham
Dost PM Awas Yojana mein tera naam hai - 2.5 lakh ki subsidy ke liye register kar aaj.,spam
"Library book return karni hai, deadline hai.",ham
Bhai shaadi ki shopping kab karein jaayein?,ham
Bro Flipkart ne select kiya hai tujhe - surprise iPhone 15 jeet liya! Registration kar.,spam
Bhai shaadi ki shopping kab karein jaayein?,ham
"Dost birthday party 7 baje hai, aana mat bhoolna.",ham
"Train 20 minutes late hai, platform 4 pe hai.",ham
Bhai shaadi ki shopping kab karein jaayein?,ham
Bhai shaadi ki shopping kab karein jaayein?,ham
"Papa salary account mein aa gayi, bills pay kar do.",ham
Yaar nayi movie dekhi? Reviews bahut ache hain.,ham
"Aaj baarish mein bhig gaya, maza aaya!",ham
Exam mein ache marks aaye! Maa bahut khush hain.,ham
Bhai ghar ka light bill pay hua kya?,ham
Congrats on promotion! Bahut mehnat ki tumne.,ham
Bhai kal ka program confirm hai na? Time bata.,ham
"Beta raat ko thand hai, jacket pehen ke nikalna.",ham
Aaj bazar se doodh aur sabzi leke aana.,ham
Meeting 11 baje conference room mein hai.,ham
Aaj ka din bahut acha tha! Bahut khush hoon.,ham
"Yaar mutual fund advisor - invest karo, annual 45% return pakka milega.",spam
Aaj bazar se doodh aur sabzi leke aana.,ham
"Bro EPF department ka message - PF account mein error hai, 45000 release ke liye verify kar.",spam
Happy Anniversary! Hamesha khush raho.,ham
Dost company mein kaam chahiye - interview ke liye 500 ka registration fee bhar.,spam
"Yaar bahut mushkil mein hoon, 3000 chahiye abhi, ghar pahunchke return kar dunga pakka.",spam
"Interview 3 baje hai, thoda pehle pahunch jaana.",ham
Happy Anniversary! Hamesha khush raho.,ham
"Beta raat ko thand hai, jacket pehen ke nikalna.",ham
Bhai kal ka program confirm hai na? Time bata.,ham
Aaj bazar se doodh aur sabzi leke aana.,ham
"ICICI ne warning di hai - net banking expire ho rahi hai, abhi renew kar warna block ho jayega.",spam
"Doctor ka appointment 10 baje hai, saath chaloge?",ham
Project ka deadline 2 din extend ho gaya hai.,ham
Scooter servicing ke liye garage le jaao.,ham
"Doctor ka appointment 10 baje hai, saath chaloge?",ham
"Neighbour ke yahan function hai, evening mein jaayenge.",ham
Aaj ka din bahut acha tha! Bahut khush hoon.,ham
"Miss you dost, kab miloge?",ham
Bhai shaadi ki shopping kab karein jaayein?,ham
Bhai kal ka program confirm hai na? Time bata.,ham
"Bhai passport seva - application pending hai, documents upload karo warna reject hoga.",spam
"ICICI ne warning di hai - net banking expire ho rahi hai, abhi renew kar warna block ho jayega.",spam
"Bahut thak gaya hoon aaj, ghar jaake sona hai.",ham
"Bro share market tips - 100% accurate calls, first 3 free, premium membership 2000 monthly.",spam
"Take care bhai, travel safe.",ham
"Yaar Google Pay se 1200 ka cashback mila hai tujhe, 24 ghante mein claim kar warna expire.",spam
"Get well soon yaar, jaldi theek ho jaao.",ham
"Doctor ka appointment 10 baje hai, saath chaloge?",ham
"Dost wallet gum ho gaya station pe, 500 UPI kar do, aaj raat pakka return karunga.",spam
"Bhai online tutor chahiye - 500 per hour, registration ke liye 300 ka form.",spam
"Dost Jio ka message aaya - 1 saal ki free service mili hai, activate karne ke liye OTP de.",spam
"Team lunch cancel hua, boss bahar hain aaj.",ham
"Client meeting postpone hui, Friday ko hogi.",ham
"Dost birthday party 7 baje hai, aana mat bhoolna.",ham
Bhai canteen mein milte hain lunch time pe.,ham
"Bhai Sharma uncle bol rahe hain emergency hai, 10000 is account mein transfer kar do.",spam
Kal football khelne jaana hai? Team ready hai.,ham
"Beta raat ko thand hai, jacket pehen ke nikalna.",ham
Dost internship ke liye apply kiya? Last date kal hai.,ham
Bhai Zomato 5th anniversary pe 500 ka voucher mila hai - 2 ghante mein expire hoga.,spam
"Dost YouTube channel grow karo - 999 mein subscribers badhao, guaranteed results.",spam
Bhai hostel ka mess food aaj bahut acha tha.,ham
"Yaar mutual fund advisor - invest karo, annual 45% return pakka milega.",spam
"Yaar data entry job - ghar baithe 2-3 ghante, monthly 25k - training fee 1500.",spam
"Take care bhai, travel safe.",ham
Yaar GST department ne penalty lagai hai 12000 ki - 7 din mein pay karo.,spam
"Dost YouTube channel grow karo - 999 mein subscribers badhao, guaranteed results.",spam
"Yaar data entry job - ghar baithe 2-3 ghante, monthly 25k - training fee 1500.",spam
Bhai Zomato 5th anniversary pe 500 ka voucher mila hai - 2 ghante mein expire hoga.,spam
"Dost UPI PIN 3 baar galat hua, account lock hone se pehle verify kar abhi.",spam
Bacche ka school kal band hai.,ham
Yaar kal cricket match dekhne chalte hain maidan pe.,ham
"Bhai Sharma uncle bol rahe hain emergency hai, 10000 is account mein transfer kar do.",spam
Happy Anniversary! Hamesha khush raho.,ham
"Bhai Byjus mein teacher chahiye, monthly 40k - interview ke liye 200 ka form bharo.",spam
Bro Swiggy ka lucky customer select hua tu - free meal voucher claim kar abhi.,spam
Dost company mein kaam chahiye - interview ke liye 500 ka registration fee bhar.,spam
"Electricity bill 850 ka aaya, pay kar dena.",ham
Meeting 11 baje conference room mein hai.,ham
"Yaar project ki deadline kal hai, library mein milo.",ham
Yaar kal cricket match dekhne chalte hain maidan pe.,ham
"Aaj baarish mein bhig gaya, maza aaya!",ham
"Doctor ka appointment 10 baje hai, saath chaloge?",ham
Bhai exam kaisa gaya? Result kab aayega?,ham
"Bahut thak gaya hoon aaj, ghar jaake sona hai.",ham
"Client meeting postpone hui, Friday ko hogi.",ham
"Library book return karni hai, deadline hai.",ham
"Nayi job ka pehla din tha, colleagues ache hain.",ham
"Train 20 minutes late hai, platform 4 pe hai.",ham
"Miss you dost, kab miloge?",ham
"Miss you dost, kab miloge?",ham
"Dost, Paytm se message aaya - tera wallet hack hua. OTP share kar cancel karne ke liye.",spam
"Bhai Bank of Baroda ka message - FD mature ho gayi, 50k release karne ko 500 fee bhar.",spam
"Neighbour ke yahan function hai, evening mein jaayenge.",ham
"Bhai Microsoft support - Windows license expire ho gayi, 800 mein renew karo.",spam
"Dost wallet gum ho gaya station pe, 500 UPI kar do, aaj raat pakka return karunga.",spam
Bhai kal ka program confirm hai na? Time bata.,ham
"Doctor ka appointment 10 baje hai, saath chaloge?",ham
"Doctor ka appointment 10 baje hai, saath chaloge?",ham
"Nayi job ka pehla din tha, colleagues ache hain.",ham
Congrats on promotion! Bahut mehnat ki tumne.,ham
"Dost UPI PIN 3 baar galat hua, account lock hone se pehle verify kar abhi.",spam
Bhai shaadi ki shopping kab karein jaayein?,ham
Scooter servicing ke liye garage le jaao.,ham
"Annual leave apply ki hai, approve ho jayegi.",ham
Bhai shaadi ki shopping kab karein jaayein?,ham
"Dost Jio ka message aaya - 1 saal ki free service mili hai, activate karne ke liye OTP de.",spam
"Dost UPI PIN 3 baar galat hua, account lock hone se pehle verify kar abhi.",spam
Quarterly review next week schedule hui hai.,ham
New joiners ka orientation tomorrow morning hai.,ham
Aaj ka din bahut acha tha! Bahut khush hoon.,ham
Papa gaadi ka insurance renew ho gaya.,ham
Maa dadi ki dawai pharmacy se le aayi hoon.,ham
Dost State lottery mein ticket 4521 winner hai - 10 lakh ka prize claim kar aaj.,spam
Chhotu homework kar liya? Aaj exam hai na.,ham
Dost internship ke liye apply kiya? Last date kal hai.,ham
Dost company mein kaam chahiye - interview ke liye 500 ka registration fee bhar.,spam
Sir report aaj sham tak submit ho jayegi.,ham
Yaar GST department ne penalty lagai hai 12000 ki - 7 din mein pay karo.,spam
Bhai shaadi ki shopping kab karein jaayein?,ham
"Bhai online tutor chahiye - 500 per hour, registration ke liye 300 ka form.",spam
Bhai shaadi ki shopping kab karein jaayein?,ham
Aaj ka din bahut acha tha! Bahut khush hoon.,ham
"Library book return karni hai, deadline hai.",ham
Yaar seriously KBC ne message kiya hai - tera number lucky draw mein aaya. 25 lakh jeet.,spam
"Aaj baarish mein bhig gaya, maza aaya!",ham
"Bro EPF department ka message - PF account mein error hai, 45000 release ke liye verify kar.",spam
Maa dadi ki dawai pharmacy se le aayi hoon.,ham
"Yaar data entry job - ghar baithe 2-3 ghante, monthly 25k - training fee 1500.",spam
"Dost birthday party 7 baje hai, aana mat bhoolna.",ham
Exam mein ache marks aaye! Maa bahut khush hain.,ham
"Take care bhai, travel safe.",ham
Meeting 11 baje conference room mein hai.,ham
"Bhai SBI ne message bheja hai, account mein kuch problem hai. Is link pe ja: sbi-verify.net",spam
"Dost crypto mein 1000 lagao, 30 din mein 15000 guaranteed milenge - trusted platform.",spam
Happy Anniversary! Hamesha khush raho.,ham
Bhai exam kaisa gaya? Result kab aayega?,ham
Yaar kal cricket match dekhne chalte hain maidan pe.,ham
Chhotu homework kar liya? Aaj exam hai na.,ham
"Maa aaj late aaunga, raat ka khana mat rakhna.",ham
"Team lunch cancel hua, boss bahar hain aaj.",ham
"Aaj ghar pe guests aa rahe hain, jaldi aa jaao.",ham
Kal football khelne jaana hai? Team ready hai.,ham
"Miss you dost, kab miloge?",ham
"Yaar project ki deadline kal hai, library mein milo.",ham
Dost Gmail account kisi aur device se access ho raha hai - turant password change kar.,spam
"Bhai online tutor chahiye - 500 per hour, registration ke liye 300 ka form.",spam
Bhai MLM business join karo - 5000 invest karo 50000 monthly kamao.,spam
"Papa salary account mein aa gayi, bills pay kar do.",ham
Bhai ghar ka light bill pay hua kya?,ham
"ICICI ne warning di hai - net banking expire ho rahi hai, abhi renew kar warna block ho jayega.",spam
Didi tere liye Lucknow se mithai laya hoon.,ham
"Interview 3 baje hai, thoda pehle pahunch jaana.",ham
Meeting 11 baje conference room mein hai.,ham
"Bhai IRCTC - Tatkal ticket cancel ho gayi automatically, refund ke liye bank details confirm kar.",spam
Bro election commission ka notice - voter ID update karna zaroori hai OTP ke saath.,spam
"Team lunch cancel hua, boss bahar hain aaj.",ham
"Bhai passport seva - application pending hai, documents upload karo warna reject hoga.",spam
Kal football khelne jaana hai? Team ready hai.,ham
Aaj ka din bahut acha tha! Bahut khush hoon.,ham
Didi tere liye Lucknow se mithai laya hoon.,ham
Aaj bazar se doodh aur sabzi leke aana.,ham
Didi tere liye Lucknow se mithai laya hoon.,ham
Bhai ghar ka light bill pay hua kya?,ham
"Aaj ghar pe guests aa rahe hain, jaldi aa jaao.",ham
"Aaj ghar pe guests aa rahe hain, jaldi aa jaao.",ham
"Papa salary account mein aa gayi, bills pay kar do.",ham
"Raincoat le jaao, baarish ka forecast hai.",ham
"Bro EPF department ka message - PF account mein error hai, 45000 release ke liye verify kar.",spam
"Bhai passport seva - application pending hai, documents upload karo warna reject hoga.",spam
"Aaj ghar pe guests aa rahe hain, jaldi aa jaao.",ham
Yaar seriously KBC ne message kiya hai - tera number lucky draw mein aaya. 25 lakh jeet.,spam
Didi tere liye Lucknow se mithai laya hoon.,ham
"Dost YouTube channel grow karo - 999 mein subscribers badhao, guaranteed results.",spam
"Yaar data entry job - ghar baithe 2-3 ghante, monthly 25k - training fee 1500.",spam
New joiners ka orientation tomorrow morning hai.,ham
Yaar nayi movie dekhi? Reviews bahut ache hain.,ham
Bhai kal ka program confirm hai na? Time bata.,ham
Didi tere liye Lucknow se mithai laya hoon.,ham
Bacche ka school kal band hai.,ham
Yaar ghar baithe daily 2000 kamao - registration ke liye sirf 500 invest karo.,spam
Bro WhatsApp ban hone wala hai tera - verify karne ke liye OTP forward kar.,spam
Bhai exam kaisa gaya? Result kab aayega?,ham
Bhai canteen mein milte hain lunch time pe.,ham
"Bhai main hospital mein hoon, phone kho gaya, please 5000 transfer kar do ye number pe.",spam
Yaar kal cricket match dekhne chalte hain maidan pe.,ham
"Nayi job ka pehla din tha, colleagues ache hain.",ham
"Yaar UIDAI ka important message - tera Aadhaar kisi aur ke phone se link hua, fix kar.",spam
"Aaj ghar pe guests aa rahe hain, jaldi aa jaao.",ham
"Dost YouTube channel grow karo - 999 mein subscribers badhao, guaranteed results.",spam
Yaar driving license expire ho raha hai - online renew karo 150 fee ke saath.,spam
Bhai canteen mein milte hain lunch time pe.,ham
"Miss you dost, kab miloge?",ham
Quarterly review next week schedule hui hai.,ham
Yaar Reliance Digital contest mein jeet liya tune - register kar 1000 rupaye fee ke saath.,spam
"Aaj baarish mein bhig gaya, maza aaya!",ham
Yaar kal cricket match dekhne chalte hain maidan pe.,ham
Aaj bazar se doodh aur sabzi leke aana.,ham
"Aaj baarish mein bhig gaya, maza aaya!",ham
"Yaar project ki deadline kal hai, library mein milo.",ham
Exam mein ache marks aaye! Maa bahut khush hain.,ham
"Miss you dost, kab miloge?",ham
Bhai exam kaisa gaya? Result kab aayega?,ham
"Bahut thak gaya hoon aaj, ghar jaake sona hai.",ham
"Aaj baarish mein bhig gaya, maza aaya!",ham
"Beta raat ko thand hai, jacket pehen ke nikalna.",ham
Quarterly review next week schedule hui hai.,ham
Bro Flipkart ne select kiya hai tujhe - surprise iPhone 15 jeet liya! Registration kar.,spam
"Aaj baarish mein bhig gaya, maza aaya!",ham
Project ka deadline 2 din extend ho gaya hai.,ham
Bro Amazon Pay se unauthorized 3200 gaye. Cancel karna hai to OTP share kar turant.,spam
"Papa salary account mein aa gayi, bills pay kar do.",ham
Dost internship ke liye apply kiya? Last date kal hai.,ham
"Yaar Apple ID alert - iCloud storage full hai, data delete hone se pehle backup kar.",spam
PhonePe alert aaya hai - suspicious login detect hua. Verify karne ke liye click kar.,spam
Bhai hostel ka mess food aaj bahut acha tha.,ham
Bro Flipkart ne select kiya hai tujhe - surprise iPhone 15 jeet liya! Registration kar.,spam
"Interview 3 baje hai, thoda pehle pahunch jaana.",ham
"Beta raat ko thand hai, jacket pehen ke nikalna.",ham
"Get well soon yaar, jaldi theek ho jaao.",ham
"Aaj ghar pe guests aa rahe hain, jaldi aa jaao.",ham
"Bhai SBI ne message bheja hai, account mein kuch problem hai. Is link pe ja: sbi-verify.net",spam
"Neighbour ke yahan function hai, evening mein jaayenge.",ham
"Take care bhai, travel safe.",ham
"Bhai online tutor chahiye - 500 per hour, registration ke liye 300 ka form.",spam
"Dost crypto mein 1000 lagao, 30 din mein 15000 guaranteed milenge - trusted platform.",spam
Papa gaadi ka insurance renew ho gaya.,ham
"Bhai SBI ne message bheja hai, account mein kuch problem hai. Is link pe ja: sbi-verify.net",spam
"Client meeting postpone hui, Friday ko hogi.",ham
Office ka WiFi 2 ghante ke liye maintenance pe band.,ham
Quarterly review next week schedule hui hai.,ham
"Annual leave apply ki hai, approve ho jayegi.",ham
Yaar Reliance Digital contest mein jeet liya tune - register kar 1000 rupaye fee ke saath.,spam
"Aaj baarish mein bhig gaya, maza aaya!",ham
"Papa salary account mein aa gayi, bills pay kar do.",ham
"Beta raat ko thand hai, jacket pehen ke nikalna.",ham
Yaar nayi movie dekhi? Reviews bahut ache hain.,ham
"Yaar project ki deadline kal hai, library mein milo.",ham
Meeting 11 baje conference room mein hai.,ham
"Yaar project ki deadline kal hai, library mein milo.",ham
"Get well soon yaar, jaldi theek ho jaao.",ham
"Bhai main hospital mein hoon, phone kho gaya, please 5000 transfer kar do ye number pe.",spam
"Bhai Microsoft support - Windows license expire ho gayi, 800 mein renew karo.",spam
"Yaar police case mein phans gaya hoon, 15000 chahiye vakeel ke liye, family ko mat batana.",spam
"Dost wallet gum ho gaya station pe, 500 UPI kar do, aaj raat pakka return karunga.",spam
"Annual leave apply ki hai, approve ho jayegi.",ham
Yaar kal cricket match dekhne chalte hain maidan pe.,ham
Bhai hostel ka mess food aaj bahut acha tha.,ham
"Bhai Byjus mein teacher chahiye, monthly 40k - interview ke liye 200 ka form bharo.",spam
"Maa aaj late aaunga, raat ka khana mat rakhna.",ham
Office ka WiFi 2 ghante ke liye maintenance pe band.,ham
"Yaar HDFC ka call aaya tha, bol rahe the tera account 2 din mein band hoga KYC ke bina.",spam
"Papa salary account mein aa gayi, bills pay kar do.",ham
Bro Amazon Pay se unauthorized 3200 gaye. Cancel karna hai to OTP share kar turant.,spam
"Bhai Income Tax ne bheja message - 18500 ka refund pending hai, account details update kar.",spam
"Bhai Bank of Baroda ka message - FD mature ho gayi, 50k release karne ko 500 fee bhar.",spam
Didi tere liye Lucknow se mithai laya hoon.,ham
Yaar tere phone mein dangerous virus hai - data safe karne ke liye ye app install kar.,spam
"Yaar police case mein phans gaya hoon, 15000 chahiye vakeel ke liye, family ko mat batana.",spam
"Dost YouTube channel grow karo - 999 mein subscribers badhao, guaranteed results.",spam
Quarterly review next week schedule hui hai.,ham
Bhai Zomato 5th anniversary pe 500 ka voucher mila hai - 2 ghante mein expire hoga.,spam
Office ka WiFi 2 ghante ke liye maintenance pe band.,ham
Dost Ayushman Bharat health card ready hai - activate karne ke liye Aadhaar OTP de.,spam
"Dost crypto mein 1000 lagao, 30 din mein 15000 guaranteed milenge - trusted platform.",spam
Happy Anniversary! Hamesha khush raho.,ham
Congrats on promotion! Bahut mehnat ki tumne.,ham
"Papa salary account mein aa gayi, bills pay kar do.",ham
Bro election commission ka notice - voter ID update karna zaroori hai OTP ke saath.,spam
Congrats on promotion! Bahut mehnat ki tumne.,ham
"Take care bhai, travel safe.",ham
"Bro share market tips - 100% accurate calls, first 3 free, premium membership 2000 monthly.",spam
"ICICI ne warning di hai - net banking expire ho rahi hai, abhi renew kar warna block ho jayega.",spam
Sir report aaj sham tak submit ho jayegi.,ham
Yaar seriously KBC ne message kiya hai - tera number lucky draw mein aaya. 25 lakh jeet.,spam
"Aaj baarish mein bhig gaya, maza aaya!",ham
Bhai Amazon sale mein tu winner hai - MacBook jeet liya! Delivery ke liye 299 shipping bhar.,spam
"Papa salary account mein aa gayi, bills pay kar do.",ham
Bhai exam kaisa gaya? Result kab aayega?,ham
Bhai MLM business join karo - 5000 invest karo 50000 monthly kamao.,spam
Chhotu homework kar liya? Aaj exam hai na.,ham
Bhai MLM business join karo - 5000 invest karo 50000 monthly kamao.,spam
"Bhai Microsoft support - Windows license expire ho gayi, 800 mein renew karo.",spam
"Train 20 minutes late hai, platform 4 pe hai.",ham
"Papa salary account mein aa gayi, bills pay kar do.",ham
"Library book return karni hai, deadline hai.",ham
"Yaar police case mein phans gaya hoon, 15000 chahiye vakeel ke liye, family ko mat batana.",spam
Yaar driving license expire ho raha hai - online renew karo 150 fee ke saath.,spam
"Bro EPF department ka message - PF account mein error hai, 45000 release ke liye verify kar.",spam
"Beta raat ko thand hai, jacket pehen ke nikalna.",ham
Maa dadi ki dawai pharmacy se le aayi hoon.,ham
"Papa salary account mein aa gayi, bills pay kar do.",ham
"Bhai Sharma uncle bol rahe hain emergency hai, 10000 is account mein transfer kar do.",spam
Bhai shaadi ki shopping kab karein jaayein?,ham
"Aaj ghar pe guests aa rahe hain, jaldi aa jaao.",ham
Chhotu homework kar liya? Aaj exam hai na.,ham
Yaar tere phone mein dangerous virus hai - data safe karne ke liye ye app install kar.,spam
Congrats on promotion! Bahut mehnat ki tumne.,ham
"Yaar Apple ID alert - iCloud storage full hai, data delete hone se pehle backup kar.",spam
Bhai shaadi ki shopping kab karein jaayein?,ham
Yaar seriously KBC ne message kiya hai - tera number lucky draw mein aaya. 25 lakh jeet.,spam
Yaar BSNL lucky draw mein tera number aaya hai - 5 lakh ka prize. Details bhej jaldi.,spam
"Get well soon yaar, jaldi theek ho jaao.",ham
"Client meeting postpone hui, Friday ko hogi.",ham
Bacche ka school kal band hai.,ham
"Bhai Income Tax ne bheja message - 18500 ka refund pending hai, account details update kar.",spam
Yaar Reliance Digital contest mein jeet liya tune - register kar 1000 rupaye fee ke saath.,spam
"Bhai Byjus mein teacher chahiye, monthly 40k - interview ke liye 200 ka form bharo.",spam
Bhai canteen mein milte hain lunch time pe.,ham
Yaar Reliance Digital contest mein jeet liya tune - register kar 1000 rupaye fee ke saath.,spam
"Client meeting postpone hui, Friday ko hogi.",ham
Dost internship ke liye apply kiya? Last date kal hai.,ham
"Library book return karni hai, deadline hai.",ham
"Yaar bahut mushkil mein hoon, 3000 chahiye abhi, ghar pahunchke return kar dunga pakka.",spam
Yaar tere phone mein dangerous virus hai - data safe karne ke liye ye app install kar.,spam
Yaar kal cricket match dekhne chalte hain maidan pe.,ham
Didi tere liye Lucknow se mithai laya hoon.,ham
Bhai exam kaisa gaya? Result kab aayega?,ham
"Get well soon yaar, jaldi theek ho jaao.",ham
"Bro EPF department ka message - PF account mein error hai, 45000 release ke liye verify kar.",spam
Bro Flipkart ne select kiya hai tujhe - surprise iPhone 15 jeet liya! Registration kar.,spam
"Team lunch cancel hua, boss bahar hain aaj.",ham
Project ka deadline 2 din extend ho gaya hai.,ham
Yaar nayi movie dekhi? Reviews bahut ache hain.,ham
"Bro Amazon seller program - ghar baithe selling, 10k monthly guaranteed, join fee 2000.",spam
Congrats on promotion! Bahut mehnat ki tumne.,ham
Bhai kal ka program confirm hai na? Time bata.,ham
"Dost Jio ka message aaya - 1 saal ki free service mili hai, activate karne ke liye OTP de.",spam
Yaar nayi movie dekhi? Reviews bahut ache hain.,ham
"Bahut thak gaya hoon aaj, ghar jaake sona hai.",ham
"Bro share market tips - 100% accurate calls, first 3 free, premium membership 2000 monthly.",spam
"Bro share market tips - 100% accurate calls, first 3 free, premium membership 2000 monthly.",spam
Maa dadi ki dawai pharmacy se le aayi hoon.,ham
Yaar GST department ne penalty lagai hai 12000 ki - 7 din mein pay karo.,spam
"Bro EPF department ka message - PF account mein error hai, 45000 release ke liye verify kar.",spam
Congrats on promotion! Bahut mehnat ki tumne.,ham
"Team lunch cancel hua, boss bahar hain aaj.",ham
"Bhai Microsoft support - Windows license expire ho gayi, 800 mein renew karo.",spam
Kal football khelne jaana hai? Team ready hai.,ham
"Electricity bill 850 ka aaya, pay kar dena.",ham
"Get well soon yaar, jaldi theek ho jaao.",ham
Bacche ka school kal band hai.,ham
Yaar seriously KBC ne message kiya hai - tera number lucky draw mein aaya. 25 lakh jeet.,spam
"Bhai Bank of Baroda ka message - FD mature ho gayi, 50k release karne ko 500 fee bhar.",spam
Bhai shaadi ki shopping kab karein jaayein?,ham
"Beta raat ko thand hai, jacket pehen ke nikalna.",ham
"Maa aaj late aaunga, raat ka khana mat rakhna.",ham
"Bro share market tips - 100% accurate calls, first 3 free, premium membership 2000 monthly.",spam
"Miss you dost, kab miloge?",ham
"Yaar semester ki marksheet aayi, ache marks hain.",ham
Maa dadi ki dawai pharmacy se le aayi hoon.,ham
Didi tere liye Lucknow se mithai laya hoon.,ham
"Client meeting postpone hui, Friday ko hogi.",ham
Yaar kal cricket match dekhne chalte hain maidan pe.,ham
Bro election commission ka notice - voter ID update karna zaroori hai OTP ke saath.,spam
Office ka WiFi 2 ghante ke liye maintenance pe band.,ham
"Train 20 minutes late hai, platform 4 pe hai.",ham
Congrats on promotion! Bahut mehnat ki tumne.,ham
Didi tere liye Lucknow se mithai laya hoon.,ham
Sir report aaj sham tak submit ho jayegi.,ham
Yaar kal cricket match dekhne chalte hain maidan pe.,ham
"Nayi job ka pehla din tha, colleagues ache hain.",ham
Aaj ka din bahut acha tha! Bahut khush hoon.,ham
Yaar ghar baithe daily 2000 kamao - registration ke liye sirf 500 invest karo.,spam
"Bhai SBI ne message bheja hai, account mein kuch problem hai. Is link pe ja: sbi-verify.net",spam
Dost internship ke liye apply kiya? Last date kal hai.,ham
"Yaar project ki deadline kal hai, library mein milo.",ham
Project ka deadline 2 din extend ho gaya hai.,ham
"Yaar data entry job - ghar baithe 2-3 ghante, monthly 25k - training fee 1500.",spam
"Doctor ka appointment 10 baje hai, saath chaloge?",ham
"Miss you dost, kab miloge?",ham
Bhai exam kaisa gaya? Result kab aayega?,ham
"Bahut thak gaya hoon aaj, ghar jaake sona hai.",ham
Papa gaadi ka insurance renew ho gaya.,ham
"Dost UPI PIN 3 baar galat hua, account lock hone se pehle verify kar abhi.",spam
Project ka deadline 2 din extend ho gaya hai.,ham
"ICICI ne warning di hai - net banking expire ho rahi hai, abhi renew kar warna block ho jayega.",spam
"Papa salary account mein aa gayi, bills pay kar do.",ham
"Yaar HDFC ka call aaya tha, bol rahe the tera account 2 din mein band hoga KYC ke bina.",spam
Aaj bazar se doodh aur sabzi leke aana.,ham
"Bhai Bank of Baroda ka message - FD mature ho gayi, 50k release karne ko 500 fee bhar.",spam
Dost internship ke liye apply kiya? Last date kal hai.,ham
"Yaar HDFC ka call aaya tha, bol rahe the tera account 2 din mein band hoga KYC ke bina.",spam
Bhai hostel ka mess food aaj bahut acha tha.,ham
"Bhai SBI ne message bheja hai, account mein kuch problem hai. Is link pe ja: sbi-verify.net",spam
Bro Swiggy ka lucky customer select hua tu - free meal voucher claim kar abhi.,spam
Meeting 11 baje conference room mein hai.,ham
New joiners ka orientation tomorrow morning hai.,ham
Kal football khelne jaana hai? Team ready hai.,ham
"Aaj baarish mein bhig gaya, maza aaya!",ham
Bhai Zomato 5th anniversary pe 500 ka voucher mila hai - 2 ghante mein expire hoga.,spam
"Miss you dost, kab miloge?",ham
Bhai canteen mein milte hain lunch time pe.,ham
"Annual leave apply ki hai, approve ho jayegi.",ham
Sir report aaj sham tak submit ho jayegi.,ham
Bhai shaadi ki shopping kab karein jaayein?,ham
Exam mein ache marks aaye! Maa bahut khush hain.,ham
Yaar Reliance Digital contest mein jeet liya tune - register kar 1000 rupaye fee ke saath.,spam
"Yaar Google Pay se 1200 ka cashback mila hai tujhe, 24 ghante mein claim kar warna expire.",spam
Bhai canteen mein milte hain lunch time pe.,ham
Bhai shaadi ki shopping kab karein jaayein?,ham
"Team lunch cancel hua, boss bahar hain aaj.",ham
"ICICI ne warning di hai - net banking expire ho rahi hai, abhi renew kar warna block ho jayega.",spam
Chhotu homework kar liya? Aaj exam hai na.,ham
"Bhai passport seva - application pending hai, documents upload karo warna reject hoga.",spam
"Yaar bahut mushkil mein hoon, 3000 chahiye abhi, ghar pahunchke return kar dunga pakka.",spam
"Bhai Sharma uncle bol rahe hain emergency hai, 10000 is account mein transfer kar do.",spam
Dost Ayushman Bharat health card ready hai - activate karne ke liye Aadhaar OTP de.,spam
Bhai Zomato 5th anniversary pe 500 ka voucher mila hai - 2 ghante mein expire hoga.,spam
Exam mein ache marks aaye! Maa bahut khush hain.,ham
"Client meeting postpone hui, Friday ko hogi.",ham
Dost internship ke liye apply kiya? Last date kal hai.,ham
Kal football khelne jaana hai? Team ready hai.,ham
"Beta raat ko thand hai, jacket pehen ke nikalna.",ham
"Bahut thak gaya hoon aaj, ghar jaake sona hai.",ham
Bhai kal ka program confirm hai na? Time bata.,ham
Bhai hostel ka mess food aaj bahut acha tha.,ham
"Raincoat le jaao, baarish ka forecast hai.",ham
"Miss you dost, kab miloge?",ham
Bacche ka school kal band hai.,ham
"Bhai Byjus mein teacher chahiye, monthly 40k - interview ke liye 200 ka form bharo.",spam
Dost Gmail account kisi aur device se access ho raha hai - turant password change kar.,spam
"Bhai passport seva - application pending hai, documents upload karo warna reject hoga.",spam
Sir report aaj sham tak submit ho jayegi.,ham
"Team lunch cancel hua, boss bahar hain aaj.",ham
"Survey complete kiya tune, 3500 ka reward mila. Claim karne ke liye account details de.",spam
Yaar Reliance Digital contest mein jeet liya tune - register kar 1000 rupaye fee ke saath.,spam
"Bhai Income Tax ne bheja message - 18500 ka refund pending hai, account details update kar.",spam
Office ka WiFi 2 ghante ke liye maintenance pe band.,ham
Bhai kal ka program confirm hai na? Time bata.,ham
"Maa aaj late aaunga, raat ka khana mat rakhna.",ham
"Get well soon yaar, jaldi theek ho jaao.",ham
"Dost UPI PIN 3 baar galat hua, account lock hone se pehle verify kar abhi.",spam
Yaar tere phone mein dangerous virus hai - data safe karne ke liye ye app install kar.,spam
"Bhai Microsoft support - Windows license expire ho gayi, 800 mein renew karo.",spam
Bhai hostel ka mess food aaj bahut acha tha.,ham
Dost State lottery mein ticket 4521 winner hai - 10 lakh ka prize claim kar aaj.,spam
Happy Anniversary! Hamesha khush raho.,ham
"Yaar semester ki marksheet aayi, ache marks hain.",ham
Bhai hostel ka mess food aaj bahut acha tha.,ham
Aaj bazar se doodh aur sabzi leke aana.,ham
Bhai kal ka program confirm hai na? Time bata.,ham
Congrats on promotion! Bahut mehnat ki tumne.,ham
Office ka WiFi 2 ghante ke liye maintenance pe band.,ham
Exam mein ache marks aaye! Maa bahut khush hain.,ham
"Take care bhai, travel safe.",ham
"Yaar semester ki marksheet aayi, ache marks hain.",ham
Project ka deadline 2 din extend ho gaya hai.,ham
Yaar ghar baithe daily 2000 kamao - registration ke liye sirf 500 invest karo.,spam
"Bro Amazon seller program - ghar baithe selling, 10k monthly guaranteed, join fee 2000.",spam
"Take care bhai, travel safe.",ham
"Miss you dost, kab miloge?",ham
Dost Ayushman Bharat health card ready hai - activate karne ke liye Aadhaar OTP de.,spam
"Interview 3 baje hai, thoda pehle pahunch jaana.",ham
Bhai kal ka program confirm hai na? Time bata.,ham
"Dost crypto mein 1000 lagao, 30 din mein 15000 guaranteed milenge - trusted platform.",spam
Papa gaadi ka insurance renew ho gaya.,ham
Dost Ayushman Bharat health card ready hai - activate karne ke liye Aadhaar OTP de.,spam
Bhai shaadi ki shopping kab karein jaayein?,ham
"Train 20 minutes late hai, platform 4 pe hai.",ham
"Yaar mutual fund advisor - invest karo, annual 45% return pakka milega.",spam
"Neighbour ke yahan function hai, evening mein jaayenge.",ham
New joiners ka orientation tomorrow morning hai.,ham
Kal football khelne jaana hai? Team ready hai.,ham
Quarterly review next week schedule hui hai.,ham
Aaj bazar se doodh aur sabzi leke aana.,ham
"Aaj baarish mein bhig gaya, maza aaya!",ham
Bhai shaadi ki shopping kab karein jaayein?,ham
"Yaar Google Pay se 1200 ka cashback mila hai tujhe, 24 ghante mein claim kar warna expire.",spam
"Electricity bill 850 ka aaya, pay kar dena.",ham
"Aaj ghar pe guests aa rahe hain, jaldi aa jaao.",ham
"Aaj baarish mein bhig gaya, maza aaya!",ham
"Bhai Income Tax ne bheja message - 18500 ka refund pending hai, account details update kar.",spam
"Nayi job ka pehla din tha, colleagues ache hain.",ham
"Dost crypto mein 1000 lagao, 30 din mein 15000 guaranteed milenge - trusted platform.",spam
"Bhai Bank of Baroda ka message - FD mature ho gayi, 50k release karne ko 500 fee bhar.",spam
Dost internship ke liye apply kiya? Last date kal hai.,ham
"Interview 3 baje hai, thoda pehle pahunch jaana.",ham
"Dost, Paytm se message aaya - tera wallet hack hua. OTP share kar cancel karne ke liye.",spam
"Dost crypto mein 1000 lagao, 30 din mein 15000 guaranteed milenge - trusted platform.",spam
Bhai Amazon sale mein tu winner hai - MacBook jeet liya! Delivery ke liye 299 shipping bhar.,spam
Yaar nayi movie dekhi? Reviews bahut ache hain.,ham
"Client meeting postpone hui, Friday ko hogi.",ham
"Interview 3 baje hai, thoda pehle pahunch jaana.",ham
"Bhai main hospital mein hoon, phone kho gaya, please 5000 transfer kar do ye number pe.",spam
Bhai hostel ka mess food aaj bahut acha tha.,ham
"Bahut thak gaya hoon aaj, ghar jaake sona hai.",ham
Yaar seriously KBC ne message kiya hai - tera number lucky draw mein aaya. 25 lakh jeet.,spam
Yaar kal cricket match dekhne chalte hain maidan pe.,ham
Meeting 11 baje conference room mein hai.,ham
Yaar ghar baithe daily 2000 kamao - registration ke liye sirf 500 invest karo.,spam
"Neighbour ke yahan function hai, evening mein jaayenge.",ham
Yaar ghar baithe daily 2000 kamao - registration ke liye sirf 500 invest karo.,spam
"Aaj baarish mein bhig gaya, maza aaya!",ham
Didi tere liye Lucknow se mithai laya hoon.,ham
"Train 20 minutes late hai, platform 4 pe hai.",ham
Yaar driving license expire ho raha hai - online renew karo 150 fee ke saath.,spam
Bhai shaadi ki shopping kab karein jaayein?,ham
Dost PM Awas Yojana mein tera naam hai - 2.5 lakh ki subsidy ke liye register kar aaj.,spam
Chhotu homework kar liya? Aaj exam hai na.,ham
Bro election commission ka notice - voter ID update karna zaroori hai OTP ke saath.,spam
"Doctor ka appointment 10 baje hai, saath chaloge?",ham
Yaar seriously KBC ne message kiya hai - tera number lucky draw mein aaya. 25 lakh jeet.,spam
Aaj ka din bahut acha tha! Bahut khush hoon.,ham
"Yaar semester ki marksheet aayi, ache marks hain.",ham
Yaar GST department ne penalty lagai hai 12000 ki - 7 din mein pay karo.,spam
Chhotu homework kar liya? Aaj exam hai na.,ham
"Dost UPI PIN 3 baar galat hua, account lock hone se pehle verify kar abhi.",spam
Yaar nayi movie dekhi? Reviews bahut ache hain.,ham
Yaar driving license expire ho raha hai - online renew karo 150 fee ke saath.,spam
"Bhai Bank of Baroda ka message - FD mature ho gayi, 50k release karne ko 500 fee bhar.",spam
New joiners ka orientation tomorrow morning hai.,ham
Bhai Amazon sale mein tu winner hai - MacBook jeet liya! Delivery ke liye 299 shipping bhar.,spam
"Yaar bahut mushkil mein hoon, 3000 chahiye abhi, ghar pahunchke return kar dunga pakka.",spam
"Beta raat ko thand hai, jacket pehen ke nikalna.",ham
Sir report aaj sham tak submit ho jayegi.,ham
Sir report aaj sham tak submit ho jayegi.,ham
PhonePe alert aaya hai - suspicious login detect hua. Verify karne ke liye click kar.,spam
"Bhai main hospital mein hoon, phone kho gaya, please 5000 transfer kar do ye number pe.",spam
Bro election commission ka notice - voter ID update karna zaroori hai OTP ke saath.,spam
"Bro share market tips - 100% accurate calls, first 3 free, premium membership 2000 monthly.",spam
"Train 20 minutes late hai, platform 4 pe hai.",ham
"Papa salary account mein aa gayi, bills pay kar do.",ham
Dost State lottery mein ticket 4521 winner hai - 10 lakh ka prize claim kar aaj.,spam
Bhai ghar ka light bill pay hua kya?,ham
"Dost YouTube channel grow karo - 999 mein subscribers badhao, guaranteed results.",spam
Project ka deadline 2 din extend ho gaya hai.,ham
"Annual leave apply ki hai, approve ho jayegi.",ham
"Yaar Apple ID alert - iCloud storage full hai, data delete hone se pehle backup kar.",spam
"Take care bhai, travel safe.",ham
"Interview 3 baje hai, thoda pehle pahunch jaana.",ham
Bhai Amazon sale mein tu winner hai - MacBook jeet liya! Delivery ke liye 299 shipping bhar.,spam
Dost company mein kaam chahiye - interview ke liye 500 ka registration fee bhar.,spam
"Bhai Byjus mein teacher chahiye, monthly 40k - interview ke liye 200 ka form bharo.",spam
Bhai hostel ka mess food aaj bahut acha tha.,ham
"Maa aaj late aaunga, raat ka khana mat rakhna.",ham
Yaar BSNL lucky draw mein tera number aaya hai - 5 lakh ka prize. Details bhej jaldi.,spam
"Take care bhai, travel safe.",ham
"Neighbour ke yahan function hai, evening mein jaayenge.",ham
"Dost, Paytm se message aaya - tera wallet hack hua. OTP share kar cancel karne ke liye.",spam
"Doctor ka appointment 10 baje hai, saath chaloge?",ham
"Yaar UIDAI ka important message - tera Aadhaar kisi aur ke phone se link hua, fix kar.",spam
Bhai Zomato 5th anniversary pe 500 ka voucher mila hai - 2 ghante mein expire hoga.,spam
"Library book return karni hai, deadline hai.",ham
"Bhai Income Tax ne bheja message - 18500 ka refund pending hai, account details update kar.",spam
"Yaar Google Pay se 1200 ka cashback mila hai tujhe, 24 ghante mein claim kar warna expire.",spam
"Get well soon yaar, jaldi theek ho jaao.",ham
"Dost UPI PIN 3 baar galat hua, account lock hone se pehle verify kar abhi.",spam
Yaar ghar baithe daily 2000 kamao - registration ke liye sirf 500 invest karo.,spam
"Bhai IRCTC - Tatkal ticket cancel ho gayi automatically, refund ke liye bank details confirm kar.",spam
"Papa salary account mein aa gayi, bills pay kar do.",ham
Bhai canteen mein milte hain lunch time pe.,ham
Bhai kal ka program confirm hai na? Time bata.,ham
Aaj ka din bahut acha tha! Bahut khush hoon.,ham
"Bhai Microsoft support - Windows license expire ho gayi, 800 mein renew karo.",spam
Yaar GST department ne penalty lagai hai 12000 ki - 7 din mein pay karo.,spam
"Yaar UIDAI ka important message - tera Aadhaar kisi aur ke phone se link hua, fix kar.",spam
"Beta raat ko thand hai, jacket pehen ke nikalna.",ham
"Nayi job ka pehla din tha, colleagues ache hain.",ham
Sir report aaj sham tak submit ho jayegi.,ham
Yaar seriously KBC ne message kiya hai - tera number lucky draw mein aaya. 25 lakh jeet.,spam
"Neighbour ke yahan function hai, evening mein jaayenge.",ham
"Miss you dost, kab miloge?",ham
"Bhai SBI ne message bheja hai, account mein kuch problem hai. Is link pe ja: sbi-verify.net",spam
Maa dadi ki dawai pharmacy se le aayi hoon.,ham
"Electricity bill 850 ka aaya, pay kar dena.",ham
"Train 20 minutes late hai, platform 4 pe hai.",ham
Aaj bazar se doodh aur sabzi leke aana.,ham
"Train 20 minutes late hai, platform 4 pe hai.",ham
"Dost crypto mein 1000 lagao, 30 din mein 15000 guaranteed milenge - trusted platform.",spam
Bhai hostel ka mess food aaj bahut acha tha.,ham
"Yaar data entry job - ghar baithe 2-3 ghante, monthly 25k - training fee 1500.",spam
Yaar Reliance Digital contest mein jeet liya tune - register kar 1000 rupaye fee ke saath.,spam
"Yaar UIDAI ka important message - tera Aadhaar kisi aur ke phone se link hua, fix kar.",spam
Yaar nayi movie dekhi? Reviews bahut ache hain.,ham
Bhai kal ka program confirm hai na? Time bata.,ham
Kal football khelne jaana hai? Team ready hai.,ham
Chhotu homework kar liya? Aaj exam hai na.,ham
PhonePe alert aaya hai - suspicious login detect hua. Verify karne ke liye click kar.,spam
"Bahut thak gaya hoon aaj, ghar jaake sona hai.",ham
Quarterly review next week schedule hui hai.,ham
Project ka deadline 2 din extend ho gaya hai.,ham
"Dost YouTube channel grow karo - 999 mein subscribers badhao, guaranteed results.",spam
Bhai kal ka program confirm hai na? Time bata.,ham
"Doctor ka appointment 10 baje hai, saath chaloge?",ham
"Yaar Apple ID alert - iCloud storage full hai, data delete hone se pehle backup kar.",spam
"Interview 3 baje hai, thoda pehle pahunch jaana.",ham
"Client meeting postpone hui, Friday ko hogi.",ham
"Maa aaj late aaunga, raat ka khana mat rakhna.",ham
Scooter servicing ke liye garage le jaao.,ham
"Take care bhai, travel safe.",ham
Yaar GST department ne penalty lagai hai 12000 ki - 7 din mein pay karo.,spam
Quarterly review next week schedule hui hai.,ham
Bhai MLM business join karo - 5000 invest karo 50000 monthly kamao.,spam
Didi tere liye Lucknow se mithai laya hoon.,ham
"Take care bhai, travel safe.",ham
"Dost birthday party 7 baje hai, aana mat bhoolna.",ham
Kal football khelne jaana hai? Team ready hai.,ham
Yaar seriously KBC ne message kiya hai - tera number lucky draw mein aaya. 25 lakh jeet.,spam
Didi tere liye Lucknow se mithai laya hoon.,ham
"Bhai online tutor chahiye - 500 per hour, registration ke liye 300 ka form.",spam
Bhai canteen mein milte hain lunch time pe.,ham
"Dost birthday party 7 baje hai, aana mat bhoolna.",ham
Aaj ka din bahut acha tha! Bahut khush hoon.,ham
Kal football khelne jaana hai? Team ready hai.,ham
Bhai hostel ka mess food aaj bahut acha tha.,ham
"Bro EPF department ka message - PF account mein error hai, 45000 release ke liye verify kar.",spam
"Yaar semester ki marksheet aayi, ache marks hain.",ham
"Raincoat le jaao, baarish ka forecast hai.",ham
Bhai shaadi ki shopping kab karein jaayein?,ham
"Doctor ka appointment 10 baje hai, saath chaloge?",ham
Yaar nayi movie dekhi? Reviews bahut ache hain.,ham
"Bhai Microsoft support - Windows license expire ho gayi, 800 mein renew karo.",spam
New joiners ka orientation tomorrow morning hai.,ham
Bhai Amazon sale mein tu winner hai - MacBook jeet liya! Delivery ke liye 299 shipping bhar.,spam
"Bhai Microsoft support - Windows license expire ho gayi, 800 mein renew karo.",spam
"Train 20 minutes late hai, platform 4 pe hai.",ham
Sir report aaj sham tak submit ho jayegi.,ham
"Aaj ghar pe guests aa rahe hain, jaldi aa jaao.",ham
Happy Anniversary! Hamesha khush raho.,ham
"Get well soon yaar, jaldi theek ho jaao.",ham
Dost State lottery mein ticket 4521 winner hai - 10 lakh ka prize claim kar aaj.,spam
Yaar kal cricket match dekhne chalte hain maidan pe.,ham
Happy Anniversary! Hamesha khush raho.,ham
Bacche ka school kal band hai.,ham
"Doctor ka appointment 10 baje hai, saath chaloge?",ham
Chhotu homework kar liya? Aaj exam hai na.,ham
Dost PM Awas Yojana mein tera naam hai - 2.5 lakh ki subsidy ke liye register kar aaj.,spam
"Train 20 minutes late hai, platform 4 pe hai.",ham
Exam mein ache marks aaye! Maa bahut khush hain.,ham
"Bhai Sharma uncle bol rahe hain emergency hai, 10000 is account mein transfer kar do.",spam
"Annual leave apply ki hai, approve ho jayegi.",ham
Congrats on promotion! Bahut mehnat ki tumne.,ham
Yaar GST department ne penalty lagai hai 12000 ki - 7 din mein pay karo.,spam
"Bhai Income Tax ne bheja message - 18500 ka refund pending hai, account details update kar.",spam
Yaar BSNL lucky draw mein tera number aaya hai - 5 lakh ka prize. Details bhej jaldi.,spam
Yaar BSNL lucky draw mein tera number aaya hai - 5 lakh ka prize. Details bhej jaldi.,spam
Bacche ka school kal band hai.,ham
"Client meeting postpone hui, Friday ko hogi.",ham
"Miss you dost, kab miloge?",ham
"Dost wallet gum ho gaya station pe, 500 UPI kar do, aaj raat pakka return karunga.",spam
"Neighbour ke yahan function hai, evening mein jaayenge.",ham
Happy Anniversary! Hamesha khush raho.,ham
Yaar kal cricket match dekhne chalte hain maidan pe.,ham
Congrats on promotion! Bahut mehnat ki tumne.,ham
"Electricity bill 850 ka aaya, pay kar dena.",ham
"Interview 3 baje hai, thoda pehle pahunch jaana.",ham
Aaj ka din bahut acha tha! Bahut khush hoon.,ham
Bhai hostel ka mess food aaj bahut acha tha.,ham
"Bahut thak gaya hoon aaj, ghar jaake sona hai.",ham
Bhai canteen mein milte hain lunch time pe.,ham
Bhai ghar ka light bill pay hua kya?,ham
"Aaj baarish mein bhig gaya, maza aaya!",ham
Meeting 11 baje conference room mein hai.,ham
"Interview 3 baje hai, thoda pehle pahunch jaana.",ham
Bhai Amazon sale mein tu winner hai - MacBook jeet liya! Delivery ke liye 299 shipping bhar.,spam
"Bhai Bank of Baroda ka message - FD mature ho gayi, 50k release karne ko 500 fee bhar.",spam
Bhai exam kaisa gaya? Result kab aayega?,ham
Dost internship ke liye apply kiya? Last date kal hai.,ham
"Yaar UIDAI ka important message - tera Aadhaar kisi aur ke phone se link hua, fix kar.",spam
Meeting 11 baje conference room mein hai.,ham
"Dost YouTube channel grow karo - 999 mein subscribers badhao, guaranteed results.",spam
Maa dadi ki dawai pharmacy se le aayi hoon.,ham
Papa gaadi ka insurance renew ho gaya.,ham
Bro Amazon Pay se unauthorized 3200 gaye. Cancel karna hai to OTP share kar turant.,spam
Aaj bazar se doodh aur sabzi leke aana.,ham
"Train 20 minutes late hai, platform 4 pe hai.",ham
Bhai canteen mein milte hain lunch time pe.,ham
Meeting 11 baje conference room mein hai.,ham
"Take care bhai, travel safe.",ham
Scooter servicing ke liye garage le jaao.,ham
Bhai kal ka program confirm hai na? Time bata.,ham
"Aaj baarish mein bhig gaya, maza aaya!",ham
"Bro EPF department ka message - PF account mein error hai, 45000 release ke liye verify kar.",spam
"Doctor ka appointment 10 baje hai, saath chaloge?",ham
Yaar kal cricket match dekhne chalte hain maidan pe.,ham
"Aaj ghar pe guests aa rahe hain, jaldi aa jaao.",ham
Bhai exam kaisa gaya? Result kab aayega?,ham
Happy Anniversary! Hamesha khush raho.,ham
"Neighbour ke yahan function hai, evening mein jaayenge.",ham
"Papa salary account mein aa gayi, bills pay kar do.",ham
Yaar Reliance Digital contest mein jeet liya tune - register kar 1000 rupaye fee ke saath.,spam
"Team lunch cancel hua, boss bahar hain aaj.",ham
Didi tere liye Lucknow se mithai laya hoon.,ham
Bhai ghar ka light bill pay hua kya?,ham
"Aaj ghar pe guests aa rahe hain, jaldi aa jaao.",ham
"Library book return karni hai, deadline hai.",ham
Yaar GST department ne penalty lagai hai 12000 ki - 7 din mein pay karo.,spam
Aaj bazar se doodh aur sabzi leke aana.,ham
Bro election commission ka notice - voter ID update karna zaroori hai OTP ke saath.,spam
"Dost birthday party 7 baje hai, aana mat bhoolna.",ham
"Aaj baarish mein bhig gaya, maza aaya!",ham
"Neighbour ke yahan function hai, evening mein jaayenge.",ham
"Bhai Bank of Baroda ka message - FD mature ho gayi, 50k release karne ko 500 fee bhar.",spam
"Doctor ka appointment 10 baje hai, saath chaloge?",ham
Maa dadi ki dawai pharmacy se le aayi hoon.,ham
Congrats on promotion! Bahut mehnat ki tumne.,ham
Bro Flipkart ne select kiya hai tujhe - surprise iPhone 15 jeet liya! Registration kar.,spam
"Bhai SBI ne message bheja hai, account mein kuch problem hai. Is link pe ja: sbi-verify.net",spam
Congrats on promotion! Bahut mehnat ki tumne.,ham
Yaar ghar baithe daily 2000 kamao - registration ke liye sirf 500 invest karo.,spam
Scooter servicing ke liye garage le jaao.,ham
"Raincoat le jaao, baarish ka forecast hai.",ham
Bhai ghar ka light bill pay hua kya?,ham
"Survey complete kiya tune, 3500 ka reward mila. Claim karne ke liye account details de.",spam
"Dost birthday party 7 baje hai, aana mat bhoolna.",ham
"Electricity bill 850 ka aaya, pay kar dena.",ham
"Yaar HDFC ka call aaya tha, bol rahe the tera account 2 din mein band hoga KYC ke bina.",spam
Office ka WiFi 2 ghante ke liye maintenance pe band.,ham
"Yaar Apple ID alert - iCloud storage full hai, data delete hone se pehle backup kar.",spam
Bro Flipkart ne select kiya hai tujhe - surprise iPhone 15 jeet liya! Registration kar.,spam
Bacche ka school kal band hai.,ham
Congrats on promotion! Bahut mehnat ki tumne.,ham
"Bro share market tips - 100% accurate calls, first 3 free, premium membership 2000 monthly.",spam
Bro WhatsApp ban hone wala hai tera - verify karne ke liye OTP forward kar.,spam
Dost Ayushman Bharat health card ready hai - activate karne ke liye Aadhaar OTP de.,spam
"Aaj baarish mein bhig gaya, maza aaya!",ham
"Dost wallet gum ho gaya station pe, 500 UPI kar do, aaj raat pakka return karunga.",spam
Aaj ka din bahut acha tha! Bahut khush hoon.,ham
"Yaar data entry job - ghar baithe 2-3 ghante, monthly 25k - training fee 1500.",spam
Bro Amazon Pay se unauthorized 3200 gaye. Cancel karna hai to OTP share kar turant.,spam
Sir report aaj sham tak submit ho jayegi.,ham
Scooter servicing ke liye garage le jaao.,ham
"Maa aaj late aaunga, raat ka khana mat rakhna.",ham
"ICICI ne warning di hai - net banking expire ho rahi hai, abhi renew kar warna block ho jayega.",spam
Aaj bazar se doodh aur sabzi leke aana.,ham
Bro Axis Bank ka alert - tera account se 8500 gaya. Agar tune nahi kiya to abhi call kar.,spam
"Yaar HDFC ka call aaya tha, bol rahe the tera account 2 din mein band hoga KYC ke bina.",spam
Aaj ka din bahut acha tha! Bahut khush hoon.,ham
Aaj bazar se doodh aur sabzi leke aana.,ham
Office ka WiFi 2 ghante ke liye maintenance pe band.,ham
"Interview 3 baje hai, thoda pehle pahunch jaana.",ham
"Get well soon yaar, jaldi theek ho jaao.",ham
"Beta raat ko thand hai, jacket pehen ke nikalna.",ham
Kal football khelne jaana hai? Team ready hai.,ham
Bhai shaadi ki shopping kab karein jaayein?,ham
Exam mein ache marks aaye! Maa bahut khush hain.,ham
Dost Ayushman Bharat health card ready hai - activate karne ke liye Aadhaar OTP de.,spam
Meeting 11 baje conference room mein hai.,ham
"Raincoat le jaao, baarish ka forecast hai.",ham
Happy Anniversary! Hamesha khush raho.,ham
"Yaar project ki deadline kal hai, library mein milo.",ham
"Yaar police case mein phans gaya hoon, 15000 chahiye vakeel ke liye, family ko mat batana.",spam
Aaj bazar se doodh aur sabzi leke aana.,ham
Bhai ghar ka light bill pay hua kya?,ham
"Client meeting postpone hui, Friday ko hogi.",ham
"Bhai SBI ne message bheja hai, account mein kuch problem hai. Is link pe ja: sbi-verify.net",spam
"Yaar project ki deadline kal hai, library mein milo.",ham
Bacche ka school kal band hai.,ham
"Get well soon yaar, jaldi theek ho jaao.",ham
"Bhai Sharma uncle bol rahe hain emergency hai, 10000 is account mein transfer kar do.",spam
"Library book return karni hai, deadline hai.",ham
"Library book return karni hai, deadline hai.",ham
"Annual leave apply ki hai, approve ho jayegi.",ham
Bhai canteen mein milte hain lunch time pe.,ham
"Aaj ghar pe guests aa rahe hain, jaldi aa jaao.",ham
"Maa aaj late aaunga, raat ka khana mat rakhna.",ham
"Survey complete kiya tune, 3500 ka reward mila. Claim karne ke liye account details de.",spam
"Electricity bill 850 ka aaya, pay kar dena.",ham
"Nayi job ka pehla din tha, colleagues ache hain.",ham
"Client meeting postpone hui, Friday ko hogi.",ham
"Bahut thak gaya hoon aaj, ghar jaake sona hai.",ham
"Bhai Income Tax ne bheja message - 18500 ka refund pending hai, account details update kar.",spam
"Doctor ka appointment 10 baje hai, saath chaloge?",ham
"Nayi job ka pehla din tha, colleagues ache hain.",ham
"Aaj ghar pe guests aa rahe hain, jaldi aa jaao.",ham
Bhai exam kaisa gaya? Result kab aayega?,ham
"Neighbour ke yahan function hai, evening mein jaayenge.",ham
Yaar Reliance Digital contest mein jeet liya tune - register kar 1000 rupaye fee ke saath.,spam
Yaar driving license expire ho raha hai - online renew karo 150 fee ke saath.,spam
Yaar nayi movie dekhi? Reviews bahut ache hain.,ham
Maa dadi ki dawai pharmacy se le aayi hoon.,ham
"Client meeting postpone hui, Friday ko hogi.",ham
Office ka WiFi 2 ghante ke liye maintenance pe band.,ham
Bro Amazon Pay se unauthorized 3200 gaye. Cancel karna hai to OTP share kar turant.,spam
"Bhai passport seva - application pending hai, documents upload karo warna reject hoga.",spam
"Neighbour ke yahan function hai, evening mein jaayenge.",ham
"Papa salary account mein aa gayi, bills pay kar do.",ham
Exam mein ache marks aaye! Maa bahut khush hain.,ham
"Raincoat le jaao, baarish ka forecast hai.",ham
Bro election commission ka notice - voter ID update karna zaroori hai OTP ke saath.,spam
Bro Flipkart ne select kiya hai tujhe - surprise iPhone 15 jeet liya! Registration kar.,spam
Dost internship ke liye apply kiya? Last date kal hai.,ham
"Dost wallet gum ho gaya station pe, 500 UPI kar do, aaj raat pakka return karunga.",spam
"Yaar mutual fund advisor - invest karo, annual 45% return pakka milega.",spam
Papa gaadi ka insurance renew ho gaya.,ham
Bro Axis Bank ka alert - tera account se 8500 gaya. Agar tune nahi kiya to abhi call kar.,spam
"Dost wallet gum ho gaya station pe, 500 UPI kar do, aaj raat pakka return karunga.",spam
PhonePe alert aaya hai - suspicious login detect hua. Verify karne ke liye click kar.,spam
Bacche ka school kal band hai.,ham
"Electricity bill 850 ka aaya, pay kar dena.",ham
Yaar kal cricket match dekhne chalte hain maidan pe.,ham
Yaar ghar baithe daily 2000 kamao - registration ke liye sirf 500 invest karo.,spam
"Team lunch cancel hua, boss bahar hain aaj.",ham
Sir report aaj sham tak submit ho jayegi.,ham
Sir report aaj sham tak submit ho jayegi.,ham
"Dost Jio ka message aaya - 1 saal ki free service mili hai, activate karne ke liye OTP de.",spam
Papa gaadi ka insurance renew ho gaya.,ham
Bhai canteen mein milte hain lunch time pe.,ham
Bacche ka school kal band hai.,ham
"Bhai IRCTC - Tatkal ticket cancel ho gayi automatically, refund ke liye bank details confirm kar.",spam
Bro Flipkart ne select kiya hai tujhe - surprise iPhone 15 jeet liya! Registration kar.,spam
Yaar tere phone mein dangerous virus hai - data safe karne ke liye ye app install kar.,spam
"Aaj baarish mein bhig gaya, maza aaya!",ham
"Bro EPF department ka message - PF account mein error hai, 45000 release ke liye verify kar.",spam
"Raincoat le jaao, baarish ka forecast hai.",ham
"Papa salary account mein aa gayi, bills pay kar do.",ham
Quarterly review next week schedule hui hai.,ham
Didi tere liye Lucknow se mithai laya hoon.,ham
"Neighbour ke yahan function hai, evening mein jaayenge.",ham
"Doctor ka appointment 10 baje hai, saath chaloge?",ham
Congrats on promotion! Bahut mehnat ki tumne.,ham
Yaar tere phone mein dangerous virus hai - data safe karne ke liye ye app install kar.,spam
"Dost Jio ka message aaya - 1 saal ki free service mili hai, activate karne ke liye OTP de.",spam
"Bahut thak gaya hoon aaj, ghar jaake sona hai.",ham
"Raincoat le jaao, baarish ka forecast hai.",ham
Meeting 11 baje conference room mein hai.,ham
"Doctor ka appointment 10 baje hai, saath chaloge?",ham
Exam mein ache marks aaye! Maa bahut khush hain.,ham
Yaar kal cricket match dekhne chalte hain maidan pe.,ham
"Bro share market tips - 100% accurate calls, first 3 free, premium membership 2000 monthly.",spam
Dost State lottery mein ticket 4521 winner hai - 10 lakh ka prize claim kar aaj.,spam
"Bro Amazon seller program - ghar baithe selling, 10k monthly guaranteed, join fee 2000.",spam
Aaj bazar se doodh aur sabzi leke aana.,ham
"Get well soon yaar, jaldi theek ho jaao.",ham
Maa dadi ki dawai pharmacy se le aayi hoon.,ham
Bro Axis Bank ka alert - tera account se 8500 gaya. Agar tune nahi kiya to abhi call kar.,spam
Chhotu homework kar liya? Aaj exam hai na.,ham
Bhai kal ka program confirm hai na? Time bata.,ham
New joiners ka orientation tomorrow morning hai.,ham
"Electricity bill 850 ka aaya, pay kar dena.",ham
"Bhai Bank of Baroda ka message - FD mature ho gayi, 50k release karne ko 500 fee bhar.",spam
Bro Swiggy ka lucky customer select hua tu - free meal voucher claim kar abhi.,spam
"Yaar project ki deadline kal hai, library mein milo.",ham
Bhai ghar ka light bill pay hua kya?,ham
Congrats on promotion! Bahut mehnat ki tumne.,ham
"Dost, Paytm se message aaya - tera wallet hack hua. OTP share kar cancel karne ke liye.",spam
"Beta raat ko thand hai, jacket pehen ke nikalna.",ham
"Neighbour ke yahan function hai, evening mein jaayenge.",ham
"Aaj ghar pe guests aa rahe hain, jaldi aa jaao.",ham
Office ka WiFi 2 ghante ke liye maintenance pe band.,ham
"Dost crypto mein 1000 lagao, 30 din mein 15000 guaranteed milenge - trusted platform.",spam
Yaar kal cricket match dekhne chalte hain maidan pe.,ham
Aaj ka din bahut acha tha! Bahut khush hoon.,ham
"Train 20 minutes late hai, platform 4 pe hai.",ham
Bacche ka school kal band hai.,ham
"Dost Jio ka message aaya - 1 saal ki free service mili hai, activate karne ke liye OTP de.",spam
"Client meeting postpone hui, Friday ko hogi.",ham
"Maa aaj late aaunga, raat ka khana mat rakhna.",ham
Congrats on promotion! Bahut mehnat ki tumne.,ham
Congrats on promotion! Bahut mehnat ki tumne.,ham
"Yaar UIDAI ka important message - tera Aadhaar kisi aur ke phone se link hua, fix kar.",spam
Maa dadi ki dawai pharmacy se le aayi hoon.,ham
"Dost UPI PIN 3 baar galat hua, account lock hone se pehle verify kar abhi.",spam
New joiners ka orientation tomorrow morning hai.,ham
"Maa aaj late aaunga, raat ka khana mat rakhna.",ham
Bhai MLM business join karo - 5000 invest karo 50000 monthly kamao.,spam
"Train 20 minutes late hai, platform 4 pe hai.",ham
Bhai Amazon sale mein tu winner hai - MacBook jeet liya! Delivery ke liye 299 shipping bhar.,spam
Dost internship ke liye apply kiya? Last date kal hai.,ham
"Library book return karni hai, deadline hai.",ham
Yaar tere phone mein dangerous virus hai - data safe karne ke liye ye app install kar.,spam
"Miss you dost, kab miloge?",ham
"Get well soon yaar, jaldi theek ho jaao.",ham
"Maa aaj late aaunga, raat ka khana mat rakhna.",ham
"Yaar UIDAI ka important message - tera Aadhaar kisi aur ke phone se link hua, fix kar.",spam
"Survey complete kiya tune, 3500 ka reward mila. Claim karne ke liye account details de.",spam
Papa gaadi ka insurance renew ho gaya.,ham
Chhotu homework kar liya? Aaj exam hai na.,ham
Bhai kal ka program confirm hai na? Time bata.,ham
"Bhai IRCTC - Tatkal ticket cancel ho gayi automatically, refund ke liye bank details confirm kar.",spam
Kal football khelne jaana hai? Team ready hai.,ham
"Maa aaj late aaunga, raat ka khana mat rakhna.",ham
Sir report aaj sham tak submit ho jayegi.,ham
"Papa salary account mein aa gayi, bills pay kar do.",ham
Yaar nayi movie dekhi? Reviews bahut ache hain.,ham
New joiners ka orientation tomorrow morning hai.,ham
"Bhai Bank of Baroda ka message - FD mature ho gayi, 50k release karne ko 500 fee bhar.",spam
"Bro share market tips - 100% accurate calls, first 3 free, premium membership 2000 monthly.",spam
PhonePe alert aaya hai - suspicious login detect hua. Verify karne ke liye click kar.,spam
Exam mein ache marks aaye! Maa bahut khush hain.,ham
"Train 20 minutes late hai, platform 4 pe hai.",ham
Maa dadi ki dawai pharmacy se le aayi hoon.,ham
Meeting 11 baje conference room mein hai.,ham
Yaar kal cricket match dekhne chalte hain maidan pe.,ham
Dost State lottery mein ticket 4521 winner hai - 10 lakh ka prize claim kar aaj.,spam
Yaar nayi movie dekhi? Reviews bahut ache hain.,ham
Bhai Amazon sale mein tu winner hai - MacBook jeet liya! Delivery ke liye 299 shipping bhar.,spam
Congrats on promotion! Bahut mehnat ki tumne.,ham
Bhai hostel ka mess food aaj bahut acha tha.,ham
"Annual leave apply ki hai, approve ho jayegi.",ham
Office ka WiFi 2 ghante ke liye maintenance pe band.,ham
Kal football khelne jaana hai? Team ready hai.,ham
"Team lunch cancel hua, boss bahar hain aaj.",ham
"Survey complete kiya tune, 3500 ka reward mila. Claim karne ke liye account details de.",spam
Office ka WiFi 2 ghante ke liye maintenance pe band.,ham
Bacche ka school kal band hai.,ham
"Papa salary account mein aa gayi, bills pay kar do.",ham
Scooter servicing ke liye garage le jaao.,ham
Papa gaadi ka insurance renew ho gaya.,ham
Papa gaadi ka insurance renew ho gaya.,ham
"Yaar bahut mushkil mein hoon, 3000 chahiye abhi, ghar pahunchke return kar dunga pakka.",spam
Aaj bazar se doodh aur sabzi leke aana.,ham
Yaar seriously KBC ne message kiya hai - tera number lucky draw mein aaya. 25 lakh jeet.,spam
"Electricity bill 850 ka aaya, pay kar dena.",ham
Aaj bazar se doodh aur sabzi leke aana.,ham
"Maa aaj late aaunga, raat ka khana mat rakhna.",ham
Bhai hostel ka mess food aaj bahut acha tha.,ham
Scooter servicing ke liye garage le jaao.,ham
"Miss you dost, kab miloge?",ham
"Bhai Income Tax ne bheja message - 18500 ka refund pending hai, account details update kar.",spam
Bhai canteen mein milte hain lunch time pe.,ham
Quarterly review next week schedule hui hai.,ham
"Annual leave apply ki hai, approve ho jayegi.",ham
Kal football khelne jaana hai? Team ready hai.,ham
"Yaar semester ki marksheet aayi, ache marks hain.",ham
"Bhai Income Tax ne bheja message - 18500 ka refund pending hai, account details update kar.",spam
Bhai exam kaisa gaya? Result kab aayega?,ham
Scooter servicing ke liye garage le jaao.,ham
Yaar Reliance Digital contest mein jeet liya tune - register kar 1000 rupaye fee ke saath.,spam
Quarterly review next week schedule hui hai.,ham
"Raincoat le jaao, baarish ka forecast hai.",ham
Maa dadi ki dawai pharmacy se le aayi hoon.,ham
"Interview 3 baje hai, thoda pehle pahunch jaana.",ham
"Yaar bahut mushkil mein hoon, 3000 chahiye abhi, ghar pahunchke return kar dunga pakka.",spam
Bro Amazon Pay se unauthorized 3200 gaye. Cancel karna hai to OTP share kar turant.,spam
"Yaar UIDAI ka important message - tera Aadhaar kisi aur ke phone se link hua, fix kar.",spam
"Get well soon yaar, jaldi theek ho jaao.",ham
Project ka deadline 2 din extend ho gaya hai.,ham
"Yaar project ki deadline kal hai, library mein milo.",ham
Bhai canteen mein milte hain lunch time pe.,ham
Bro WhatsApp ban hone wala hai tera - verify karne ke liye OTP forward kar.,spam
Aaj bazar se doodh aur sabzi leke aana.,ham
"Papa salary account mein aa gayi, bills pay kar do.",ham
"Yaar project ki deadline kal hai, library mein milo.",ham
"Get well soon yaar, jaldi theek ho jaao.",ham
"Library book return karni hai, deadline hai.",ham
Dost Ayushman Bharat health card ready hai - activate karne ke liye Aadhaar OTP de.,spam
New joiners ka orientation tomorrow morning hai.,ham
"Team lunch cancel hua, boss bahar hain aaj.",ham
"Yaar semester ki marksheet aayi, ache marks hain.",ham
Sir report aaj sham tak submit ho jayegi.,ham
Bhai kal ka program confirm hai na? Time bata.,ham
Kal football khelne jaana hai? Team ready hai.,ham
Chhotu homework kar liya? Aaj exam hai na.,ham
Bhai shaadi ki shopping kab karein jaayein?,ham
Chhotu homework kar liya? Aaj exam hai na.,ham
"Get well soon yaar, jaldi theek ho jaao.",ham
"Raincoat le jaao, baarish ka forecast hai.",ham
"Bhai passport seva - application pending hai, documents upload karo warna reject hoga.",spam
Sir report aaj sham tak submit ho jayegi.,ham
"Yaar project ki deadline kal hai, library mein milo.",ham
"Take care bhai, travel safe.",ham
"Maa aaj late aaunga, raat ka khana mat rakhna.",ham
Dost company mein kaam chahiye - interview ke liye 500 ka registration fee bhar.,spam
"Train 20 minutes late hai, platform 4 pe hai.",ham
Yaar ghar baithe daily 2000 kamao - registration ke liye sirf 500 invest karo.,spam
Yaar tere phone mein dangerous virus hai - data safe karne ke liye ye app install kar.,spam
Yaar nayi movie dekhi? Reviews bahut ache hain.,ham
Dost internship ke liye apply kiya? Last date kal hai.,ham
New joiners ka orientation tomorrow morning hai.,ham
"Dost birthday party 7 baje hai, aana mat bhoolna.",ham
Sir report aaj sham tak submit ho jayegi.,ham
Dost Gmail account kisi aur device se access ho raha hai - turant password change kar.,spam
"Bhai Bank of Baroda ka message - FD mature ho gayi, 50k release karne ko 500 fee bhar.",spam
Aaj bazar se doodh aur sabzi leke aana.,ham
Didi tere liye Lucknow se mithai laya hoon.,ham
"Aaj baarish mein bhig gaya, maza aaya!",ham
Congrats on promotion! Bahut mehnat ki tumne.,ham
"Beta raat ko thand hai, jacket pehen ke nikalna.",ham
New joiners ka orientation tomorrow morning hai.,ham
"Train 20 minutes late hai, platform 4 pe hai.",ham
Congrats on promotion! Bahut mehnat ki tumne.,ham
"Library book return karni hai, deadline hai.",ham
"Neighbour ke yahan function hai, evening mein jaayenge.",ham
"Bhai Income Tax ne bheja message - 18500 ka refund pending hai, account details update kar.",spam
Bhai Zomato 5th anniversary pe 500 ka voucher mila hai - 2 ghante mein expire hoga.,spam
"Annual leave apply ki hai, approve ho jayegi.",ham
Dost PM Awas Yojana mein tera naam hai - 2.5 lakh ki subsidy ke liye register kar aaj.,spam
"Client meeting postpone hui, Friday ko hogi.",ham
Bro Flipkart ne select kiya hai tujhe - surprise iPhone 15 jeet liya! Registration kar.,spam
New joiners ka orientation tomorrow morning hai.,ham
"Bhai online tutor chahiye - 500 per hour, registration ke liye 300 ka form.",spam
"Aaj baarish mein bhig gaya, maza aaya!",ham
Bacche ka school kal band hai.,ham
Congrats on promotion! Bahut mehnat ki tumne.,ham
"Yaar HDFC ka call aaya tha, bol rahe the tera account 2 din mein band hoga KYC ke bina.",spam
"Yaar semester ki marksheet aayi, ache marks hain.",ham
Congrats on promotion! Bahut mehnat ki tumne.,ham
"Bahut thak gaya hoon aaj, ghar jaake sona hai.",ham
"Raincoat le jaao, baarish ka forecast hai.",ham
"Team lunch cancel hua, boss bahar hain aaj.",ham
Exam mein ache marks aaye! Maa bahut khush hain.,ham
Dost Gmail account kisi aur device se access ho raha hai - turant password change kar.,spam
"Maa aaj late aaunga, raat ka khana mat rakhna.",ham
Congrats on promotion! Bahut mehnat ki tumne.,ham
"Beta raat ko thand hai, jacket pehen ke nikalna.",ham
"Yaar semester ki marksheet aayi, ache marks hain.",ham
"Bhai Microsoft support - Windows license expire ho gayi, 800 mein renew karo.",spam
Bhai ghar ka light bill pay hua kya?,ham
Happy Anniversary! Hamesha khush raho.,ham
Bro WhatsApp ban hone wala hai tera - verify karne ke liye OTP forward kar.,spam
"Papa salary account mein aa gayi, bills pay kar do.",ham
"Miss you dost, kab miloge?",ham
Bhai hostel ka mess food aaj bahut acha tha.,ham
Bro Amazon Pay se unauthorized 3200 gaye. Cancel karna hai to OTP share kar turant.,spam
Bhai ghar ka light bill pay hua kya?,ham
"Doctor ka appointment 10 baje hai, saath chaloge?",ham
Quarterly review next week schedule hui hai.,ham
Exam mein ache marks aaye! Maa bahut khush hain.,ham
Bhai ghar ka light bill pay hua kya?,ham
Bro Swiggy ka lucky customer select hua tu - free meal voucher claim kar abhi.,spam
New joiners ka orientation tomorrow morning hai.,ham
"Interview 3 baje hai, thoda pehle pahunch jaana.",ham
Bro Swiggy ka lucky customer select hua tu - free meal voucher claim kar abhi.,spam
Aaj bazar se doodh aur sabzi leke aana.,ham
Chhotu homework kar liya? Aaj exam hai na.,ham
"Dost birthday party 7 baje hai, aana mat bhoolna.",ham
Yaar GST department ne penalty lagai hai 12000 ki - 7 din mein pay karo.,spam
Scooter servicing ke liye garage le jaao.,ham
Dost internship ke liye apply kiya? Last date kal hai.,ham
Maa dadi ki dawai pharmacy se le aayi hoon.,ham
Quarterly review next week schedule hui hai.,ham
Bhai exam kaisa gaya? Result kab aayega?,ham
Aaj ka din bahut acha tha! Bahut khush hoon.,ham
Happy Anniversary! Hamesha khush raho.,ham
Yaar kal cricket match dekhne chalte hain maidan pe.,ham
"Bro share market tips - 100% accurate calls, first 3 free, premium membership 2000 monthly.",spam
"Nayi job ka pehla din tha, colleagues ache hain.",ham
Exam mein ache marks aaye! Maa bahut khush hain.,ham
Chhotu homework kar liya? Aaj exam hai na.,ham
"Miss you dost, kab miloge?",ham
"Bhai passport seva - application pending hai, documents upload karo warna reject hoga.",spam
Scooter servicing ke liye garage le jaao.,ham
Bhai hostel ka mess food aaj bahut acha tha.,ham
"Take care bhai, travel safe.",ham
"Yaar project ki deadline kal hai, library mein milo.",ham
Chhotu homework kar liya? Aaj exam hai na.,ham
"Dost YouTube channel grow karo - 999 mein subscribers badhao, guaranteed results.",spam
Bhai hostel ka mess food aaj bahut acha tha.,ham
Dost PM Awas Yojana mein tera naam hai - 2.5 lakh ki subsidy ke liye register kar aaj.,spam
"Get well soon yaar, jaldi theek ho jaao.",ham
Bro Swiggy ka lucky customer select hua tu - free meal voucher claim kar abhi.,spam
Bhai kal ka program confirm hai na? Time bata.,ham
Yaar kal cricket match dekhne chalte hain maidan pe.,ham
"Beta raat ko thand hai, jacket pehen ke nikalna.",ham
Scooter servicing ke liye garage le jaao.,ham
"Neighbour ke yahan function hai, evening mein jaayenge.",ham
"Aaj ghar pe guests aa rahe hain, jaldi aa jaao.",ham
"Dost Jio ka message aaya - 1 saal ki free service mili hai, activate karne ke liye OTP de.",spam
"Yaar bahut mushkil mein hoon, 3000 chahiye abhi, ghar pahunchke return kar dunga pakka.",spam
Yaar kal cricket match dekhne chalte hain maidan pe.,ham
"Bhai main hospital mein hoon, phone kho gaya, please 5000 transfer kar do ye number pe.",spam
"Take care bhai, travel safe.",ham
"Dost Jio ka message aaya - 1 saal ki free service mili hai, activate karne ke liye OTP de.",spam
"Neighbour ke yahan function hai, evening mein jaayenge.",ham
Maa dadi ki dawai pharmacy se le aayi hoon.,ham
"Dost, Paytm se message aaya - tera wallet hack hua. OTP share kar cancel karne ke liye.",spam
Bhai hostel ka mess food aaj bahut acha tha.,ham
Chhotu homework kar liya? Aaj exam hai na.,ham
"Library book return karni hai, deadline hai.",ham
"Team lunch cancel hua, boss bahar hain aaj.",ham
"Bhai Income Tax ne bheja message - 18500 ka refund pending hai, account details update kar.",spam
"Aaj baarish mein bhig gaya, maza aaya!",ham
"Maa aaj late aaunga, raat ka khana mat rakhna.",ham
"Yaar UIDAI ka important message - tera Aadhaar kisi aur ke phone se link hua, fix kar.",spam
Quarterly review next week schedule hui hai.,ham
Chhotu homework kar liya? Aaj exam hai na.,ham
Yaar nayi movie dekhi? Reviews bahut ache hain.,ham
Yaar nayi movie dekhi? Reviews bahut ache hain.,ham
"Aaj baarish mein bhig gaya, maza aaya!",ham
"Client meeting postpone hui, Friday ko hogi.",ham
"Dost YouTube channel grow karo - 999 mein subscribers badhao, guaranteed results.",spam
Bro Axis Bank ka alert - tera account se 8500 gaya. Agar tune nahi kiya to abhi call kar.,spam
"Yaar UIDAI ka important message - tera Aadhaar kisi aur ke phone se link hua, fix kar.",spam
"Client meeting postpone hui, Friday ko hogi.",ham
"Bro Amazon seller program - ghar baithe selling, 10k monthly guaranteed, join fee 2000.",spam
Dost internship ke liye apply kiya? Last date kal hai.,ham
Exam mein ache marks aaye! Maa bahut khush hain.,ham
"Yaar project ki deadline kal hai, library mein milo.",ham
Maa dadi ki dawai pharmacy se le aayi hoon.,ham
"Yaar police case mein phans gaya hoon, 15000 chahiye vakeel ke liye, family ko mat batana.",spam
"Dost birthday party 7 baje hai, aana mat bhoolna.",ham
Scooter servicing ke liye garage le jaao.,ham
Chhotu homework kar liya? Aaj exam hai na.,ham
"Neighbour ke yahan function hai, evening mein jaayenge.",ham
"Aaj baarish mein bhig gaya, maza aaya!",ham
Meeting 11 baje conference room mein hai.,ham
"Team lunch cancel hua, boss bahar hain aaj.",ham
"Beta raat ko thand hai, jacket pehen ke nikalna.",ham
Meeting 11 baje conference room mein hai.,ham
Chhotu homework kar liya? Aaj exam hai na.,ham
Bhai ghar ka light bill pay hua kya?,ham
Yaar seriously KBC ne message kiya hai - tera number lucky draw mein aaya. 25 lakh jeet.,spam
Quarterly review next week schedule hui hai.,ham
"ICICI ne warning di hai - net banking expire ho rahi hai, abhi renew kar warna block ho jayega.",spam
"Raincoat le jaao, baarish ka forecast hai.",ham
Yaar nayi movie dekhi? Reviews bahut ache hain.,ham
"Nayi job ka pehla din tha, colleagues ache hain.",ham
"Beta raat ko thand hai, jacket pehen ke nikalna.",ham
Bhai ghar ka light bill pay hua kya?,ham
Quarterly review next week schedule hui hai.,ham
Yaar GST department ne penalty lagai hai 12000 ki - 7 din mein pay karo.,spam
"Dost YouTube channel grow karo - 999 mein subscribers badhao, guaranteed results.",spam
"Take care bhai, travel safe.",ham
Meeting 11 baje conference room mein hai.,ham
"Bhai IRCTC - Tatkal ticket cancel ho gayi automatically, refund ke liye bank details confirm kar.",spam
Maa dadi ki dawai pharmacy se le aayi hoon.,ham
"Yaar project ki deadline kal hai, library mein milo.",ham
Didi tere liye Lucknow se mithai laya hoon.,ham
Yaar nayi movie dekhi? Reviews bahut ache hain.,ham
"Yaar bahut mushkil mein hoon, 3000 chahiye abhi, ghar pahunchke return kar dunga pakka.",spam
Yaar BSNL lucky draw mein tera number aaya hai - 5 lakh ka prize. Details bhej jaldi.,spam
Chhotu homework kar liya? Aaj exam hai na.,ham
Dost PM Awas Yojana mein tera naam hai - 2.5 lakh ki subsidy ke liye register kar aaj.,spam
Congrats on promotion! Bahut mehnat ki tumne.,ham
"Bro Amazon seller program - ghar baithe selling, 10k monthly guaranteed, join fee 2000.",spam
"Raincoat le jaao, baarish ka forecast hai.",ham
"Bhai Income Tax ne bheja message - 18500 ka refund pending hai, account details update kar.",spam
Scooter servicing ke liye garage le jaao.,ham
Exam mein ache marks aaye! Maa bahut khush hain.,ham
Sir report aaj sham tak submit ho jayegi.,ham
PhonePe alert aaya hai - suspicious login detect hua. Verify karne ke liye click kar.,spam
"Bhai Byjus mein teacher chahiye, monthly 40k - interview ke liye 200 ka form bharo.",spam
Bhai kal ka program confirm hai na? Time bata.,ham
New joiners ka orientation tomorrow morning hai.,ham
"Train 20 minutes late hai, platform 4 pe hai.",ham
Yaar GST department ne penalty lagai hai 12000 ki - 7 din mein pay karo.,spam
"Team lunch cancel hua, boss bahar hain aaj.",ham
Bhai MLM business join karo - 5000 invest karo 50000 monthly kamao.,spam
"Library book return karni hai, deadline hai.",ham
"Interview 3 baje hai, thoda pehle pahunch jaana.",ham
Office ka WiFi 2 ghante ke liye maintenance pe band.,ham
"Client meeting postpone hui, Friday ko hogi.",ham
"Bhai Microsoft support - Windows license expire ho gayi, 800 mein renew karo.",spam
Exam mein ache marks aaye! Maa bahut khush hain.,ham
"Dost birthday party 7 baje hai, aana mat bhoolna.",ham
"Annual leave apply ki hai, approve ho jayegi.",ham
Bhai MLM business join karo - 5000 invest karo 50000 monthly kamao.,spam
"Yaar mutual fund advisor - invest karo, annual 45% return pakka milega.",spam
"Bhai Byjus mein teacher chahiye, monthly 40k - interview ke liye 200 ka form bharo.",spam
"Bhai IRCTC - Tatkal ticket cancel ho gayi automatically, refund ke liye bank details confirm kar.",spam
"Miss you dost, kab miloge?",ham
"Miss you dost, kab miloge?",ham
New joiners ka orientation tomorrow morning hai.,ham
"Dost birthday party 7 baje hai, aana mat bhoolna.",ham
Bro Axis Bank ka alert - tera account se 8500 gaya. Agar tune nahi kiya to abhi call kar.,spam
"Miss you dost, kab miloge?",ham
"Get well soon yaar, jaldi theek ho jaao.",ham
"Yaar semester ki marksheet aayi, ache marks hain.",ham
"Nayi job ka pehla din tha, colleagues ache hain.",ham
Scooter servicing ke liye garage le jaao.,ham
"Neighbour ke yahan function hai, evening mein jaayenge.",ham
"Yaar police case mein phans gaya hoon, 15000 chahiye vakeel ke liye, family ko mat batana.",spam
"Bahut thak gaya hoon aaj, ghar jaake sona hai.",ham
Bhai ghar ka light bill pay hua kya?,ham
Bhai hostel ka mess food aaj bahut acha tha.,ham
Papa gaadi ka insurance renew ho gaya.,ham
Yaar nayi movie dekhi? Reviews bahut ache hain.,ham
Quarterly review next week schedule hui hai.,ham
Bhai kal ka program confirm hai na? Time bata.,ham
Bro Swiggy ka lucky customer select hua tu - free meal voucher claim kar abhi.,spam
"Beta raat ko thand hai, jacket pehen ke nikalna.",ham
Bro election commission ka notice - voter ID update karna zaroori hai OTP ke saath.,spam
"Neighbour ke yahan function hai, evening mein jaayenge.",ham
"Electricity bill 850 ka aaya, pay kar dena.",ham
Yaar GST department ne penalty lagai hai 12000 ki - 7 din mein pay karo.,spam
Office ka WiFi 2 ghante ke liye maintenance pe band.,ham
Sir report aaj sham tak submit ho jayegi.,ham
"Annual leave apply ki hai, approve ho jayegi.",ham
Didi tere liye Lucknow se mithai laya hoon.,ham
"Yaar semester ki marksheet aayi, ache marks hain.",ham
"Miss you dost, kab miloge?",ham
"Aaj baarish mein bhig gaya, maza aaya!",ham
"Yaar project ki deadline kal hai, library mein milo.",ham
"Neighbour ke yahan function hai, evening mein jaayenge.",ham
Office ka WiFi 2 ghante ke liye maintenance pe band.,ham
Congrats on promotion! Bahut mehnat ki tumne.,ham
"Yaar data entry job - ghar baithe 2-3 ghante, monthly 25k - training fee 1500.",spam
"Nayi job ka pehla din tha, colleagues ache hain.",ham
"Bhai Sharma uncle bol rahe hain emergency hai, 10000 is account mein transfer kar do.",spam
"Yaar project ki deadline kal hai, library mein milo.",ham
Kal football khelne jaana hai? Team ready hai.,ham
Yaar Reliance Digital contest mein jeet liya tune - register kar 1000 rupaye fee ke saath.,spam
Bro Swiggy ka lucky customer select hua tu - free meal voucher claim kar abhi.,spam
"Bro EPF department ka message - PF account mein error hai, 45000 release ke liye verify kar.",spam
Office ka WiFi 2 ghante ke liye maintenance pe band.,ham
"Get well soon yaar, jaldi theek ho jaao.",ham
Aaj bazar se doodh aur sabzi leke aana.,ham
"Dost crypto mein 1000 lagao, 30 din mein 15000 guaranteed milenge - trusted platform.",spam
"Take care bhai, travel safe.",ham
Exam mein ache marks aaye! Maa bahut khush hain.,ham
"Electricity bill 850 ka aaya, pay kar dena.",ham
Dost Ayushman Bharat health card ready hai - activate karne ke liye Aadhaar OTP de.,spam
"Aaj ghar pe guests aa rahe hain, jaldi aa jaao.",ham
"Bro Amazon seller program - ghar baithe selling, 10k monthly guaranteed, join fee 2000.",spam
"Dost, Paytm se message aaya - tera wallet hack hua. OTP share kar cancel karne ke liye.",spam
Bhai canteen mein milte hain lunch time pe.,ham
Bacche ka school kal band hai.,ham
Papa gaadi ka insurance renew ho gaya.,ham
New joiners ka orientation tomorrow morning hai.,ham
"Electricity bill 850 ka aaya, pay kar dena.",ham
"Miss you dost, kab miloge?",ham
Project ka deadline 2 din extend ho gaya hai.,ham
"Yaar data entry job - ghar baithe 2-3 ghante, monthly 25k - training fee 1500.",spam
Project ka deadline 2 din extend ho gaya hai.,ham
Scooter servicing ke liye garage le jaao.,ham
"Library book return karni hai, deadline hai.",ham
Dost Gmail account kisi aur device se access ho raha hai - turant password change kar.,spam
"Neighbour ke yahan function hai, evening mein jaayenge.",ham
"Yaar semester ki marksheet aayi, ache marks hain.",ham
Yaar GST department ne penalty lagai hai 12000 ki - 7 din mein pay karo.,spam
"Yaar project ki deadline kal hai, library mein milo.",ham
Meeting 11 baje conference room mein hai.,ham
Maa dadi ki dawai pharmacy se le aayi hoon.,ham
"Bhai Bank of Baroda ka message - FD mature ho gayi, 50k release karne ko 500 fee bhar.",spam
"Bhai Bank of Baroda ka message - FD mature ho gayi, 50k release karne ko 500 fee bhar.",spam
"Dost UPI PIN 3 baar galat hua, account lock hone se pehle verify kar abhi.",spam
PhonePe alert aaya hai - suspicious login detect hua. Verify karne ke liye click kar.,spam
Quarterly review next week schedule hui hai.,ham
Aaj ka din bahut acha tha! Bahut khush hoon.,ham
Dost Ayushman Bharat health card ready hai - activate karne ke liye Aadhaar OTP de.,spam
Bhai shaadi ki shopping kab karein jaayein?,ham
Yaar kal cricket match dekhne chalte hain maidan pe.,ham
"Aaj baarish mein bhig gaya, maza aaya!",ham
"Take care bhai, travel safe.",ham
"Bhai passport seva - application pending hai, documents upload karo warna reject hoga.",spam
Quarterly review next week schedule hui hai.,ham
Bhai hostel ka mess food aaj bahut acha tha.,ham
"Raincoat le jaao, baarish ka forecast hai.",ham
Bhai shaadi ki shopping kab karein jaayein?,ham
"Yaar mutual fund advisor - invest karo, annual 45% return pakka milega.",spam
"Bhai main hospital mein hoon, phone kho gaya, please 5000 transfer kar do ye number pe.",spam
"Miss you dost, kab miloge?",ham
"Client meeting postpone hui, Friday ko hogi.",ham
"Bahut thak gaya hoon aaj, ghar jaake sona hai.",ham
"Bhai Byjus mein teacher chahiye, monthly 40k - interview ke liye 200 ka form bharo.",spam
Sir report aaj sham tak submit ho jayegi.,ham
"Dost, Paytm se message aaya - tera wallet hack hua. OTP share kar cancel karne ke liye.",spam
Bhai exam kaisa gaya? Result kab aayega?,ham
PhonePe alert aaya hai - suspicious login detect hua. Verify karne ke liye click kar.,spam
"Yaar UIDAI ka important message - tera Aadhaar kisi aur ke phone se link hua, fix kar.",spam
"Raincoat le jaao, baarish ka forecast hai.",ham
"Yaar HDFC ka call aaya tha, bol rahe the tera account 2 din mein band hoga KYC ke bina.",spam
"Miss you dost, kab miloge?",ham
Yaar kal cricket match dekhne chalte hain maidan pe.,ham
"Yaar semester ki marksheet aayi, ache marks hain.",ham
Dost Gmail account kisi aur device se access ho raha hai - turant password change kar.,spam
Exam mein ache marks aaye! Maa bahut khush hain.,ham
"ICICI ne warning di hai - net banking expire ho rahi hai, abhi renew kar warna block ho jayega.",spam
"Bhai Income Tax ne bheja message - 18500 ka refund pending hai, account details update kar.",spam
"Yaar semester ki marksheet aayi, ache marks hain.",ham
Aaj ka din bahut acha tha! Bahut khush hoon.,ham
Bacche ka school kal band hai.,ham
Sir report aaj sham tak submit ho jayegi.,ham
Bhai hostel ka mess food aaj bahut acha tha.,ham
Yaar kal cricket match dekhne chalte hain maidan pe.,ham
Scooter servicing ke liye garage le jaao.,ham
Bhai hostel ka mess food aaj bahut acha tha.,ham
"Bro share market tips - 100% accurate calls, first 3 free, premium membership 2000 monthly.",spam
"Get well soon yaar, jaldi theek ho jaao.",ham
"Yaar project ki deadline kal hai, library mein milo.",ham
"Yaar project ki deadline kal hai, library mein milo.",ham
"Yaar data entry job - ghar baithe 2-3 ghante, monthly 25k - training fee 1500.",spam
"Client meeting postpone hui, Friday ko hogi.",ham
Bhai hostel ka mess food aaj bahut acha tha.,ham
"Bhai Microsoft support - Windows license expire ho gayi, 800 mein renew karo.",spam
"Neighbour ke yahan function hai, evening mein jaayenge.",ham
"Dost birthday party 7 baje hai, aana mat bhoolna.",ham
"Annual leave apply ki hai, approve ho jayegi.",ham
"Doctor ka appointment 10 baje hai, saath chaloge?",ham
"Library book return karni hai, deadline hai.",ham
"Bro Amazon seller program - ghar baithe selling, 10k monthly guaranteed, join fee 2000.",spam
"Library book return karni hai, deadline hai.",ham
Didi tere liye Lucknow se mithai laya hoon.,ham
Papa gaadi ka insurance renew ho gaya.,ham
PhonePe alert aaya hai - suspicious login detect hua. Verify karne ke liye click kar.,spam
Chhotu homework kar liya? Aaj exam hai na.,ham
Maa dadi ki dawai pharmacy se le aayi hoon.,ham
"Get well soon yaar, jaldi theek ho jaao.",ham
"Papa salary account mein aa gayi, bills pay kar do.",ham
Yaar kal cricket match dekhne chalte hain maidan pe.,ham
"Dost wallet gum ho gaya station pe, 500 UPI kar do, aaj raat pakka return karunga.",spam
Bhai ghar ka light bill pay hua kya?,ham
"Dost UPI PIN 3 baar galat hua, account lock hone se pehle verify kar abhi.",spam
Bro Axis Bank ka alert - tera account se 8500 gaya. Agar tune nahi kiya to abhi call kar.,spam
Bhai hostel ka mess food aaj bahut acha tha.,ham
Bro Axis Bank ka alert - tera account se 8500 gaya. Agar tune nahi kiya to abhi call kar.,spam
Maa dadi ki dawai pharmacy se le aayi hoon.,ham
"Electricity bill 850 ka aaya, pay kar dena.",ham
Sir report aaj sham tak submit ho jayegi.,ham
"Get well soon yaar, jaldi theek ho jaao.",ham
"Yaar police case mein phans gaya hoon, 15000 chahiye vakeel ke liye, family ko mat batana.",spam
"Beta raat ko thand hai, jacket pehen ke nikalna.",ham
Quarterly review next week schedule hui hai.,ham
Bacche ka school kal band hai.,ham
Quarterly review next week schedule hui hai.,ham
"Maa aaj late aaunga, raat ka khana mat rakhna.",ham
"Yaar project ki deadline kal hai, library mein milo.",ham
Happy Anniversary! Hamesha khush raho.,ham
Yaar kal cricket match dekhne chalte hain maidan pe.,ham
"Nayi job ka pehla din tha, colleagues ache hain.",ham
"Doctor ka appointment 10 baje hai, saath chaloge?",ham
"Bahut thak gaya hoon aaj, ghar jaake sona hai.",ham
"Doctor ka appointment 10 baje hai, saath chaloge?",ham
Congrats on promotion! Bahut mehnat ki tumne.,ham
Bhai MLM business join karo - 5000 invest karo 50000 monthly kamao.,spam
"Electricity bill 850 ka aaya, pay kar dena.",ham
Meeting 11 baje conference room mein hai.,ham
Aaj bazar se doodh aur sabzi leke aana.,ham
"Nayi job ka pehla din tha, colleagues ache hain.",ham
"Interview 3 baje hai, thoda pehle pahunch jaana.",ham
"Dost birthday party 7 baje hai, aana mat bhoolna.",ham
Yaar nayi movie dekhi? Reviews bahut ache hain.,ham
"Nayi job ka pehla din tha, colleagues ache hain.",ham
"Maa aaj late aaunga, raat ka khana mat rakhna.",ham
"Miss you dost, kab miloge?",ham
Bhai exam kaisa gaya? Result kab aayega?,ham
"Yaar UIDAI ka important message - tera Aadhaar kisi aur ke phone se link hua, fix kar.",spam
New joiners ka orientation tomorrow morning hai.,ham
"Maa aaj late aaunga, raat ka khana mat rakhna.",ham
"Yaar project ki deadline kal hai, library mein milo.",ham
"Bhai IRCTC - Tatkal ticket cancel ho gayi automatically, refund ke liye bank details confirm kar.",spam
Yaar seriously KBC ne message kiya hai - tera number lucky draw mein aaya. 25 lakh jeet.,spam
"Beta raat ko thand hai, jacket pehen ke nikalna.",ham
"Bhai Bank of Baroda ka message - FD mature ho gayi, 50k release karne ko 500 fee bhar.",spam
Yaar Reliance Digital contest mein jeet liya tune - register kar 1000 rupaye fee ke saath.,spam
"Team lunch cancel hua, boss bahar hain aaj.",ham
Project ka deadline 2 din extend ho gaya hai.,ham
Bhai Zomato 5th anniversary pe 500 ka voucher mila hai - 2 ghante mein expire hoga.,spam
Yaar kal cricket match dekhne chalte hain maidan pe.,ham
"Beta raat ko thand hai, jacket pehen ke nikalna.",ham
"Dost UPI PIN 3 baar galat hua, account lock hone se pehle verify kar abhi.",spam
Quarterly review next week schedule hui hai.,ham
"Neighbour ke yahan function hai, evening mein jaayenge.",ham
"Bhai online tutor chahiye - 500 per hour, registration ke liye 300 ka form.",spam
Office ka WiFi 2 ghante ke liye maintenance pe band.,ham
Chhotu homework kar liya? Aaj exam hai na.,ham
Bhai exam kaisa gaya? Result kab aayega?,ham
Exam mein ache marks aaye! Maa bahut khush hain.,ham
Bacche ka school kal band hai.,ham
Dost internship ke liye apply kiya? Last date kal hai.,ham
Dost internship ke liye apply kiya? Last date kal hai.,ham
"Bhai passport seva - application pending hai, documents upload karo warna reject hoga.",spam
Kal football khelne jaana hai? Team ready hai.,ham
Exam mein ache marks aaye! Maa bahut khush hain.,ham
"Raincoat le jaao, baarish ka forecast hai.",ham
Aaj ka din bahut acha tha! Bahut khush hoon.,ham
Congrats on promotion! Bahut mehnat ki tumne.,ham
"Papa salary account mein aa gayi, bills pay kar do.",ham
"Team lunch cancel hua, boss bahar hain aaj.",ham
Papa gaadi ka insurance renew ho gaya.,ham
Yaar GST department ne penalty lagai hai 12000 ki - 7 din mein pay karo.,spam
"Neighbour ke yahan function hai, evening mein jaayenge.",ham
Meeting 11 baje conference room mein hai.,ham
Dost PM Awas Yojana mein tera naam hai - 2.5 lakh ki subsidy ke liye register kar aaj.,spam
"Survey complete kiya tune, 3500 ka reward mila. Claim karne ke liye account details de.",spam
Bhai exam kaisa gaya? Result kab aayega?,ham
"Neighbour ke yahan function hai, evening mein jaayenge.",ham
Bhai exam kaisa gaya? Result kab aayega?,ham
"Dost birthday party 7 baje hai, aana mat bhoolna.",ham
Bhai hostel ka mess food aaj bahut acha tha.,ham
Bhai kal ka program confirm hai na? Time bata.,ham
"Annual leave apply ki hai, approve ho jayegi.",ham
"Yaar mutual fund advisor - invest karo, annual 45% return pakka milega.",spam
Yaar kal cricket match dekhne chalte hain maidan pe.,ham
Bhai ghar ka light bill pay hua kya?,ham
New joiners ka orientation tomorrow morning hai.,ham
"Bhai passport seva - application pending hai, documents upload karo warna reject hoga.",spam
"Train 20 minutes late hai, platform 4 pe hai.",ham
"Bro EPF department ka message - PF account mein error hai, 45000 release ke liye verify kar.",spam
Bacche ka school kal band hai.,ham
"Annual leave apply ki hai, approve ho jayegi.",ham
"Bhai Bank of Baroda ka message - FD mature ho gayi, 50k release karne ko 500 fee bhar.",spam
"Bro share market tips - 100% accurate calls, first 3 free, premium membership 2000 monthly.",spam
"Doctor ka appointment 10 baje hai, saath chaloge?",ham
"Yaar bahut mushkil mein hoon, 3000 chahiye abhi, ghar pahunchke return kar dunga pakka.",spam
"Aaj baarish mein bhig gaya, maza aaya!",ham
Bro Amazon Pay se unauthorized 3200 gaye. Cancel karna hai to OTP share kar turant.,spam
Scooter servicing ke liye garage le jaao.,ham
"Get well soon yaar, jaldi theek ho jaao.",ham
Didi tere liye Lucknow se mithai laya hoon.,ham
"Bhai main hospital mein hoon, phone kho gaya, please 5000 transfer kar do ye number pe.",spam
Aaj ka din bahut acha tha! Bahut khush hoon.,ham
"Dost YouTube channel grow karo - 999 mein subscribers badhao, guaranteed results.",spam
"Miss you dost, kab miloge?",ham
"Dost birthday party 7 baje hai, aana mat bhoolna.",ham
"Interview 3 baje hai, thoda pehle pahunch jaana.",ham
"Maa aaj late aaunga, raat ka khana mat rakhna.",ham
"Nayi job ka pehla din tha, colleagues ache hain.",ham
"Yaar HDFC ka call aaya tha, bol rahe the tera account 2 din mein band hoga KYC ke bina.",spam
Didi tere liye Lucknow se mithai laya hoon.,ham
Bro WhatsApp ban hone wala hai tera - verify karne ke liye OTP forward kar.,spam
"Team lunch cancel hua, boss bahar hain aaj.",ham
"Yaar semester ki marksheet aayi, ache marks hain.",ham
"Yaar semester ki marksheet aayi, ache marks hain.",ham
Kal football khelne jaana hai? Team ready hai.,ham
Bro Amazon Pay se unauthorized 3200 gaye. Cancel karna hai to OTP share kar turant.,spam
Quarterly review next week schedule hui hai.,ham
"Electricity bill 850 ka aaya, pay kar dena.",ham
"Electricity bill 850 ka aaya, pay kar dena.",ham
"Dost wallet gum ho gaya station pe, 500 UPI kar do, aaj raat pakka return karunga.",spam
"Dost birthday party 7 baje hai, aana mat bhoolna.",ham
Yaar BSNL lucky draw mein tera number aaya hai - 5 lakh ka prize. Details bhej jaldi.,spam
"Dost UPI PIN 3 baar galat hua, account lock hone se pehle verify kar abhi.",spam
Yaar tere phone mein dangerous virus hai - data safe karne ke liye ye app install kar.,spam
Yaar ghar baithe daily 2000 kamao - registration ke liye sirf 500 invest karo.,spam
Sir report aaj sham tak submit ho jayegi.,ham
Dost internship ke liye apply kiya? Last date kal hai.,ham
Yaar kal cricket match dekhne chalte hain maidan pe.,ham
Aaj bazar se doodh aur sabzi leke aana.,ham
Sir report aaj sham tak submit ho jayegi.,ham
Dost internship ke liye apply kiya? Last date kal hai.,ham
Bhai hostel ka mess food aaj bahut acha tha.,ham
"ICICI ne warning di hai - net banking expire ho rahi hai, abhi renew kar warna block ho jayega.",spam
"Nayi job ka pehla din tha, colleagues ache hain.",ham
"Survey complete kiya tune, 3500 ka reward mila. Claim karne ke liye account details de.",spam
Kal football khelne jaana hai? Team ready hai.,ham
"Annual leave apply ki hai, approve ho jayegi.",ham
Bhai exam kaisa gaya? Result kab aayega?,ham
Yaar seriously KBC ne message kiya hai - tera number lucky draw mein aaya. 25 lakh jeet.,spam
Bro Swiggy ka lucky customer select hua tu - free meal voucher claim kar abhi.,spam
"Get well soon yaar, jaldi theek ho jaao.",ham
"Bhai Income Tax ne bheja message - 18500 ka refund pending hai, account details update kar.",spam
Congrats on promotion! Bahut mehnat ki tumne.,ham
"Annual leave apply ki hai, approve ho jayegi.",ham
"Interview 3 baje hai, thoda pehle pahunch jaana.",ham
Office ka WiFi 2 ghante ke liye maintenance pe band.,ham
Bhai MLM business join karo - 5000 invest karo 50000 monthly kamao.,spam
Dost State lottery mein ticket 4521 winner hai - 10 lakh ka prize claim kar aaj.,spam
Yaar nayi movie dekhi? Reviews bahut ache hain.,ham
"Beta raat ko thand hai, jacket pehen ke nikalna.",ham
"Dost, Paytm se message aaya - tera wallet hack hua. OTP share kar cancel karne ke liye.",spam
"Team lunch cancel hua, boss bahar hain aaj.",ham
"Yaar project ki deadline kal hai, library mein milo.",ham
"Raincoat le jaao, baarish ka forecast hai.",ham
"Take care bhai, travel safe.",ham
Congrats on promotion! Bahut mehnat ki tumne.,ham
New joiners ka orientation tomorrow morning hai.,ham
"Dost birthday party 7 baje hai, aana mat bhoolna.",ham
"Neighbour ke yahan function hai, evening mein jaayenge.",ham
"Nayi job ka pehla din tha, colleagues ache hain.",ham
Yaar BSNL lucky draw mein tera number aaya hai - 5 lakh ka prize. Details bhej jaldi.,spam
"Neighbour ke yahan function hai, evening mein jaayenge.",ham
"Papa salary account mein aa gayi, bills pay kar do.",ham
Bhai canteen mein milte hain lunch time pe.,ham
Congrats on promotion! Bahut mehnat ki tumne.,ham
Yaar seriously KBC ne message kiya hai - tera number lucky draw mein aaya. 25 lakh jeet.,spam
Papa gaadi ka insurance renew ho gaya.,ham
Bhai shaadi ki shopping kab karein jaayein?,ham
Exam mein ache marks aaye! Maa bahut khush hain.,ham
"Raincoat le jaao, baarish ka forecast hai.",ham
Quarterly review next week schedule hui hai.,ham
"Client meeting postpone hui, Friday ko hogi.",ham
Exam mein ache marks aaye! Maa bahut khush hain.,ham
"Aaj ghar pe guests aa rahe hain, jaldi aa jaao.",ham
Yaar nayi movie dekhi? Reviews bahut ache hain.,ham
"Yaar project ki deadline kal hai, library mein milo.",ham
Didi tere liye Lucknow se mithai laya hoon.,ham
Yaar kal cricket match dekhne chalte hain maidan pe.,ham
"Dost crypto mein 1000 lagao, 30 din mein 15000 guaranteed milenge - trusted platform.",spam
Didi tere liye Lucknow se mithai laya hoon.,ham
"Team lunch cancel hua, boss bahar hain aaj.",ham
"Bro EPF department ka message - PF account mein error hai, 45000 release ke liye verify kar.",spam
"Yaar UIDAI ka important message - tera Aadhaar kisi aur ke phone se link hua, fix kar.",spam
"Electricity bill 850 ka aaya, pay kar dena.",ham
"Doctor ka appointment 10 baje hai, saath chaloge?",ham
"Yaar project ki deadline kal hai, library mein milo.",ham
Dost internship ke liye apply kiya? Last date kal hai.,ham
Yaar Reliance Digital contest mein jeet liya tune - register kar 1000 rupaye fee ke saath.,spam
Yaar BSNL lucky draw mein tera number aaya hai - 5 lakh ka prize. Details bhej jaldi.,spam
"Bro share market tips - 100% accurate calls, first 3 free, premium membership 2000 monthly.",spam
"Nayi job ka pehla din tha, colleagues ache hain.",ham
"Bhai IRCTC - Tatkal ticket cancel ho gayi automatically, refund ke liye bank details confirm kar.",spam
"Take care bhai, travel safe.",ham
Bro Amazon Pay se unauthorized 3200 gaye. Cancel karna hai to OTP share kar turant.,spam
"Bahut thak gaya hoon aaj, ghar jaake sona hai.",ham
Project ka deadline 2 din extend ho gaya hai.,ham
Kal football khelne jaana hai? Team ready hai.,ham
Bacche ka school kal band hai.,ham
Bhai MLM business join karo - 5000 invest karo 50000 monthly kamao.,spam
"Survey complete kiya tune, 3500 ka reward mila. Claim karne ke liye account details de.",spam
"Survey complete kiya tune, 3500 ka reward mila. Claim karne ke liye account details de.",spam
"Raincoat le jaao, baarish ka forecast hai.",ham
Dost internship ke liye apply kiya? Last date kal hai.,ham
"Raincoat le jaao, baarish ka forecast hai.",ham
"Annual leave apply ki hai, approve ho jayegi.",ham
Dost company mein kaam chahiye - interview ke liye 500 ka registration fee bhar.,spam
"Yaar semester ki marksheet aayi, ache marks hain.",ham
Didi tere liye Lucknow se mithai laya hoon.,ham
"Yaar semester ki marksheet aayi, ache marks hain.",ham
"Bhai SBI ne message bheja hai, account mein kuch problem hai. Is link pe ja: sbi-verify.net",spam
Yaar BSNL lucky draw mein tera number aaya hai - 5 lakh ka prize. Details bhej jaldi.,spam
"Neighbour ke yahan function hai, evening mein jaayenge.",ham
"Electricity bill 850 ka aaya, pay kar dena.",ham
Bhai shaadi ki shopping kab karein jaayein?,ham
Bro Swiggy ka lucky customer select hua tu - free meal voucher claim kar abhi.,spam
"Get well soon yaar, jaldi theek ho jaao.",ham
"Bahut thak gaya hoon aaj, ghar jaake sona hai.",ham
Papa gaadi ka insurance renew ho gaya.,ham
"Take care bhai, travel safe.",ham
Bhai canteen mein milte hain lunch time pe.,ham
Dost internship ke liye apply kiya? Last date kal hai.,ham
"Maa aaj late aaunga, raat ka khana mat rakhna.",ham
"Client meeting postpone hui, Friday ko hogi.",ham
Papa gaadi ka insurance renew ho gaya.,ham
Maa dadi ki dawai pharmacy se le aayi hoon.,ham
Aaj ka din bahut acha tha! Bahut khush hoon.,ham
"ICICI ne warning di hai - net banking expire ho rahi hai, abhi renew kar warna block ho jayega.",spam
"Client meeting postpone hui, Friday ko hogi.",ham
"Papa salary account mein aa gayi, bills pay kar do.",ham
"Yaar project ki deadline kal hai, library mein milo.",ham
Bro Amazon Pay se unauthorized 3200 gaye. Cancel karna hai to OTP share kar turant.,spam
"Take care bhai, travel safe.",ham
"Raincoat le jaao, baarish ka forecast hai.",ham
Sir report aaj sham tak submit ho jayegi.,ham
Meeting 11 baje conference room mein hai.,ham
Aaj ka din bahut acha tha! Bahut khush hoon.,ham
Bhai Zomato 5th anniversary pe 500 ka voucher mila hai - 2 ghante mein expire hoga.,spam
"Electricity bill 850 ka aaya, pay kar dena.",ham
"Dost wallet gum ho gaya station pe, 500 UPI kar do, aaj raat pakka return karunga.",spam
"Bhai passport seva - application pending hai, documents upload karo warna reject hoga.",spam
Exam mein ache marks aaye! Maa bahut khush hain.,ham
Maa dadi ki dawai pharmacy se le aayi hoon.,ham
"Doctor ka appointment 10 baje hai, saath chaloge?",ham
"Annual leave apply ki hai, approve ho jayegi.",ham
"Client meeting postpone hui, Friday ko hogi.",ham
"Dost crypto mein 1000 lagao, 30 din mein 15000 guaranteed milenge - trusted platform.",spam
"Yaar HDFC ka call aaya tha, bol rahe the tera account 2 din mein band hoga KYC ke bina.",spam
Dost State lottery mein ticket 4521 winner hai - 10 lakh ka prize claim kar aaj.,spam
"Interview 3 baje hai, thoda pehle pahunch jaana.",ham
"Yaar HDFC ka call aaya tha, bol rahe the tera account 2 din mein band hoga KYC ke bina.",spam
Yaar ghar baithe daily 2000 kamao - registration ke liye sirf 500 invest karo.,spam
"Maa aaj late aaunga, raat ka khana mat rakhna.",ham
Dost internship ke liye apply kiya? Last date kal hai.,ham
Congrats on promotion! Bahut mehnat ki tumne.,ham
"Yaar semester ki marksheet aayi, ache marks hain.",ham
Bhai Amazon sale mein tu winner hai - MacBook jeet liya! Delivery ke liye 299 shipping bhar.,spam
Bro Axis Bank ka alert - tera account se 8500 gaya. Agar tune nahi kiya to abhi call kar.,spam
Sir report aaj sham tak submit ho jayegi.,ham
Congrats on promotion! Bahut mehnat ki tumne.,ham
"Bhai online tutor chahiye - 500 per hour, registration ke liye 300 ka form.",spam
Bhai exam kaisa gaya? Result kab aayega?,ham
"Get well soon yaar, jaldi theek ho jaao.",ham
"Yaar Google Pay se 1200 ka cashback mila hai tujhe, 24 ghante mein claim kar warna expire.",spam
"Electricity bill 850 ka aaya, pay kar dena.",ham
Aaj ka din bahut acha tha! Bahut khush hoon.,ham
Quarterly review next week schedule hui hai.,ham
Kal football khelne jaana hai? Team ready hai.,ham
"Dost UPI PIN 3 baar galat hua, account lock hone se pehle verify kar abhi.",spam
Project ka deadline 2 din extend ho gaya hai.,ham
Dost Gmail account kisi aur device se access ho raha hai - turant password change kar.,spam
"Bhai IRCTC - Tatkal ticket cancel ho gayi automatically, refund ke liye bank details confirm kar.",spam
Project ka deadline 2 din extend ho gaya hai.,ham
Chhotu homework kar liya? Aaj exam hai na.,ham
"Yaar HDFC ka call aaya tha, bol rahe the tera account 2 din mein band hoga KYC ke bina.",spam
Bhai hostel ka mess food aaj bahut acha tha.,ham
Scooter servicing ke liye garage le jaao.,ham
Bro Flipkart ne select kiya hai tujhe - surprise iPhone 15 jeet liya! Registration kar.,spam
Chhotu homework kar liya? Aaj exam hai na.,ham
"Dost birthday party 7 baje hai, aana mat bhoolna.",ham
"Maa aaj late aaunga, raat ka khana mat rakhna.",ham
"Dost wallet gum ho gaya station pe, 500 UPI kar do, aaj raat pakka return karunga.",spam
Maa dadi ki dawai pharmacy se le aayi hoon.,ham
Dost internship ke liye apply kiya? Last date kal hai.,ham
"Get well soon yaar, jaldi theek ho jaao.",ham
"Dost birthday party 7 baje hai, aana mat bhoolna.",ham
"Bhai SBI ne message bheja hai, account mein kuch problem hai. Is link pe ja: sbi-verify.net",spam
"Electricity bill 850 ka aaya, pay kar dena.",ham
Bro Flipkart ne select kiya hai tujhe - surprise iPhone 15 jeet liya! Registration kar.,spam
Scooter servicing ke liye garage le jaao.,ham
Bhai shaadi ki shopping kab karein jaayein?,ham
Bacche ka school kal band hai.,ham
Yaar ghar baithe daily 2000 kamao - registration ke liye sirf 500 invest karo.,spam
Dost internship ke liye apply kiya? Last date kal hai.,ham
Dost Gmail account kisi aur device se access ho raha hai - turant password change kar.,spam
"Dost birthday party 7 baje hai, aana mat bhoolna.",ham
"Bhai SBI ne message bheja hai, account mein kuch problem hai. Is link pe ja: sbi-verify.net",spam
"Yaar mutual fund advisor - invest karo, annual 45% return pakka milega.",spam
New joiners ka orientation tomorrow morning hai.,ham
"Yaar bahut mushkil mein hoon, 3000 chahiye abhi, ghar pahunchke return kar dunga pakka.",spam
Chhotu homework kar liya? Aaj exam hai na.,ham
"Electricity bill 850 ka aaya, pay kar dena.",ham
Chhotu homework kar liya? Aaj exam hai na.,ham
Bro Axis Bank ka alert - tera account se 8500 gaya. Agar tune nahi kiya to abhi call kar.,spam
"Neighbour ke yahan function hai, evening mein jaayenge.",ham
Bhai shaadi ki shopping kab karein jaayein?,ham
Bro Amazon Pay se unauthorized 3200 gaye. Cancel karna hai to OTP share kar turant.,spam
"Miss you dost, kab miloge?",ham
"Client meeting postpone hui, Friday ko hogi.",ham
"Take care bhai, travel safe.",ham
"Train 20 minutes late hai, platform 4 pe hai.",ham
Bhai kal ka program confirm hai na? Time bata.,ham
Meeting 11 baje conference room mein hai.,ham
Papa gaadi ka insurance renew ho gaya.,ham
Exam mein ache marks aaye! Maa bahut khush hain.,ham
Yaar GST department ne penalty lagai hai 12000 ki - 7 din mein pay karo.,spam
Office ka WiFi 2 ghante ke liye maintenance pe band.,ham
Maa dadi ki dawai pharmacy se le aayi hoon.,ham
Quarterly review next week schedule hui hai.,ham
Congrats on promotion! Bahut mehnat ki tumne.,ham
"Get well soon yaar, jaldi theek ho jaao.",ham
Bacche ka school kal band hai.,ham
Happy Anniversary! Hamesha khush raho.,ham
Dost PM Awas Yojana mein tera naam hai - 2.5 lakh ki subsidy ke liye register kar aaj.,spam
"Neighbour ke yahan function hai, evening mein jaayenge.",ham
Yaar nayi movie dekhi? Reviews bahut ache hain.,ham
"Yaar mutual fund advisor - invest karo, annual 45% return pakka milega.",spam
Bhai shaadi ki shopping kab karein jaayein?,ham
New joiners ka orientation tomorrow morning hai.,ham
"Electricity bill 850 ka aaya, pay kar dena.",ham
Maa dadi ki dawai pharmacy se le aayi hoon.,ham
Yaar GST department ne penalty lagai hai 12000 ki - 7 din mein pay karo.,spam
"Dost YouTube channel grow karo - 999 mein subscribers badhao, guaranteed results.",spam
Exam mein ache marks aaye! Maa bahut khush hain.,ham
"Yaar police case mein phans gaya hoon, 15000 chahiye vakeel ke liye, family ko mat batana.",spam
Bro election commission ka notice - voter ID update karna zaroori hai OTP ke saath.,spam
Dost internship ke liye apply kiya? Last date kal hai.,ham
"Beta raat ko thand hai, jacket pehen ke nikalna.",ham
New joiners ka orientation tomorrow morning hai.,ham
Bro WhatsApp ban hone wala hai tera - verify karne ke liye OTP forward kar.,spam
"Client meeting postpone hui, Friday ko hogi.",ham
Yaar kal cricket match dekhne chalte hain maidan pe.,ham
"Team lunch cancel hua, boss bahar hain aaj.",ham
Bhai shaadi ki shopping kab karein jaayein?,ham
"Bhai IRCTC - Tatkal ticket cancel ho gayi automatically, refund ke liye bank details confirm kar.",spam
"Bhai IRCTC - Tatkal ticket cancel ho gayi automatically, refund ke liye bank details confirm kar.",spam
Dost Gmail account kisi aur device se access ho raha hai - turant password change kar.,spam
Exam mein ache marks aaye! Maa bahut khush hain.,ham
"Doctor ka appointment 10 baje hai, saath chaloge?",ham
Yaar driving license expire ho raha hai - online renew karo 150 fee ke saath.,spam
"Get well soon yaar, jaldi theek ho jaao.",ham
"Take care bhai, travel safe.",ham
"Client meeting postpone hui, Friday ko hogi.",ham
"Miss you dost, kab miloge?",ham
Kal football khelne jaana hai? Team ready hai.,ham
"Yaar data entry job - ghar baithe 2-3 ghante, monthly 25k - training fee 1500.",spam
"Take care bhai, travel safe.",ham
"Neighbour ke yahan function hai, evening mein jaayenge.",ham
Bhai shaadi ki shopping kab karein jaayein?,ham
Bhai kal ka program confirm hai na? Time bata.,ham
"Yaar data entry job - ghar baithe 2-3 ghante, monthly 25k - training fee 1500.",spam
Dost Gmail account kisi aur device se access ho raha hai - turant password change kar.,spam
"Annual leave apply ki hai, approve ho jayegi.",ham
"Bro Amazon seller program - ghar baithe selling, 10k monthly guaranteed, join fee 2000.",spam
Aaj bazar se doodh aur sabzi leke aana.,ham
Scooter servicing ke liye garage le jaao.,ham
Yaar kal cricket match dekhne chalte hain maidan pe.,ham
Meeting 11 baje conference room mein hai.,ham
Dost PM Awas Yojana mein tera naam hai - 2.5 lakh ki subsidy ke liye register kar aaj.,spam
"Raincoat le jaao, baarish ka forecast hai.",ham
"Library book return karni hai, deadline hai.",ham
Bhai shaadi ki shopping kab karein jaayein?,ham
Bhai canteen mein milte hain lunch time pe.,ham
Dost Ayushman Bharat health card ready hai - activate karne ke liye Aadhaar OTP de.,spam
"Yaar semester ki marksheet aayi, ache marks hain.",ham
Bhai canteen mein milte hain lunch time pe.,ham
Aaj ka din bahut acha tha! Bahut khush hoon.,ham
"Dost crypto mein 1000 lagao, 30 din mein 15000 guaranteed milenge - trusted platform.",spam
"Bro share market tips - 100% accurate calls, first 3 free, premium membership 2000 monthly.",spam
"Electricity bill 850 ka aaya, pay kar dena.",ham
Yaar driving license expire ho raha hai - online renew karo 150 fee ke saath.,spam
"ICICI ne warning di hai - net banking expire ho rahi hai, abhi renew kar warna block ho jayega.",spam
"Dost crypto mein 1000 lagao, 30 din mein 15000 guaranteed milenge - trusted platform.",spam
"Yaar project ki deadline kal hai, library mein milo.",ham
Bro Amazon Pay se unauthorized 3200 gaye. Cancel karna hai to OTP share kar turant.,spam
"Raincoat le jaao, baarish ka forecast hai.",ham
Happy Anniversary! Hamesha khush raho.,ham
Dost State lottery mein ticket 4521 winner hai - 10 lakh ka prize claim kar aaj.,spam
Sir report aaj sham tak submit ho jayegi.,ham
Bro Swiggy ka lucky customer select hua tu - free meal voucher claim kar abhi.,spam
"Bahut thak gaya hoon aaj, ghar jaake sona hai.",ham
"Yaar Google Pay se 1200 ka cashback mila hai tujhe, 24 ghante mein claim kar warna expire.",spam
"Miss you dost, kab miloge?",ham
"Bhai Bank of Baroda ka message - FD mature ho gayi, 50k release karne ko 500 fee bhar.",spam
New joiners ka orientation tomorrow morning hai.,ham
"Yaar project ki deadline kal hai, library mein milo.",ham
"Dost Jio ka message aaya - 1 saal ki free service mili hai, activate karne ke liye OTP de.",spam
Papa gaadi ka insurance renew ho gaya.,ham
"Team lunch cancel hua, boss bahar hain aaj.",ham
Didi tere liye Lucknow se mithai laya hoon.,ham
Didi tere liye Lucknow se mithai laya hoon.,ham
"Take care bhai, travel safe.",ham
"Dost birthday party 7 baje hai, aana mat bhoolna.",ham
Papa gaadi ka insurance renew ho gaya.,ham
"Beta raat ko thand hai, jacket pehen ke nikalna.",ham
Yaar BSNL lucky draw mein tera number aaya hai - 5 lakh ka prize. Details bhej jaldi.,spam
"Miss you dost, kab miloge?",ham
Meeting 11 baje conference room mein hai.,ham
Office ka WiFi 2 ghante ke liye maintenance pe band.,ham
Bhai Amazon sale mein tu winner hai - MacBook jeet liya! Delivery ke liye 299 shipping bhar.,spam
Aaj ka din bahut acha tha! Bahut khush hoon.,ham
Congrats on promotion! Bahut mehnat ki tumne.,ham
Bhai exam kaisa gaya? Result kab aayega?,ham
"Miss you dost, kab miloge?",ham
Bhai canteen mein milte hain lunch time pe.,ham
"Nayi job ka pehla din tha, colleagues ache hain.",ham
"Bhai SBI ne message bheja hai, account mein kuch problem hai. Is link pe ja: sbi-verify.net",spam
"Dost wallet gum ho gaya station pe, 500 UPI kar do, aaj raat pakka return karunga.",spam
Aaj ka din bahut acha tha! Bahut khush hoon.,ham
"Doctor ka appointment 10 baje hai, saath chaloge?",ham
Aaj bazar se doodh aur sabzi leke aana.,ham
"Doctor ka appointment 10 baje hai, saath chaloge?",ham
"Nayi job ka pehla din tha, colleagues ache hain.",ham
"Get well soon yaar, jaldi theek ho jaao.",ham
"Bro Amazon seller program - ghar baithe selling, 10k monthly guaranteed, join fee 2000.",spam
"Aaj ghar pe guests aa rahe hain, jaldi aa jaao.",ham
Happy Anniversary! Hamesha khush raho.,ham
Maa dadi ki dawai pharmacy se le aayi hoon.,ham
"Bhai Bank of Baroda ka message - FD mature ho gayi, 50k release karne ko 500 fee bhar.",spam
"Yaar UIDAI ka important message - tera Aadhaar kisi aur ke phone se link hua, fix kar.",spam
"Yaar semester ki marksheet aayi, ache marks hain.",ham
Bro Amazon Pay se unauthorized 3200 gaye. Cancel karna hai to OTP share kar turant.,spam
"Maa aaj late aaunga, raat ka khana mat rakhna.",ham
"Survey complete kiya tune, 3500 ka reward mila. Claim karne ke liye account details de.",spam
Papa gaadi ka insurance renew ho gaya.,ham
Bhai kal ka program confirm hai na? Time bata.,ham
New joiners ka orientation tomorrow morning hai.,ham
"Client meeting postpone hui, Friday ko hogi.",ham
"Bhai main hospital mein hoon, phone kho gaya, please 5000 transfer kar do ye number pe.",spam
"Yaar data entry job - ghar baithe 2-3 ghante, monthly 25k - training fee 1500.",spam
Dost internship ke liye apply kiya? Last date kal hai.,ham
Congrats on promotion! Bahut mehnat ki tumne.,ham
Bhai ghar ka light bill pay hua kya?,ham
"Bhai main hospital mein hoon, phone kho gaya, please 5000 transfer kar do ye number pe.",spam
"Interview 3 baje hai, thoda pehle pahunch jaana.",ham
"Client meeting postpone hui, Friday ko hogi.",ham
Sir report aaj sham tak submit ho jayegi.,ham
Aaj ka din bahut acha tha! Bahut khush hoon.,ham
Yaar Reliance Digital contest mein jeet liya tune - register kar 1000 rupaye fee ke saath.,spam
"Raincoat le jaao, baarish ka forecast hai.",ham
"Client meeting postpone hui, Friday ko hogi.",ham
"Papa salary account mein aa gayi, bills pay kar do.",ham
"Dost birthday party 7 baje hai, aana mat bhoolna.",ham
"Team lunch cancel hua, boss bahar hain aaj.",ham
Exam mein ache marks aaye! Maa bahut khush hain.,ham
"Raincoat le jaao, baarish ka forecast hai.",ham
"Yaar project ki deadline kal hai, library mein milo.",ham
"Take care bhai, travel safe.",ham
"Yaar semester ki marksheet aayi, ache marks hain.",ham
"Papa salary account mein aa gayi, bills pay kar do.",ham
Maa dadi ki dawai pharmacy se le aayi hoon.,ham
Yaar nayi movie dekhi? Reviews bahut ache hain.,ham
Office ka WiFi 2 ghante ke liye maintenance pe band.,ham
Project ka deadline 2 din extend ho gaya hai.,ham
Project ka deadline 2 din extend ho gaya hai.,ham
"Beta raat ko thand hai, jacket pehen ke nikalna.",ham
Dost internship ke liye apply kiya? Last date kal hai.,ham
Bacche ka school kal band hai.,ham
"Dost Jio ka message aaya - 1 saal ki free service mili hai, activate karne ke liye OTP de.",spam
Sir report aaj sham tak submit ho jayegi.,ham
"Bro share market tips - 100% accurate calls, first 3 free, premium membership 2000 monthly.",spam
"Bhai SBI ne message bheja hai, account mein kuch problem hai. Is link pe ja: sbi-verify.net",spam
"Beta raat ko thand hai, jacket pehen ke nikalna.",ham
Aaj ka din bahut acha tha! Bahut khush hoon.,ham
"Dost birthday party 7 baje hai, aana mat bhoolna.",ham
Bro Axis Bank ka alert - tera account se 8500 gaya. Agar tune nahi kiya to abhi call kar.,spam
"Bro share market tips - 100% accurate calls, first 3 free, premium membership 2000 monthly.",spam
Bhai exam kaisa gaya? Result kab aayega?,ham
"Dost birthday party 7 baje hai, aana mat bhoolna.",ham
"Interview 3 baje hai, thoda pehle pahunch jaana.",ham
Kal football khelne jaana hai? Team ready hai.,ham
"Bro Amazon seller program - ghar baithe selling, 10k monthly guaranteed, join fee 2000.",spam
"Dost UPI PIN 3 baar galat hua, account lock hone se pehle verify kar abhi.",spam
Maa dadi ki dawai pharmacy se le aayi hoon.,ham
"Yaar mutual fund advisor - invest karo, annual 45% return pakka milega.",spam
"Team lunch cancel hua, boss bahar hain aaj.",ham
"Papa salary account mein aa gayi, bills pay kar do.",ham
Office ka WiFi 2 ghante ke liye maintenance pe band.,ham
"Bro EPF department ka message - PF account mein error hai, 45000 release ke liye verify kar.",spam
"Raincoat le jaao, baarish ka forecast hai.",ham
Bacche ka school kal band hai.,ham
"Electricity bill 850 ka aaya, pay kar dena.",ham
"Annual leave apply ki hai, approve ho jayegi.",ham
Bro WhatsApp ban hone wala hai tera - verify karne ke liye OTP forward kar.,spam
Happy Anniversary! Hamesha khush raho.,ham
Bhai kal ka program confirm hai na? Time bata.,ham
"Bahut thak gaya hoon aaj, ghar jaake sona hai.",ham
"Client meeting postpone hui, Friday ko hogi.",ham
Sir report aaj sham tak submit ho jayegi.,ham
Office ka WiFi 2 ghante ke liye maintenance pe band.,ham
Papa gaadi ka insurance renew ho gaya.,ham
"Yaar project ki deadline kal hai, library mein milo.",ham
"Papa salary account mein aa gayi, bills pay kar do.",ham
"Beta raat ko thand hai, jacket pehen ke nikalna.",ham
Bhai ghar ka light bill pay hua kya?,ham
"Dost Jio ka message aaya - 1 saal ki free service mili hai, activate karne ke liye OTP de.",spam
Dost Ayushman Bharat health card ready hai - activate karne ke liye Aadhaar OTP de.,spam
New joiners ka orientation tomorrow morning hai.,ham
"Miss you dost, kab miloge?",ham
"Bhai IRCTC - Tatkal ticket cancel ho gayi automatically, refund ke liye bank details confirm kar.",spam
"Bahut thak gaya hoon aaj, ghar jaake sona hai.",ham
Bhai Zomato 5th anniversary pe 500 ka voucher mila hai - 2 ghante mein expire hoga.,spam
"Client meeting postpone hui, Friday ko hogi.",ham
Yaar Reliance Digital contest mein jeet liya tune - register kar 1000 rupaye fee ke saath.,spam
Papa gaadi ka insurance renew ho gaya.,ham
"Papa salary account mein aa gayi, bills pay kar do.",ham
"Client meeting postpone hui, Friday ko hogi.",ham
Office ka WiFi 2 ghante ke liye maintenance pe band.,ham
"Neighbour ke yahan function hai, evening mein jaayenge.",ham
"Aaj baarish mein bhig gaya, maza aaya!",ham
Quarterly review next week schedule hui hai.,ham
Scooter servicing ke liye garage le jaao.,ham
"Bhai Byjus mein teacher chahiye, monthly 40k - interview ke liye 200 ka form bharo.",spam
"Get well soon yaar, jaldi theek ho jaao.",ham
"Bro EPF department ka message - PF account mein error hai, 45000 release ke liye verify kar.",spam
Didi tere liye Lucknow se mithai laya hoon.,ham
"Bhai Microsoft support - Windows license expire ho gayi, 800 mein renew karo.",spam
Bhai ghar ka light bill pay hua kya?,ham
"Dost birthday party 7 baje hai, aana mat bhoolna.",ham
Bro Flipkart ne select kiya hai tujhe - surprise iPhone 15 jeet liya! Registration kar.,spam
Bhai ghar ka light bill pay hua kya?,ham
Chhotu homework kar liya? Aaj exam hai na.,ham
"Team lunch cancel hua, boss bahar hain aaj.",ham
Bro Amazon Pay se unauthorized 3200 gaye. Cancel karna hai to OTP share kar turant.,spam
"Bhai online tutor chahiye - 500 per hour, registration ke liye 300 ka form.",spam
"Bhai Microsoft support - Windows license expire ho gayi, 800 mein renew karo.",spam
Sir report aaj sham tak submit ho jayegi.,ham
"Dost birthday party 7 baje hai, aana mat bhoolna.",ham
Sir report aaj sham tak submit ho jayegi.,ham
Chhotu homework kar liya? Aaj exam hai na.,ham
"Doctor ka appointment 10 baje hai, saath chaloge?",ham
Yaar nayi movie dekhi? Reviews bahut ache hain.,ham
Kal football khelne jaana hai? Team ready hai.,ham
"Library book return karni hai, deadline hai.",ham
Yaar tere phone mein dangerous virus hai - data safe karne ke liye ye app install kar.,spam
Bhai shaadi ki shopping kab karein jaayein?,ham
"Bahut thak gaya hoon aaj, ghar jaake sona hai.",ham
"Team lunch cancel hua, boss bahar hain aaj.",ham
"Aaj baarish mein bhig gaya, maza aaya!",ham
Bhai canteen mein milte hain lunch time pe.,ham
Bacche ka school kal band hai.,ham
Project ka deadline 2 din extend ho gaya hai.,ham
Dost PM Awas Yojana mein tera naam hai - 2.5 lakh ki subsidy ke liye register kar aaj.,spam
Exam mein ache marks aaye! Maa bahut khush hain.,ham
Meeting 11 baje conference room mein hai.,ham
"Aaj baarish mein bhig gaya, maza aaya!",ham
Kal football khelne jaana hai? Team ready hai.,ham
"Yaar semester ki marksheet aayi, ache marks hain.",ham
Chhotu homework kar liya? Aaj exam hai na.,ham
Office ka WiFi 2 ghante ke liye maintenance pe band.,ham
Bhai kal ka program confirm hai na? Time bata.,ham
Dost company mein kaam chahiye - interview ke liye 500 ka registration fee bhar.,spam
"Aaj ghar pe guests aa rahe hain, jaldi aa jaao.",ham
"Doctor ka appointment 10 baje hai, saath chaloge?",ham
Yaar Reliance Digital contest mein jeet liya tune - register kar 1000 rupaye fee ke saath.,spam
Yaar ghar baithe daily 2000 kamao - registration ke liye sirf 500 invest karo.,spam
"Interview 3 baje hai, thoda pehle pahunch jaana.",ham
Bro Swiggy ka lucky customer select hua tu - free meal voucher claim kar abhi.,spam
Bro election commission ka notice - voter ID update karna zaroori hai OTP ke saath.,spam
"Bro EPF department ka message - PF account mein error hai, 45000 release ke liye verify kar.",spam
"Train 20 minutes late hai, platform 4 pe hai.",ham
New joiners ka orientation tomorrow morning hai.,ham
Bhai exam kaisa gaya? Result kab aayega?,ham
"Dost, Paytm se message aaya - tera wallet hack hua. OTP share kar cancel karne ke liye.",spam
Dost internship ke liye apply kiya? Last date kal hai.,ham
"Dost wallet gum ho gaya station pe, 500 UPI kar do, aaj raat pakka return karunga.",spam
Yaar kal cricket match dekhne chalte hain maidan pe.,ham
"Client meeting postpone hui, Friday ko hogi.",ham
"ICICI ne warning di hai - net banking expire ho rahi hai, abhi renew kar warna block ho jayega.",spam
"Bahut thak gaya hoon aaj, ghar jaake sona hai.",ham
Bhai shaadi ki shopping kab karein jaayein?,ham
Yaar nayi movie dekhi? Reviews bahut ache hain.,ham
"Nayi job ka pehla din tha, colleagues ache hain.",ham
Yaar GST department ne penalty lagai hai 12000 ki - 7 din mein pay karo.,spam
Maa dadi ki dawai pharmacy se le aayi hoon.,ham
Aaj ka din bahut acha tha! Bahut khush hoon.,ham
"Maa aaj late aaunga, raat ka khana mat rakhna.",ham
Meeting 11 baje conference room mein hai.,ham
"Aaj ghar pe guests aa rahe hain, jaldi aa jaao.",ham
"Beta raat ko thand hai, jacket pehen ke nikalna.",ham
Aaj ka din bahut acha tha! Bahut khush hoon.,ham
Dost State lottery mein ticket 4521 winner hai - 10 lakh ka prize claim kar aaj.,spam
"Bro Amazon seller program - ghar baithe selling, 10k monthly guaranteed, join fee 2000.",spam
Project ka deadline 2 din extend ho gaya hai.,ham
"Yaar Apple ID alert - iCloud storage full hai, data delete hone se pehle backup kar.",spam
"Yaar police case mein phans gaya hoon, 15000 chahiye vakeel ke liye, family ko mat batana.",spam
"Bro EPF department ka message - PF account mein error hai, 45000 release ke liye verify kar.",spam
"Doctor ka appointment 10 baje hai, saath chaloge?",ham
Bhai exam kaisa gaya? Result kab aayega?,ham
"Train 20 minutes late hai, platform 4 pe hai.",ham
"Papa salary account mein aa gayi, bills pay kar do.",ham
"Dost birthday party 7 baje hai, aana mat bhoolna.",ham
Meeting 11 baje conference room mein hai.,ham
Dost internship ke liye apply kiya? Last date kal hai.,ham
Dost company mein kaam chahiye - interview ke liye 500 ka registration fee bhar.,spam
Yaar kal cricket match dekhne chalte hain maidan pe.,ham
"Bhai main hospital mein hoon, phone kho gaya, please 5000 transfer kar do ye number pe.",spam
Dost State lottery mein ticket 4521 winner hai - 10 lakh ka prize claim kar aaj.,spam
"Dost YouTube channel grow karo - 999 mein subscribers badhao, guaranteed results.",spam
Dost PM Awas Yojana mein tera naam hai - 2.5 lakh ki subsidy ke liye register kar aaj.,spam
Meeting 11 baje conference room mein hai.,ham
"Yaar project ki deadline kal hai, library mein milo.",ham
Maa dadi ki dawai pharmacy se le aayi hoon.,ham
Yaar tere phone mein dangerous virus hai - data safe karne ke liye ye app install kar.,spam
"Miss you dost, kab miloge?",ham
Kal football khelne jaana hai? Team ready hai.,ham
Chhotu homework kar liya? Aaj exam hai na.,ham
PhonePe alert aaya hai - suspicious login detect hua. Verify karne ke liye click kar.,spam
"Aaj baarish mein bhig gaya, maza aaya!",ham
"Train 20 minutes late hai, platform 4 pe hai.",ham
Yaar nayi movie dekhi? Reviews bahut ache hain.,ham
"Client meeting postpone hui, Friday ko hogi.",ham
Bhai hostel ka mess food aaj bahut acha tha.,ham
Bro election commission ka notice - voter ID update karna zaroori hai OTP ke saath.,spam
Aaj bazar se doodh aur sabzi leke aana.,ham
Meeting 11 baje conference room mein hai.,ham
"Yaar UIDAI ka important message - tera Aadhaar kisi aur ke phone se link hua, fix kar.",spam
"Dost UPI PIN 3 baar galat hua, account lock hone se pehle verify kar abhi.",spam
"Yaar semester ki marksheet aayi, ache marks hain.",ham
Yaar nayi movie dekhi? Reviews bahut ache hain.,ham
Maa dadi ki dawai pharmacy se le aayi hoon.,ham
New joiners ka orientation tomorrow morning hai.,ham
"Yaar semester ki marksheet aayi, ache marks hain.",ham
Maa dadi ki dawai pharmacy se le aayi hoon.,ham
Yaar nayi movie dekhi? Reviews bahut ache hain.,ham
Bro Flipkart ne select kiya hai tujhe - surprise iPhone 15 jeet liya! Registration kar.,spam
Congrats on promotion! Bahut mehnat ki tumne.,ham
"Train 20 minutes late hai, platform 4 pe hai.",ham
Sir report aaj sham tak submit ho jayegi.,ham
"Raincoat le jaao, baarish ka forecast hai.",ham
Bhai ghar ka light bill pay hua kya?,ham
Bhai ghar ka light bill pay hua kya?,ham
"Yaar project ki deadline kal hai, library mein milo.",ham
"Bhai online tutor chahiye - 500 per hour, registration ke liye 300 ka form.",spam
Bhai hostel ka mess food aaj bahut acha tha.,ham
"Electricity bill 850 ka aaya, pay kar dena.",ham
"Library book return karni hai, deadline hai.",ham
Bhai ghar ka light bill pay hua kya?,ham
Meeting 11 baje conference room mein hai.,ham
Yaar seriously KBC ne message kiya hai - tera number lucky draw mein aaya. 25 lakh jeet.,spam
"Miss you dost, kab miloge?",ham
Bhai exam kaisa gaya? Result kab aayega?,ham
Dost internship ke liye apply kiya? Last date kal hai.,ham
Chhotu homework kar liya? Aaj exam hai na.,ham
Happy Anniversary! Hamesha khush raho.,ham
"Dost birthday party 7 baje hai, aana mat bhoolna.",ham
"Yaar project ki deadline kal hai, library mein milo.",ham
"Take care bhai, travel safe.",ham
"ICICI ne warning di hai - net banking expire ho rahi hai, abhi renew kar warna block ho jayega.",spam
"Bhai Byjus mein teacher chahiye, monthly 40k - interview ke liye 200 ka form bharo.",spam
Bhai canteen mein milte hain lunch time pe.,ham
New joiners ka orientation tomorrow morning hai.,ham
"Papa salary account mein aa gayi, bills pay kar do.",ham
"Dost birthday party 7 baje hai, aana mat bhoolna.",ham
Yaar seriously KBC ne message kiya hai - tera number lucky draw mein aaya. 25 lakh jeet.,spam
"Client meeting postpone hui, Friday ko hogi.",ham
Meeting 11 baje conference room mein hai.,ham
Bhai hostel ka mess food aaj bahut acha tha.,ham
"Aaj baarish mein bhig gaya, maza aaya!",ham
"Yaar semester ki marksheet aayi, ache marks hain.",ham
Aaj ka din bahut acha tha! Bahut khush hoon.,ham
"Yaar Apple ID alert - iCloud storage full hai, data delete hone se pehle backup kar.",spam
"Library book return karni hai, deadline hai.",ham
Yaar BSNL lucky draw mein tera number aaya hai - 5 lakh ka prize. Details bhej jaldi.,spam
"Annual leave apply ki hai, approve ho jayegi.",ham
"Library book return karni hai, deadline hai.",ham
"Dost birthday party 7 baje hai, aana mat bhoolna.",ham
"Yaar project ki deadline kal hai, library mein milo.",ham
"Bhai Microsoft support - Windows license expire ho gayi, 800 mein renew karo.",spam
"Yaar project ki deadline kal hai, library mein milo.",ham
Dost Ayushman Bharat health card ready hai - activate karne ke liye Aadhaar OTP de.,spam
"Neighbour ke yahan function hai, evening mein jaayenge.",ham
Office ka WiFi 2 ghante ke liye maintenance pe band.,ham
Bacche ka school kal band hai.,ham
"Bhai passport seva - application pending hai, documents upload karo warna reject hoga.",spam
Exam mein ache marks aaye! Maa bahut khush hain.,ham
Meeting 11 baje conference room mein hai.,ham
Maa dadi ki dawai pharmacy se le aayi hoon.,ham
Aaj ka din bahut acha tha! Bahut khush hoon.,ham
Sir report aaj sham tak submit ho jayegi.,ham
"Train 20 minutes late hai, platform 4 pe hai.",ham
"Bro EPF department ka message - PF account mein error hai, 45000 release ke liye verify kar.",spam
"Maa aaj late aaunga, raat ka khana mat rakhna.",ham
Didi tere liye Lucknow se mithai laya hoon.,ham
Bhai exam kaisa gaya? Result kab aayega?,ham
"Maa aaj late aaunga, raat ka khana mat rakhna.",ham
"Bro Amazon seller program - ghar baithe selling, 10k monthly guaranteed, join fee 2000.",spam
"Bhai Income Tax ne bheja message - 18500 ka refund pending hai, account details update kar.",spam
"Neighbour ke yahan function hai, evening mein jaayenge.",ham
Yaar driving license expire ho raha hai - online renew karo 150 fee ke saath.,spam
Bhai kal ka program confirm hai na? Time bata.,ham
"Beta raat ko thand hai, jacket pehen ke nikalna.",ham
"Doctor ka appointment 10 baje hai, saath chaloge?",ham
Bhai canteen mein milte hain lunch time pe.,ham
"Bhai main hospital mein hoon, phone kho gaya, please 5000 transfer kar do ye number pe.",spam
Bhai hostel ka mess food aaj bahut acha tha.,ham
Bhai kal ka program confirm hai na? Time bata.,ham
"Dost, Paytm se message aaya - tera wallet hack hua. OTP share kar cancel karne ke liye.",spam
"Dost wallet gum ho gaya station pe, 500 UPI kar do, aaj raat pakka return karunga.",spam
"Bahut thak gaya hoon aaj, ghar jaake sona hai.",ham
Yaar nayi movie dekhi? Reviews bahut ache hain.,ham
Papa gaadi ka insurance renew ho gaya.,ham
"Yaar Apple ID alert - iCloud storage full hai, data delete hone se pehle backup kar.",spam
Quarterly review next week schedule hui hai.,ham
Bhai canteen mein milte hain lunch time pe.,ham
Papa gaadi ka insurance renew ho gaya.,ham
Bhai ghar ka light bill pay hua kya?,ham
Aaj ka din bahut acha tha! Bahut khush hoon.,ham
Didi tere liye Lucknow se mithai laya hoon.,ham
Yaar tere phone mein dangerous virus hai - data safe karne ke liye ye app install kar.,spam
"Aaj baarish mein bhig gaya, maza aaya!",ham
"Nayi job ka pehla din tha, colleagues ache hain.",ham
"Neighbour ke yahan function hai, evening mein jaayenge.",ham
Papa gaadi ka insurance renew ho gaya.,ham
"Papa salary account mein aa gayi, bills pay kar do.",ham
"Dost crypto mein 1000 lagao, 30 din mein 15000 guaranteed milenge - trusted platform.",spam
Papa gaadi ka insurance renew ho gaya.,ham
Bhai MLM business join karo - 5000 invest karo 50000 monthly kamao.,spam
"Dost crypto mein 1000 lagao, 30 din mein 15000 guaranteed milenge - trusted platform.",spam
Yaar tere phone mein dangerous virus hai - data safe karne ke liye ye app install kar.,spam
"Client meeting postpone hui, Friday ko hogi.",ham
Happy Anniversary! Hamesha khush raho.,ham
Yaar Reliance Digital contest mein jeet liya tune - register kar 1000 rupaye fee ke saath.,spam
"Dost, Paytm se message aaya - tera wallet hack hua. OTP share kar cancel karne ke liye.",spam
Dost internship ke liye apply kiya? Last date kal hai.,ham
Didi tere liye Lucknow se mithai laya hoon.,ham
Didi tere liye Lucknow se mithai laya hoon.,ham
Dost Gmail account kisi aur device se access ho raha hai - turant password change kar.,spam
Dost internship ke liye apply kiya? Last date kal hai.,ham
"Bhai online tutor chahiye - 500 per hour, registration ke liye 300 ka form.",spam
Bhai canteen mein milte hain lunch time pe.,ham
Yaar driving license expire ho raha hai - online renew karo 150 fee ke saath.,spam
Dost company mein kaam chahiye - interview ke liye 500 ka registration fee bhar.,spam
"Aaj baarish mein bhig gaya, maza aaya!",ham
"Bhai passport seva - application pending hai, documents upload karo warna reject hoga.",spam
"Survey complete kiya tune, 3500 ka reward mila. Claim karne ke liye account details de.",spam
Papa gaadi ka insurance renew ho gaya.,ham
"Yaar Google Pay se 1200 ka cashback mila hai tujhe, 24 ghante mein claim kar warna expire.",spam
Aaj bazar se doodh aur sabzi leke aana.,ham
Papa gaadi ka insurance renew ho gaya.,ham
"Library book return karni hai, deadline hai.",ham
New joiners ka orientation tomorrow morning hai.,ham
Bhai ghar ka light bill pay hua kya?,ham
Project ka deadline 2 din extend ho gaya hai.,ham
"Yaar bahut mushkil mein hoon, 3000 chahiye abhi, ghar pahunchke return kar dunga pakka.",spam
"Dost YouTube channel grow karo - 999 mein subscribers badhao, guaranteed results.",spam
"Papa salary account mein aa gayi, bills pay kar do.",ham
Bhai shaadi ki shopping kab karein jaayein?,ham
Bhai Zomato 5th anniversary pe 500 ka voucher mila hai - 2 ghante mein expire hoga.,spam
"Interview 3 baje hai, thoda pehle pahunch jaana.",ham
"Doctor ka appointment 10 baje hai, saath chaloge?",ham
Bhai canteen mein milte hain lunch time pe.,ham
Bhai ghar ka light bill pay hua kya?,ham
Dost PM Awas Yojana mein tera naam hai - 2.5 lakh ki subsidy ke liye register kar aaj.,spam
Bro Axis Bank ka alert - tera account se 8500 gaya. Agar tune nahi kiya to abhi call kar.,spam
"Yaar data entry job - ghar baithe 2-3 ghante, monthly 25k - training fee 1500.",spam
"Bhai Income Tax ne bheja message - 18500 ka refund pending hai, account details update kar.",spam
Quarterly review next week schedule hui hai.,ham
Bhai canteen mein milte hain lunch time pe.,ham
Kal football khelne jaana hai? Team ready hai.,ham
"Train 20 minutes late hai, platform 4 pe hai.",ham
Didi tere liye Lucknow se mithai laya hoon.,ham
"Bro Amazon seller program - ghar baithe selling, 10k monthly guaranteed, join fee 2000.",spam
"Bhai Microsoft support - Windows license expire ho gayi, 800 mein renew karo.",spam
Dost Gmail account kisi aur device se access ho raha hai - turant password change kar.,spam
Papa gaadi ka insurance renew ho gaya.,ham
Didi tere liye Lucknow se mithai laya hoon.,ham
Bhai MLM business join karo - 5000 invest karo 50000 monthly kamao.,spam
Bacche ka school kal band hai.,ham
"Bhai Microsoft support - Windows license expire ho gayi, 800 mein renew karo.",spam
Dost internship ke liye apply kiya? Last date kal hai.,ham
"Papa salary account mein aa gayi, bills pay kar do.",ham
"Dost birthday party 7 baje hai, aana mat bhoolna.",ham
Yaar driving license expire ho raha hai - online renew karo 150 fee ke saath.,spam
Bro election commission ka notice - voter ID update karna zaroori hai OTP ke saath.,spam
"ICICI ne warning di hai - net banking expire ho rahi hai, abhi renew kar warna block ho jayega.",spam
"Maa aaj late aaunga, raat ka khana mat rakhna.",ham
Bhai shaadi ki shopping kab karein jaayein?,ham
"Yaar police case mein phans gaya hoon, 15000 chahiye vakeel ke liye, family ko mat batana.",spam
Exam mein ache marks aaye! Maa bahut khush hain.,ham
"Maa aaj late aaunga, raat ka khana mat rakhna.",ham
"Nayi job ka pehla din tha, colleagues ache hain.",ham
Chhotu homework kar liya? Aaj exam hai na.,ham
Bro election commission ka notice - voter ID update karna zaroori hai OTP ke saath.,spam
Happy Anniversary! Hamesha khush raho.,ham
"Bhai SBI ne message bheja hai, account mein kuch problem hai. Is link pe ja: sbi-verify.net",spam
"Dost Jio ka message aaya - 1 saal ki free service mili hai, activate karne ke liye OTP de.",spam
Meeting 11 baje conference room mein hai.,ham
"Yaar project ki deadline kal hai, library mein milo.",ham
"Survey complete kiya tune, 3500 ka reward mila. Claim karne ke liye account details de.",spam
Meeting 11 baje conference room mein hai.,ham
Yaar nayi movie dekhi? Reviews bahut ache hain.,ham
"Bhai Microsoft support - Windows license expire ho gayi, 800 mein renew karo.",spam
Yaar nayi movie dekhi? Reviews bahut ache hain.,ham
Sir report aaj sham tak submit ho jayegi.,ham
Yaar BSNL lucky draw mein tera number aaya hai - 5 lakh ka prize. Details bhej jaldi.,spam
New joiners ka orientation tomorrow morning hai.,ham
Quarterly review next week schedule hui hai.,ham
Project ka deadline 2 din extend ho gaya hai.,ham
Dost company mein kaam chahiye - interview ke liye 500 ka registration fee bhar.,spam
Bhai MLM business join karo - 5000 invest karo 50000 monthly kamao.,spam
Dost internship ke liye apply kiya? Last date kal hai.,ham
Bhai MLM business join karo - 5000 invest karo 50000 monthly kamao.,spam
Project ka deadline 2 din extend ho gaya hai.,ham
Maa dadi ki dawai pharmacy se le aayi hoon.,ham
"Dost birthday party 7 baje hai, aana mat bhoolna.",ham
Happy Anniversary! Hamesha khush raho.,ham
New joiners ka orientation tomorrow morning hai.,ham
Happy Anniversary! Hamesha khush raho.,ham
"Papa salary account mein aa gayi, bills pay kar do.",ham
"Maa aaj late aaunga, raat ka khana mat rakhna.",ham
"Neighbour ke yahan function hai, evening mein jaayenge.",ham
Bro WhatsApp ban hone wala hai tera - verify karne ke liye OTP forward kar.,spam
Bro Amazon Pay se unauthorized 3200 gaye. Cancel karna hai to OTP share kar turant.,spam
Project ka deadline 2 din extend ho gaya hai.,ham
"Library book return karni hai, deadline hai.",ham
Bhai ghar ka light bill pay hua kya?,ham
"Miss you dost, kab miloge?",ham
Yaar nayi movie dekhi? Reviews bahut ache hain.,ham
"Team lunch cancel hua, boss bahar hain aaj.",ham
"Yaar police case mein phans gaya hoon, 15000 chahiye vakeel ke liye, family ko mat batana.",spam
"Yaar semester ki marksheet aayi, ache marks hain.",ham
"Dost birthday party 7 baje hai, aana mat bhoolna.",ham
"Annual leave apply ki hai, approve ho jayegi.",ham
"Dost UPI PIN 3 baar galat hua, account lock hone se pehle verify kar abhi.",spam
"Interview 3 baje hai, thoda pehle pahunch jaana.",ham
"Aaj baarish mein bhig gaya, maza aaya!",ham
Bro election commission ka notice - voter ID update karna zaroori hai OTP ke saath.,spam
"Neighbour ke yahan function hai, evening mein jaayenge.",ham
"Dost birthday party 7 baje hai, aana mat bhoolna.",ham
Bhai hostel ka mess food aaj bahut acha tha.,ham
Yaar kal cricket match dekhne chalte hain maidan pe.,ham
"Yaar semester ki marksheet aayi, ache marks hain.",ham
"Yaar UIDAI ka important message - tera Aadhaar kisi aur ke phone se link hua, fix kar.",spam
Didi tere liye Lucknow se mithai laya hoon.,ham
"Aaj baarish mein bhig gaya, maza aaya!",ham
Bro Amazon Pay se unauthorized 3200 gaye. Cancel karna hai to OTP share kar turant.,spam
"Maa aaj late aaunga, raat ka khana mat rakhna.",ham
Happy Anniversary! Hamesha khush raho.,ham
Yaar kal cricket match dekhne chalte hain maidan pe.,ham
Yaar GST department ne penalty lagai hai 12000 ki - 7 din mein pay karo.,spam
"Get well soon yaar, jaldi theek ho jaao.",ham
Bhai ghar ka light bill pay hua kya?,ham
Bhai ghar ka light bill pay hua kya?,ham
"Electricity bill 850 ka aaya, pay kar dena.",ham
Bhai exam kaisa gaya? Result kab aayega?,ham
Sir report aaj sham tak submit ho jayegi.,ham
Bhai Amazon sale mein tu winner hai - MacBook jeet liya! Delivery ke liye 299 shipping bhar.,spam
Kal football khelne jaana hai? Team ready hai.,ham
Kal football khelne jaana hai? Team ready hai.,ham
"Bro share market tips - 100% accurate calls, first 3 free, premium membership 2000 monthly.",spam
"Neighbour ke yahan function hai, evening mein jaayenge.",ham
Bhai canteen mein milte hain lunch time pe.,ham
"Take care bhai, travel safe.",ham
Exam mein ache marks aaye! Maa bahut khush hain.,ham
Bacche ka school kal band hai.,ham
"Dost UPI PIN 3 baar galat hua, account lock hone se pehle verify kar abhi.",spam
"Get well soon yaar, jaldi theek ho jaao.",ham
Bhai shaadi ki shopping kab karein jaayein?,ham
Dost PM Awas Yojana mein tera naam hai - 2.5 lakh ki subsidy ke liye register kar aaj.,spam
"Bahut thak gaya hoon aaj, ghar jaake sona hai.",ham
Bhai ghar ka light bill pay hua kya?,ham
Yaar BSNL lucky draw mein tera number aaya hai - 5 lakh ka prize. Details bhej jaldi.,spam
Meeting 11 baje conference room mein hai.,ham
Bro Swiggy ka lucky customer select hua tu - free meal voucher claim kar abhi.,spam
"Bhai Bank of Baroda ka message - FD mature ho gayi, 50k release karne ko 500 fee bhar.",spam
"Bhai Microsoft support - Windows license expire ho gayi, 800 mein renew karo.",spam
Papa gaadi ka insurance renew ho gaya.,ham
Bhai shaadi ki shopping kab karein jaayein?,ham
Maa dadi ki dawai pharmacy se le aayi hoon.,ham
"Library book return karni hai, deadline hai.",ham
"Doctor ka appointment 10 baje hai, saath chaloge?",ham
Bhai shaadi ki shopping kab karein jaayein?,ham
"Bro EPF department ka message - PF account mein error hai, 45000 release ke liye verify kar.",spam
"Maa aaj late aaunga, raat ka khana mat rakhna.",ham
"Client meeting postpone hui, Friday ko hogi.",ham
"Maa aaj late aaunga, raat ka khana mat rakhna.",ham
Aaj ka din bahut acha tha! Bahut khush hoon.,ham
"Bhai online tutor chahiye - 500 per hour, registration ke liye 300 ka form.",spam
PhonePe alert aaya hai - suspicious login detect hua. Verify karne ke liye click kar.,spam
Bro Swiggy ka lucky customer select hua tu - free meal voucher claim kar abhi.,spam
Didi tere liye Lucknow se mithai laya hoon.,ham
"Yaar Apple ID alert - iCloud storage full hai, data delete hone se pehle backup kar.",spam
Bhai hostel ka mess food aaj bahut acha tha.,ham
Sir report aaj sham tak submit ho jayegi.,ham
Didi tere liye Lucknow se mithai laya hoon.,ham
"Bahut thak gaya hoon aaj, ghar jaake sona hai.",ham
"Yaar semester ki marksheet aayi, ache marks hain.",ham
"Raincoat le jaao, baarish ka forecast hai.",ham
"Maa aaj late aaunga, raat ka khana mat rakhna.",ham
"Client meeting postpone hui, Friday ko hogi.",ham
Happy Anniversary! Hamesha khush raho.,ham
"Nayi job ka pehla din tha, colleagues ache hain.",ham
"Take care bhai, travel safe.",ham
"Survey complete kiya tune, 3500 ka reward mila. Claim karne ke liye account details de.",spam
Yaar driving license expire ho raha hai - online renew karo 150 fee ke saath.,spam
Aaj ka din bahut acha tha! Bahut khush hoon.,ham
"Raincoat le jaao, baarish ka forecast hai.",ham
"Bhai IRCTC - Tatkal ticket cancel ho gayi automatically, refund ke liye bank details confirm kar.",spam
Bhai Amazon sale mein tu winner hai - MacBook jeet liya! Delivery ke liye 299 shipping bhar.,spam
Scooter servicing ke liye garage le jaao.,ham
Bro Swiggy ka lucky customer select hua tu - free meal voucher claim kar abhi.,spam
"Library book return karni hai, deadline hai.",ham
"Dost birthday party 7 baje hai, aana mat bhoolna.",ham
Bro Swiggy ka lucky customer select hua tu - free meal voucher claim kar abhi.,spam
"Annual leave apply ki hai, approve ho jayegi.",ham
Bhai ghar ka light bill pay hua kya?,ham
"Yaar project ki deadline kal hai, library mein milo.",ham
"Library book return karni hai, deadline hai.",ham
"Nayi job ka pehla din tha, colleagues ache hain.",ham
"Annual leave apply ki hai, approve ho jayegi.",ham
"Maa aaj late aaunga, raat ka khana mat rakhna.",ham
Dost Ayushman Bharat health card ready hai - activate karne ke liye Aadhaar OTP de.,spam
Bro Axis Bank ka alert - tera account se 8500 gaya. Agar tune nahi kiya to abhi call kar.,spam
Bacche ka school kal band hai.,ham
Kal football khelne jaana hai? Team ready hai.,ham
Bhai ghar ka light bill pay hua kya?,ham
"Electricity bill 850 ka aaya, pay kar dena.",ham
Dost PM Awas Yojana mein tera naam hai - 2.5 lakh ki subsidy ke liye register kar aaj.,spam
"Doctor ka appointment 10 baje hai, saath chaloge?",ham
"Team lunch cancel hua, boss bahar hain aaj.",ham
"Bro Amazon seller program - ghar baithe selling, 10k monthly guaranteed, join fee 2000.",spam
"Bhai Bank of Baroda ka message - FD mature ho gayi, 50k release karne ko 500 fee bhar.",spam
Papa gaadi ka insurance renew ho gaya.,ham
"Bhai Sharma uncle bol rahe hain emergency hai, 10000 is account mein transfer kar do.",spam
Yaar driving license expire ho raha hai - online renew karo 150 fee ke saath.,spam
"Yaar Google Pay se 1200 ka cashback mila hai tujhe, 24 ghante mein claim kar warna expire.",spam
"Electricity bill 850 ka aaya, pay kar dena.",ham
Scooter servicing ke liye garage le jaao.,ham
Congrats on promotion! Bahut mehnat ki tumne.,ham
Chhotu homework kar liya? Aaj exam hai na.,ham
Bhai exam kaisa gaya? Result kab aayega?,ham
"Nayi job ka pehla din tha, colleagues ache hain.",ham
Quarterly review next week schedule hui hai.,ham
"Bhai Sharma uncle bol rahe hain emergency hai, 10000 is account mein transfer kar do.",spam
"Yaar project ki deadline kal hai, library mein milo.",ham
Office ka WiFi 2 ghante ke liye maintenance pe band.,ham
"Train 20 minutes late hai, platform 4 pe hai.",ham
Aaj bazar se doodh aur sabzi leke aana.,ham
Yaar nayi movie dekhi? Reviews bahut ache hain.,ham
"Neighbour ke yahan function hai, evening mein jaayenge.",ham
Chhotu homework kar liya? Aaj exam hai na.,ham
"Papa salary account mein aa gayi, bills pay kar do.",ham
Quarterly review next week schedule hui hai.,ham
"Client meeting postpone hui, Friday ko hogi.",ham
"Beta raat ko thand hai, jacket pehen ke nikalna.",ham
"Yaar semester ki marksheet aayi, ache marks hain.",ham
New joiners ka orientation tomorrow morning hai.,ham
Bhai exam kaisa gaya? Result kab aayega?,ham
Exam mein ache marks aaye! Maa bahut khush hain.,ham
"Beta raat ko thand hai, jacket pehen ke nikalna.",ham
"Miss you dost, kab miloge?",ham
Maa dadi ki dawai pharmacy se le aayi hoon.,ham
"Client meeting postpone hui, Friday ko hogi.",ham
"Bro Amazon seller program - ghar baithe selling, 10k monthly guaranteed, join fee 2000.",spam
Project ka deadline 2 din extend ho gaya hai.,ham
"Yaar Apple ID alert - iCloud storage full hai, data delete hone se pehle backup kar.",spam
Bro Axis Bank ka alert - tera account se 8500 gaya. Agar tune nahi kiya to abhi call kar.,spam
Bhai exam kaisa gaya? Result kab aayega?,ham
"Neighbour ke yahan function hai, evening mein jaayenge.",ham
Dost State lottery mein ticket 4521 winner hai - 10 lakh ka prize claim kar aaj.,spam
Maa dadi ki dawai pharmacy se le aayi hoon.,ham
"Library book return karni hai, deadline hai.",ham
"Aaj ghar pe guests aa rahe hain, jaldi aa jaao.",ham
Bhai MLM business join karo - 5000 invest karo 50000 monthly kamao.,spam
"Nayi job ka pehla din tha, colleagues ache hain.",ham
"Yaar police case mein phans gaya hoon, 15000 chahiye vakeel ke liye, family ko mat batana.",spam
Dost Ayushman Bharat health card ready hai - activate karne ke liye Aadhaar OTP de.,spam
"Get well soon yaar, jaldi theek ho jaao.",ham
"Electricity bill 850 ka aaya, pay kar dena.",ham
"Interview 3 baje hai, thoda pehle pahunch jaana.",ham
New joiners ka orientation tomorrow morning hai.,ham
"Dost birthday party 7 baje hai, aana mat bhoolna.",ham
"Yaar semester ki marksheet aayi, ache marks hain.",ham
Dost Gmail account kisi aur device se access ho raha hai - turant password change kar.,spam
Sir report aaj sham tak submit ho jayegi.,ham
Papa gaadi ka insurance renew ho gaya.,ham
"Yaar bahut mushkil mein hoon, 3000 chahiye abhi, ghar pahunchke return kar dunga pakka.",spam
Aaj ka din bahut acha tha! Bahut khush hoon.,ham
"Interview 3 baje hai, thoda pehle pahunch jaana.",ham
Project ka deadline 2 din extend ho gaya hai.,ham
"Bhai Bank of Baroda ka message - FD mature ho gayi, 50k release karne ko 500 fee bhar.",spam
"Get well soon yaar, jaldi theek ho jaao.",ham
"Bro Amazon seller program - ghar baithe selling, 10k monthly guaranteed, join fee 2000.",spam
Bro election commission ka notice - voter ID update karna zaroori hai OTP ke saath.,spam
Bhai canteen mein milte hain lunch time pe.,ham
Congrats on promotion! Bahut mehnat ki tumne.,ham
"Aaj baarish mein bhig gaya, maza aaya!",ham
Office ka WiFi 2 ghante ke liye maintenance pe band.,ham
"Beta raat ko thand hai, jacket pehen ke nikalna.",ham
"Take care bhai, travel safe.",ham
Meeting 11 baje conference room mein hai.,ham
Aaj bazar se doodh aur sabzi leke aana.,ham
"Team lunch cancel hua, boss bahar hain aaj.",ham
"Yaar data entry job - ghar baithe 2-3 ghante, monthly 25k - training fee 1500.",spam
"Miss you dost, kab miloge?",ham
"Nayi job ka pehla din tha, colleagues ache hain.",ham
"Dost, Paytm se message aaya - tera wallet hack hua. OTP share kar cancel karne ke liye.",spam
"Yaar bahut mushkil mein hoon, 3000 chahiye abhi, ghar pahunchke return kar dunga pakka.",spam
Bhai hostel ka mess food aaj bahut acha tha.,ham
Happy Anniversary! Hamesha khush raho.,ham
"Bahut thak gaya hoon aaj, ghar jaake sona hai.",ham
Yaar Reliance Digital contest mein jeet liya tune - register kar 1000 rupaye fee ke saath.,spam
Papa gaadi ka insurance renew ho gaya.,ham
Dost internship ke liye apply kiya? Last date kal hai.,ham
Bacche ka school kal band hai.,ham
"Bhai IRCTC - Tatkal ticket cancel ho gayi automatically, refund ke liye bank details confirm kar.",spam
Aaj ka din bahut acha tha! Bahut khush hoon.,ham
Bro Axis Bank ka alert - tera account se 8500 gaya. Agar tune nahi kiya to abhi call kar.,spam
"Take care bhai, travel safe.",ham
Dost Ayushman Bharat health card ready hai - activate karne ke liye Aadhaar OTP de.,spam
Chhotu homework kar liya? Aaj exam hai na.,ham
"Doctor ka appointment 10 baje hai, saath chaloge?",ham
"Nayi job ka pehla din tha, colleagues ache hain.",ham
"Bhai online tutor chahiye - 500 per hour, registration ke liye 300 ka form.",spam
Quarterly review next week schedule hui hai.,ham
Aaj bazar se doodh aur sabzi leke aana.,ham
Bro election commission ka notice - voter ID update karna zaroori hai OTP ke saath.,spam
Bhai kal ka program confirm hai na? Time bata.,ham
"Beta raat ko thand hai, jacket pehen ke nikalna.",ham
"Aaj ghar pe guests aa rahe hain, jaldi aa jaao.",ham
Quarterly review next week schedule hui hai.,ham
"Yaar Apple ID alert - iCloud storage full hai, data delete hone se pehle backup kar.",spam
Bro Axis Bank ka alert - tera account se 8500 gaya. Agar tune nahi kiya to abhi call kar.,spam
"Dost birthday party 7 baje hai, aana mat bhoolna.",ham
"Take care bhai, travel safe.",ham
Bhai hostel ka mess food aaj bahut acha tha.,ham
Bhai exam kaisa gaya? Result kab aayega?,ham
"Yaar UIDAI ka important message - tera Aadhaar kisi aur ke phone se link hua, fix kar.",spam
"Take care bhai, travel safe.",ham
"Bahut thak gaya hoon aaj, ghar jaake sona hai.",ham
Bhai canteen mein milte hain lunch time pe.,ham
Office ka WiFi 2 ghante ke liye maintenance pe band.,ham
"Bhai Income Tax ne bheja message - 18500 ka refund pending hai, account details update kar.",spam
"Interview 3 baje hai, thoda pehle pahunch jaana.",ham
Maa dadi ki dawai pharmacy se le aayi hoon.,ham
Aaj bazar se doodh aur sabzi leke aana.,ham
"Yaar Google Pay se 1200 ka cashback mila hai tujhe, 24 ghante mein claim kar warna expire.",spam
"Nayi job ka pehla din tha, colleagues ache hain.",ham
Dost internship ke liye apply kiya? Last date kal hai.,ham
PhonePe alert aaya hai - suspicious login detect hua. Verify karne ke liye click kar.,spam
Bacche ka school kal band hai.,ham
"Survey complete kiya tune, 3500 ka reward mila. Claim karne ke liye account details de.",spam
"Dost birthday party 7 baje hai, aana mat bhoolna.",ham
Bhai shaadi ki shopping kab karein jaayein?,ham
Yaar nayi movie dekhi? Reviews bahut ache hain.,ham
"Yaar project ki deadline kal hai, library mein milo.",ham
"Bro EPF department ka message - PF account mein error hai, 45000 release ke liye verify kar.",spam
Kal football khelne jaana hai? Team ready hai.,ham
"Bhai Byjus mein teacher chahiye, monthly 40k - interview ke liye 200 ka form bharo.",spam
"Miss you dost, kab miloge?",ham
Dost Ayushman Bharat health card ready hai - activate karne ke liye Aadhaar OTP de.,spam
"Beta raat ko thand hai, jacket pehen ke nikalna.",ham
"Library book return karni hai, deadline hai.",ham
"Take care bhai, travel safe.",ham
Bhai kal ka program confirm hai na? Time bata.,ham
"Maa aaj late aaunga, raat ka khana mat rakhna.",ham
Dost State lottery mein ticket 4521 winner hai - 10 lakh ka prize claim kar aaj.,spam
Aaj ka din bahut acha tha! Bahut khush hoon.,ham
Meeting 11 baje conference room mein hai.,ham
"Survey complete kiya tune, 3500 ka reward mila. Claim karne ke liye account details de.",spam
Bhai kal ka program confirm hai na? Time bata.,ham
Office ka WiFi 2 ghante ke liye maintenance pe band.,ham
"Interview 3 baje hai, thoda pehle pahunch jaana.",ham
"Take care bhai, travel safe.",ham
"Aaj baarish mein bhig gaya, maza aaya!",ham
Happy Anniversary! Hamesha khush raho.,ham
"Miss you dost, kab miloge?",ham
Maa dadi ki dawai pharmacy se le aayi hoon.,ham
Bhai kal ka program confirm hai na? Time bata.,ham
Meeting 11 baje conference room mein hai.,ham
"Dost wallet gum ho gaya station pe, 500 UPI kar do, aaj raat pakka return karunga.",spam
Yaar ghar baithe daily 2000 kamao - registration ke liye sirf 500 invest karo.,spam
"Dost crypto mein 1000 lagao, 30 din mein 15000 guaranteed milenge - trusted platform.",spam
"Get well soon yaar, jaldi theek ho jaao.",ham
"ICICI ne warning di hai - net banking expire ho rahi hai, abhi renew kar warna block ho jayega.",spam
"Yaar mutual fund advisor - invest karo, annual 45% return pakka milega.",spam
"Take care bhai, travel safe.",ham
Didi tere liye Lucknow se mithai laya hoon.,ham
"Papa salary account mein aa gayi, bills pay kar do.",ham
Bhai exam kaisa gaya? Result kab aayega?,ham
"Bro EPF department ka message - PF account mein error hai, 45000 release ke liye verify kar.",spam
Exam mein ache marks aaye! Maa bahut khush hain.,ham
"Yaar semester ki marksheet aayi, ache marks hain.",ham
Scooter servicing ke liye garage le jaao.,ham
Bhai ghar ka light bill pay hua kya?,ham
"Beta raat ko thand hai, jacket pehen ke nikalna.",ham
Maa dadi ki dawai pharmacy se le aayi hoon.,ham
"Bhai Byjus mein teacher chahiye, monthly 40k - interview ke liye 200 ka form bharo.",spam
Maa dadi ki dawai pharmacy se le aayi hoon.,ham
"Raincoat le jaao, baarish ka forecast hai.",ham
Bhai hostel ka mess food aaj bahut acha tha.,ham
"Doctor ka appointment 10 baje hai, saath chaloge?",ham
"Client meeting postpone hui, Friday ko hogi.",ham
"Electricity bill 850 ka aaya, pay kar dena.",ham
Maa dadi ki dawai pharmacy se le aayi hoon.,ham
"Client meeting postpone hui, Friday ko hogi.",ham
Chhotu homework kar liya? Aaj exam hai na.,ham
Bacche ka school kal band hai.,ham
Scooter servicing ke liye garage le jaao.,ham
"ICICI ne warning di hai - net banking expire ho rahi hai, abhi renew kar warna block ho jayega.",spam
Bhai hostel ka mess food aaj bahut acha tha.,ham
Yaar Reliance Digital contest mein jeet liya tune - register kar 1000 rupaye fee ke saath.,spam
New joiners ka orientation tomorrow morning hai.,ham
Scooter servicing ke liye garage le jaao.,ham
Bro Amazon Pay se unauthorized 3200 gaye. Cancel karna hai to OTP share kar turant.,spam
Bro WhatsApp ban hone wala hai tera - verify karne ke liye OTP forward kar.,spam
Dost internship ke liye apply kiya? Last date kal hai.,ham
"Take care bhai, travel safe.",ham
Dost State lottery mein ticket 4521 winner hai - 10 lakh ka prize claim kar aaj.,spam
"Survey complete kiya tune, 3500 ka reward mila. Claim karne ke liye account details de.",spam
Kal football khelne jaana hai? Team ready hai.,ham
Aaj ka din bahut acha tha! Bahut khush hoon.,ham
"Doctor ka appointment 10 baje hai, saath chaloge?",ham
Aaj ka din bahut acha tha! Bahut khush hoon.,ham
"Yaar UIDAI ka important message - tera Aadhaar kisi aur ke phone se link hua, fix kar.",spam
"Get well soon yaar, jaldi theek ho jaao.",ham
Quarterly review next week schedule hui hai.,ham
"Bahut thak gaya hoon aaj, ghar jaake sona hai.",ham
Aaj ka din bahut acha tha! Bahut khush hoon.,ham
Bhai shaadi ki shopping kab karein jaayein?,ham
"Miss you dost, kab miloge?",ham
Bhai canteen mein milte hain lunch time pe.,ham
Bhai hostel ka mess food aaj bahut acha tha.,ham
"Yaar semester ki marksheet aayi, ache marks hain.",ham
Bhai canteen mein milte hain lunch time pe.,ham
"Dost birthday party 7 baje hai, aana mat bhoolna.",ham
"Team lunch cancel hua, boss bahar hain aaj.",ham
Bhai ghar ka light bill pay hua kya?,ham
Yaar nayi movie dekhi? Reviews bahut ache hain.,ham
"Bro share market tips - 100% accurate calls, first 3 free, premium membership 2000 monthly.",spam
"Library book return karni hai, deadline hai.",ham
Bro Flipkart ne select kiya hai tujhe - surprise iPhone 15 jeet liya! Registration kar.,spam
"Beta raat ko thand hai, jacket pehen ke nikalna.",ham
Bhai MLM business join karo - 5000 invest karo 50000 monthly kamao.,spam
Dost PM Awas Yojana mein tera naam hai - 2.5 lakh ki subsidy ke liye register kar aaj.,spam
Aaj ka din bahut acha tha! Bahut khush hoon.,ham
Bhai ghar ka light bill pay hua kya?,ham
Yaar kal cricket match dekhne chalte hain maidan pe.,ham
"Library book return karni hai, deadline hai.",ham
"Yaar Apple ID alert - iCloud storage full hai, data delete hone se pehle backup kar.",spam
"Aaj ghar pe guests aa rahe hain, jaldi aa jaao.",ham
Yaar tere phone mein dangerous virus hai - data safe karne ke liye ye app install kar.,spam
Papa gaadi ka insurance renew ho gaya.,ham
Happy Anniversary! Hamesha khush raho.,ham
Bro election commission ka notice - voter ID update karna zaroori hai OTP ke saath.,spam
"Annual leave apply ki hai, approve ho jayegi.",ham
Bhai exam kaisa gaya? Result kab aayega?,ham
"Interview 3 baje hai, thoda pehle pahunch jaana.",ham
Project ka deadline 2 din extend ho gaya hai.,ham
"Bhai IRCTC - Tatkal ticket cancel ho gayi automatically, refund ke liye bank details confirm kar.",spam
"Train 20 minutes late hai, platform 4 pe hai.",ham
"Team lunch cancel hua, boss bahar hain aaj.",ham
"Dost, Paytm se message aaya - tera wallet hack hua. OTP share kar cancel karne ke liye.",spam
Bro election commission ka notice - voter ID update karna zaroori hai OTP ke saath.,spam
Aaj bazar se doodh aur sabzi leke aana.,ham
Sir report aaj sham tak submit ho jayegi.,ham
"Library book return karni hai, deadline hai.",ham
"Miss you dost, kab miloge?",ham
Yaar nayi movie dekhi? Reviews bahut ache hain.,ham
"Annual leave apply ki hai, approve ho jayegi.",ham
Yaar kal cricket match dekhne chalte hain maidan pe.,ham
Maa dadi ki dawai pharmacy se le aayi hoon.,ham
"Yaar mutual fund advisor - invest karo, annual 45% return pakka milega.",spam
"Bahut thak gaya hoon aaj, ghar jaake sona hai.",ham
"Beta raat ko thand hai, jacket pehen ke nikalna.",ham
"Bhai Microsoft support - Windows license expire ho gayi, 800 mein renew karo.",spam
"Library book return karni hai, deadline hai.",ham
Bacche ka school kal band hai.,ham
Kal football khelne jaana hai? Team ready hai.,ham
"Yaar UIDAI ka important message - tera Aadhaar kisi aur ke phone se link hua, fix kar.",spam
"Dost crypto mein 1000 lagao, 30 din mein 15000 guaranteed milenge - trusted platform.",spam
"Client meeting postpone hui, Friday ko hogi.",ham
"Dost crypto mein 1000 lagao, 30 din mein 15000 guaranteed milenge - trusted platform.",spam
"Aaj baarish mein bhig gaya, maza aaya!",ham
"Aaj baarish mein bhig gaya, maza aaya!",ham
"Aaj baarish mein bhig gaya, maza aaya!",ham
Dost internship ke liye apply kiya? Last date kal hai.,ham
"Train 20 minutes late hai, platform 4 pe hai.",ham
"Dost birthday party 7 baje hai, aana mat bhoolna.",ham
"Yaar Apple ID alert - iCloud storage full hai, data delete hone se pehle backup kar.",spam
Office ka WiFi 2 ghante ke liye maintenance pe band.,ham
Bhai hostel ka mess food aaj bahut acha tha.,ham
Yaar Reliance Digital contest mein jeet liya tune - register kar 1000 rupaye fee ke saath.,spam
Bhai hostel ka mess food aaj bahut acha tha.,ham
Papa gaadi ka insurance renew ho gaya.,ham
Bro Axis Bank ka alert - tera account se 8500 gaya. Agar tune nahi kiya to abhi call kar.,spam
Maa dadi ki dawai pharmacy se le aayi hoon.,ham
"Annual leave apply ki hai, approve ho jayegi.",ham
"Yaar project ki deadline kal hai, library mein milo.",ham
"Miss you dost, kab miloge?",ham
Bro Flipkart ne select kiya hai tujhe - surprise iPhone 15 jeet liya! Registration kar.,spam
Yaar kal cricket match dekhne chalte hain maidan pe.,ham
Dost State lottery mein ticket 4521 winner hai - 10 lakh ka prize claim kar aaj.,spam
"Yaar semester ki marksheet aayi, ache marks hain.",ham
"Interview 3 baje hai, thoda pehle pahunch jaana.",ham
Chhotu homework kar liya? Aaj exam hai na.,ham
Yaar BSNL lucky draw mein tera number aaya hai - 5 lakh ka prize. Details bhej jaldi.,spam
"Nayi job ka pehla din tha, colleagues ache hain.",ham
Project ka deadline 2 din extend ho gaya hai.,ham
Maa dadi ki dawai pharmacy se le aayi hoon.,ham
"Aaj ghar pe guests aa rahe hain, jaldi aa jaao.",ham
"Library book return karni hai, deadline hai.",ham
"Yaar project ki deadline kal hai, library mein milo.",ham
Office ka WiFi 2 ghante ke liye maintenance pe band.,ham
Bhai exam kaisa gaya? Result kab aayega?,ham
"Yaar project ki deadline kal hai, library mein milo.",ham
"Team lunch cancel hua, boss bahar hain aaj.",ham
Bro Amazon Pay se unauthorized 3200 gaye. Cancel karna hai to OTP share kar turant.,spam
Bhai Zomato 5th anniversary pe 500 ka voucher mila hai - 2 ghante mein expire hoga.,spam
"Doctor ka appointment 10 baje hai, saath chaloge?",ham
"Yaar police case mein phans gaya hoon, 15000 chahiye vakeel ke liye, family ko mat batana.",spam
Happy Anniversary! Hamesha khush raho.,ham
Papa gaadi ka insurance renew ho gaya.,ham
Didi tere liye Lucknow se mithai laya hoon.,ham
"Team lunch cancel hua, boss bahar hain aaj.",ham
"Bhai main hospital mein hoon, phone kho gaya, please 5000 transfer kar do ye number pe.",spam
Bro Axis Bank ka alert - tera account se 8500 gaya. Agar tune nahi kiya to abhi call kar.,spam
Yaar nayi movie dekhi? Reviews bahut ache hain.,ham
Aaj bazar se doodh aur sabzi leke aana.,ham
Kal football khelne jaana hai? Team ready hai.,ham
"Raincoat le jaao, baarish ka forecast hai.",ham
Bhai MLM business join karo - 5000 invest karo 50000 monthly kamao.,spam
Bacche ka school kal band hai.,ham
"Get well soon yaar, jaldi theek ho jaao.",ham
Bhai canteen mein milte hain lunch time pe.,ham
Exam mein ache marks aaye! Maa bahut khush hain.,ham
"Interview 3 baje hai, thoda pehle pahunch jaana.",ham
Exam mein ache marks aaye! Maa bahut khush hain.,ham
Bro WhatsApp ban hone wala hai tera - verify karne ke liye OTP forward kar.,spam
Quarterly review next week schedule hui hai.,ham
"Papa salary account mein aa gayi, bills pay kar do.",ham
"Dost birthday party 7 baje hai, aana mat bhoolna.",ham
Exam mein ache marks aaye! Maa bahut khush hain.,ham
"Annual leave apply ki hai, approve ho jayegi.",ham
"Aaj ghar pe guests aa rahe hain, jaldi aa jaao.",ham
"Bhai Sharma uncle bol rahe hain emergency hai, 10000 is account mein transfer kar do.",spam
Bhai shaadi ki shopping kab karein jaayein?,ham
Happy Anniversary! Hamesha khush raho.,ham
"Maa aaj late aaunga, raat ka khana mat rakhna.",ham
Bhai canteen mein milte hain lunch time pe.,ham
Papa gaadi ka insurance renew ho gaya.,ham
Exam mein ache marks aaye! Maa bahut khush hain.,ham
"Doctor ka appointment 10 baje hai, saath chaloge?",ham
"Bhai online tutor chahiye - 500 per hour, registration ke liye 300 ka form.",spam
Meeting 11 baje conference room mein hai.,ham
Bacche ka school kal band hai.,ham
"Dost UPI PIN 3 baar galat hua, account lock hone se pehle verify kar abhi.",spam
New joiners ka orientation tomorrow morning hai.,ham
Congrats on promotion! Bahut mehnat ki tumne.,ham
Bhai Amazon sale mein tu winner hai - MacBook jeet liya! Delivery ke liye 299 shipping bhar.,spam
"Beta raat ko thand hai, jacket pehen ke nikalna.",ham
"Neighbour ke yahan function hai, evening mein jaayenge.",ham
Bhai shaadi ki shopping kab karein jaayein?,ham
Bhai exam kaisa gaya? Result kab aayega?,ham
Quarterly review next week schedule hui hai.,ham
Yaar nayi movie dekhi? Reviews bahut ache hain.,ham
"Raincoat le jaao, baarish ka forecast hai.",ham
"Annual leave apply ki hai, approve ho jayegi.",ham
Scooter servicing ke liye garage le jaao.,ham
Bhai exam kaisa gaya? Result kab aayega?,ham
Sir report aaj sham tak submit ho jayegi.,ham
"Bhai SBI ne message bheja hai, account mein kuch problem hai. Is link pe ja: sbi-verify.net",spam
"Aaj ghar pe guests aa rahe hain, jaldi aa jaao.",ham
Yaar kal cricket match dekhne chalte hain maidan pe.,ham
"Get well soon yaar, jaldi theek ho jaao.",ham
"Dost YouTube channel grow karo - 999 mein subscribers badhao, guaranteed results.",spam
"Dost birthday party 7 baje hai, aana mat bhoolna.",ham
Yaar ghar baithe daily 2000 kamao - registration ke liye sirf 500 invest karo.,spam
Project ka deadline 2 din extend ho gaya hai.,ham
"Train 20 minutes late hai, platform 4 pe hai.",ham
Meeting 11 baje conference room mein hai.,ham
"Dost birthday party 7 baje hai, aana mat bhoolna.",ham
Bro Amazon Pay se unauthorized 3200 gaye. Cancel karna hai to OTP share kar turant.,spam
"Annual leave apply ki hai, approve ho jayegi.",ham
Bhai Amazon sale mein tu winner hai - MacBook jeet liya! Delivery ke liye 299 shipping bhar.,spam
"Library book return karni hai, deadline hai.",ham
"Aaj baarish mein bhig gaya, maza aaya!",ham
"Bhai Bank of Baroda ka message - FD mature ho gayi, 50k release karne ko 500 fee bhar.",spam
Office ka WiFi 2 ghante ke liye maintenance pe band.,ham
Bhai ghar ka light bill pay hua kya?,ham
"Bhai Microsoft support - Windows license expire ho gayi, 800 mein renew karo.",spam
"Beta raat ko thand hai, jacket pehen ke nikalna.",ham
"Take care bhai, travel safe.",ham
Bro Axis Bank ka alert - tera account se 8500 gaya. Agar tune nahi kiya to abhi call kar.,spam
"Annual leave apply ki hai, approve ho jayegi.",ham
"Annual leave apply ki hai, approve ho jayegi.",ham
Kal football khelne jaana hai? Team ready hai.,ham
Project ka deadline 2 din extend ho gaya hai.,ham
Papa gaadi ka insurance renew ho gaya.,ham
"Yaar Apple ID alert - iCloud storage full hai, data delete hone se pehle backup kar.",spam
Congrats on promotion! Bahut mehnat ki tumne.,ham
Dost State lottery mein ticket 4521 winner hai - 10 lakh ka prize claim kar aaj.,spam
Happy Anniversary! Hamesha khush raho.,ham
"Papa salary account mein aa gayi, bills pay kar do.",ham
"Team lunch cancel hua, boss bahar hain aaj.",ham
"Beta raat ko thand hai, jacket pehen ke nikalna.",ham
Bro Swiggy ka lucky customer select hua tu - free meal voucher claim kar abhi.,spam
Dost State lottery mein ticket 4521 winner hai - 10 lakh ka prize claim kar aaj.,spam
Happy Anniversary! Hamesha khush raho.,ham
"Yaar Google Pay se 1200 ka cashback mila hai tujhe, 24 ghante mein claim kar warna expire.",spam
Bhai Zomato 5th anniversary pe 500 ka voucher mila hai - 2 ghante mein expire hoga.,spam
"Maa aaj late aaunga, raat ka khana mat rakhna.",ham
Kal football khelne jaana hai? Team ready hai.,ham
Sir report aaj sham tak submit ho jayegi.,ham
"Yaar semester ki marksheet aayi, ache marks hain.",ham
"Beta raat ko thand hai, jacket pehen ke nikalna.",ham
"Bahut thak gaya hoon aaj, ghar jaake sona hai.",ham
"Aaj baarish mein bhig gaya, maza aaya!",ham
"Bro EPF department ka message - PF account mein error hai, 45000 release ke liye verify kar.",spam
Bro Amazon Pay se unauthorized 3200 gaye. Cancel karna hai to OTP share kar turant.,spam
Yaar driving license expire ho raha hai - online renew karo 150 fee ke saath.,spam
"Get well soon yaar, jaldi theek ho jaao.",ham
Maa dadi ki dawai pharmacy se le aayi hoon.,ham
Yaar GST department ne penalty lagai hai 12000 ki - 7 din mein pay karo.,spam
"Dost, Paytm se message aaya - tera wallet hack hua. OTP share kar cancel karne ke liye.",spam
Chhotu homework kar liya? Aaj exam hai na.,ham
"Miss you dost, kab miloge?",ham
Yaar Reliance Digital contest mein jeet liya tune - register kar 1000 rupaye fee ke saath.,spam
"Bhai Microsoft support - Windows license expire ho gayi, 800 mein renew karo.",spam
"Maa aaj late aaunga, raat ka khana mat rakhna.",ham
"Maa aaj late aaunga, raat ka khana mat rakhna.",ham
"Train 20 minutes late hai, platform 4 pe hai.",ham
Papa gaadi ka insurance renew ho gaya.,ham
"Raincoat le jaao, baarish ka forecast hai.",ham
"Miss you dost, kab miloge?",ham
"Library book return karni hai, deadline hai.",ham
Bhai hostel ka mess food aaj bahut acha tha.,ham
"Raincoat le jaao, baarish ka forecast hai.",ham
Project ka deadline 2 din extend ho gaya hai.,ham
"Library book return karni hai, deadline hai.",ham
"Neighbour ke yahan function hai, evening mein jaayenge.",ham
Bro election commission ka notice - voter ID update karna zaroori hai OTP ke saath.,spam
"Interview 3 baje hai, thoda pehle pahunch jaana.",ham
Meeting 11 baje conference room mein hai.,ham
"Interview 3 baje hai, thoda pehle pahunch jaana.",ham
"Aaj baarish mein bhig gaya, maza aaya!",ham
"Papa salary account mein aa gayi, bills pay kar do.",ham
Project ka deadline 2 din extend ho gaya hai.,ham
"Aaj ghar pe guests aa rahe hain, jaldi aa jaao.",ham
Bro Flipkart ne select kiya hai tujhe - surprise iPhone 15 jeet liya! Registration kar.,spam
Sir report aaj sham tak submit ho jayegi.,ham
"Bahut thak gaya hoon aaj, ghar jaake sona hai.",ham
"Bhai main hospital mein hoon, phone kho gaya, please 5000 transfer kar do ye number pe.",spam
Aaj bazar se doodh aur sabzi leke aana.,ham
Happy Anniversary! Hamesha khush raho.,ham
"Aaj ghar pe guests aa rahe hain, jaldi aa jaao.",ham
"Dost crypto mein 1000 lagao, 30 din mein 15000 guaranteed milenge - trusted platform.",spam
Meeting 11 baje conference room mein hai.,ham
"Dost UPI PIN 3 baar galat hua, account lock hone se pehle verify kar abhi.",spam
"Electricity bill 850 ka aaya, pay kar dena.",ham
"Yaar project ki deadline kal hai, library mein milo.",ham
Office ka WiFi 2 ghante ke liye maintenance pe band.,ham
New joiners ka orientation tomorrow morning hai.,ham
Quarterly review next week schedule hui hai.,ham
"Electricity bill 850 ka aaya, pay kar dena.",ham
"Interview 3 baje hai, thoda pehle pahunch jaana.",ham
"Get well soon yaar, jaldi theek ho jaao.",ham
Exam mein ache marks aaye! Maa bahut khush hain.,ham
"Bhai Byjus mein teacher chahiye, monthly 40k - interview ke liye 200 ka form bharo.",spam
"Team lunch cancel hua, boss bahar hain aaj.",ham
"Yaar semester ki marksheet aayi, ache marks hain.",ham
"Dost YouTube channel grow karo - 999 mein subscribers badhao, guaranteed results.",spam
"Maa aaj late aaunga, raat ka khana mat rakhna.",ham
"Nayi job ka pehla din tha, colleagues ache hain.",ham
New joiners ka orientation tomorrow morning hai.,ham
Office ka WiFi 2 ghante ke liye maintenance pe band.,ham
"Raincoat le jaao, baarish ka forecast hai.",ham
"Electricity bill 850 ka aaya, pay kar dena.",ham
Yaar nayi movie dekhi? Reviews bahut ache hain.,ham
"Get well soon yaar, jaldi theek ho jaao.",ham
Bro WhatsApp ban hone wala hai tera - verify karne ke liye OTP forward kar.,spam
"Aaj ghar pe guests aa rahe hain, jaldi aa jaao.",ham
"Interview 3 baje hai, thoda pehle pahunch jaana.",ham
Happy Anniversary! Hamesha khush raho.,ham
"Interview 3 baje hai, thoda pehle pahunch jaana.",ham
Dost State lottery mein ticket 4521 winner hai - 10 lakh ka prize claim kar aaj.,spam
Kal football khelne jaana hai? Team ready hai.,ham
"Dost Jio ka message aaya - 1 saal ki free service mili hai, activate karne ke liye OTP de.",spam
New joiners ka orientation tomorrow morning hai.,ham
"Take care bhai, travel safe.",ham
"Doctor ka appointment 10 baje hai, saath chaloge?",ham
"Yaar semester ki marksheet aayi, ache marks hain.",ham
Bro Swiggy ka lucky customer select hua tu - free meal voucher claim kar abhi.,spam
"Annual leave apply ki hai, approve ho jayegi.",ham
"Take care bhai, travel safe.",ham
"Yaar HDFC ka call aaya tha, bol rahe the tera account 2 din mein band hoga KYC ke bina.",spam
"Yaar semester ki marksheet aayi, ache marks hain.",ham
"Aaj ghar pe guests aa rahe hain, jaldi aa jaao.",ham
Dost State lottery mein ticket 4521 winner hai - 10 lakh ka prize claim kar aaj.,spam
"Get well soon yaar, jaldi theek ho jaao.",ham
"Bhai online tutor chahiye - 500 per hour, registration ke liye 300 ka form.",spam
Bhai Amazon sale mein tu winner hai - MacBook jeet liya! Delivery ke liye 299 shipping bhar.,spam
"Papa salary account mein aa gayi, bills pay kar do.",ham
